well_positions,concentration,cell_type,rfu,antiozonant,plate,time,timepoint,ozone_time
A10,50,CSE,26968,6PPD,Plate1,2024-02-15 10:46:33,1439,
A11,100,CSE,25454,6PPD,Plate1,2024-02-15 10:46:33,1439,
A12,200,CSE,24129,6PPD,Plate1,2024-02-15 10:46:33,1439,
A3,0,CSE,26690,6PPD,Plate1,2024-02-15 10:46:33,1439,
A4,0.1,CSE,25050,6PPD,Plate1,2024-02-15 10:46:33,1439,
A5,0.5,CSE,26053,6PPD,Plate1,2024-02-15 10:46:33,1439,
A6,1,CSE,26304,6PPD,Plate1,2024-02-15 10:46:33,1439,
A7,5,CSE,26407,6PPD,Plate1,2024-02-15 10:46:33,1439,
A8,10,CSE,27436,6PPD,Plate1,2024-02-15 10:46:33,1439,
A9,20,CSE,27189,6PPD,Plate1,2024-02-15 10:46:33,1439,
B10,50,CSE,24158,6PPD,Plate1,2024-02-15 10:46:33,1439,
B11,100,CSE,25928,6PPD,Plate1,2024-02-15 10:46:33,1439,
B12,200,CSE,28177,6PPD,Plate1,2024-02-15 10:46:33,1439,
B3,0,CSE,25170,6PPD,Plate1,2024-02-15 10:46:33,1439,
B4,0.1,CSE,23015,6PPD,Plate1,2024-02-15 10:46:33,1439,
B5,0.5,CSE,23864,6PPD,Plate1,2024-02-15 10:46:33,1439,
B6,1,CSE,24497,6PPD,Plate1,2024-02-15 10:46:33,1439,
B7,5,CSE,25164,6PPD,Plate1,2024-02-15 10:46:33,1439,
B8,10,CSE,24219,6PPD,Plate1,2024-02-15 10:46:33,1439,
B9,20,CSE,21005,6PPD,Plate1,2024-02-15 10:46:33,1439,
C10,50,CSE,23978,6PPD,Plate1,2024-02-15 10:46:33,1439,
C11,100,CSE,24546,6PPD,Plate1,2024-02-15 10:46:33,1439,
C12,200,CSE,23612,6PPD,Plate1,2024-02-15 10:46:33,1439,
C3,0,CSE,24180,6PPD,Plate1,2024-02-15 10:46:33,1439,
C4,0.1,CSE,24787,6PPD,Plate1,2024-02-15 10:46:33,1439,
C5,0.5,CSE,24652,6PPD,Plate1,2024-02-15 10:46:33,1439,
C6,1,CSE,24612,6PPD,Plate1,2024-02-15 10:46:33,1439,
C7,5,CSE,24515,6PPD,Plate1,2024-02-15 10:46:33,1439,
C8,10,CSE,24307,6PPD,Plate1,2024-02-15 10:46:33,1439,
C9,20,CSE,23891,6PPD,Plate1,2024-02-15 10:46:33,1439,
D10,50,CSE,24384,6PPD,Plate1,2024-02-15 10:46:33,1439,
D11,100,CSE,23844,6PPD,Plate1,2024-02-15 10:46:33,1439,
D12,200,CSE,23468,6PPD,Plate1,2024-02-15 10:46:33,1439,
D3,0,CSE,23409,6PPD,Plate1,2024-02-15 10:46:33,1439,
D4,0.1,CSE,23228,6PPD,Plate1,2024-02-15 10:46:33,1439,
D5,0.5,CSE,22335,6PPD,Plate1,2024-02-15 10:46:33,1439,
D6,1,CSE,40611,6PPD,Plate1,2024-02-15 10:46:33,1439,
D7,5,CSE,23868,6PPD,Plate1,2024-02-15 10:46:33,1439,
D8,10,CSE,24102,6PPD,Plate1,2024-02-15 10:46:33,1439,
D9,20,CSE,24413,6PPD,Plate1,2024-02-15 10:46:33,1439,
E10,50,CHSE,15057,6PPD,Plate1,2024-02-15 10:46:33,1439,
E11,100,CHSE,15511,6PPD,Plate1,2024-02-15 10:46:33,1439,
E12,200,CHSE,17478,6PPD,Plate1,2024-02-15 10:46:33,1439,
E3,0,CHSE,14815,6PPD,Plate1,2024-02-15 10:46:33,1439,
E4,0.1,CHSE,14341,6PPD,Plate1,2024-02-15 10:46:33,1439,
E5,0.5,CHSE,14405,6PPD,Plate1,2024-02-15 10:46:33,1439,
E6,1,CHSE,14309,6PPD,Plate1,2024-02-15 10:46:33,1439,
E7,5,CHSE,14345,6PPD,Plate1,2024-02-15 10:46:33,1439,
E8,10,CHSE,14731,6PPD,Plate1,2024-02-15 10:46:33,1439,
E9,20,CHSE,14443,6PPD,Plate1,2024-02-15 10:46:33,1439,
F10,50,CHSE,15325,6PPD,Plate1,2024-02-15 10:46:33,1439,
F11,100,CHSE,17954,6PPD,Plate1,2024-02-15 10:46:33,1439,
F12,200,CHSE,18601,6PPD,Plate1,2024-02-15 10:46:33,1439,
F3,0,CHSE,14567,6PPD,Plate1,2024-02-15 10:46:33,1439,
F4,0.1,CHSE,15214,6PPD,Plate1,2024-02-15 10:46:33,1439,
F5,0.5,CHSE,14790,6PPD,Plate1,2024-02-15 10:46:33,1439,
F6,1,CHSE,14813,6PPD,Plate1,2024-02-15 10:46:33,1439,
F7,5,CHSE,15355,6PPD,Plate1,2024-02-15 10:46:33,1439,
F8,10,CHSE,14940,6PPD,Plate1,2024-02-15 10:46:33,1439,
F9,20,CHSE,15599,6PPD,Plate1,2024-02-15 10:46:33,1439,
G10,50,CHSE,15100,6PPD,Plate1,2024-02-15 10:46:33,1439,
G11,100,CHSE,15470,6PPD,Plate1,2024-02-15 10:46:33,1439,
G12,200,CHSE,17265,6PPD,Plate1,2024-02-15 10:46:33,1439,
G3,0,CHSE,14151,6PPD,Plate1,2024-02-15 10:46:33,1439,
G4,0.1,CHSE,14959,6PPD,Plate1,2024-02-15 10:46:33,1439,
G5,0.5,CHSE,15203,6PPD,Plate1,2024-02-15 10:46:33,1439,
G6,1,CHSE,15005,6PPD,Plate1,2024-02-15 10:46:33,1439,
G7,5,CHSE,14942,6PPD,Plate1,2024-02-15 10:46:33,1439,
G8,10,CHSE,14611,6PPD,Plate1,2024-02-15 10:46:33,1439,
G9,20,CHSE,14512,6PPD,Plate1,2024-02-15 10:46:33,1439,
H10,50,CHSE,15503,6PPD,Plate1,2024-02-15 10:46:33,1439,
H11,100,CHSE,15891,6PPD,Plate1,2024-02-15 10:46:33,1439,
H12,200,CHSE,16568,6PPD,Plate1,2024-02-15 10:46:33,1439,
H3,0,CHSE,15054,6PPD,Plate1,2024-02-15 10:46:33,1439,
H4,0.1,CHSE,14896,6PPD,Plate1,2024-02-15 10:46:33,1439,
H5,0.5,CHSE,15206,6PPD,Plate1,2024-02-15 10:46:33,1439,
H6,1,CHSE,14787,6PPD,Plate1,2024-02-15 10:46:33,1439,
H7,5,CHSE,14901,6PPD,Plate1,2024-02-15 10:46:33,1439,
H8,10,CHSE,15299,6PPD,Plate1,2024-02-15 10:46:33,1439,
H9,20,CHSE,15899,6PPD,Plate1,2024-02-15 10:46:33,1439,
A10,50,RTG,39428,6PPD,Plate1,2024-06-13 10:18:42,1380,
A11,100,RTG,40095,6PPD,Plate1,2024-06-13 10:18:42,1380,
A12,200,RTG,40132,6PPD,Plate1,2024-06-13 10:18:42,1380,
A3,0,RTG,40474,6PPD,Plate1,2024-06-13 10:18:42,1380,
A4,0.1,RTG,41085,6PPD,Plate1,2024-06-13 10:18:42,1380,
A5,0.5,RTG,40808,6PPD,Plate1,2024-06-13 10:18:42,1380,
A6,1,RTG,39485,6PPD,Plate1,2024-06-13 10:18:42,1380,
A7,5,RTG,39362,6PPD,Plate1,2024-06-13 10:18:42,1380,
A8,10,RTG,40754,6PPD,Plate1,2024-06-13 10:18:42,1380,
A9,20,RTG,40017,6PPD,Plate1,2024-06-13 10:18:42,1380,
B10,50,RTG,35772,6PPD,Plate1,2024-06-13 10:18:42,1380,
B11,100,RTG,36588,6PPD,Plate1,2024-06-13 10:18:42,1380,
B12,200,RTG,39552,6PPD,Plate1,2024-06-13 10:18:42,1380,
B3,0,RTG,37312,6PPD,Plate1,2024-06-13 10:18:42,1380,
B4,0.1,RTG,35877,6PPD,Plate1,2024-06-13 10:18:42,1380,
B5,0.5,RTG,35925,6PPD,Plate1,2024-06-13 10:18:42,1380,
B6,1,RTG,36351,6PPD,Plate1,2024-06-13 10:18:42,1380,
B7,5,RTG,36284,6PPD,Plate1,2024-06-13 10:18:42,1380,
B8,10,RTG,36480,6PPD,Plate1,2024-06-13 10:18:42,1380,
B9,20,RTG,35735,6PPD,Plate1,2024-06-13 10:18:42,1380,
C10,50,RTG,35268,6PPD,Plate1,2024-06-13 10:18:42,1380,
C11,100,RTG,35655,6PPD,Plate1,2024-06-13 10:18:42,1380,
C12,200,RTG,38445,6PPD,Plate1,2024-06-13 10:18:42,1380,
C3,0,RTG,35708,6PPD,Plate1,2024-06-13 10:18:42,1380,
C4,0.1,RTG,34810,6PPD,Plate1,2024-06-13 10:18:42,1380,
C5,0.5,RTG,35638,6PPD,Plate1,2024-06-13 10:18:42,1380,
C6,1,RTG,35646,6PPD,Plate1,2024-06-13 10:18:42,1380,
C7,5,RTG,35501,6PPD,Plate1,2024-06-13 10:18:42,1380,
C8,10,RTG,34491,6PPD,Plate1,2024-06-13 10:18:42,1380,
C9,20,RTG,34070,6PPD,Plate1,2024-06-13 10:18:42,1380,
D10,50,RTG,39587,6PPD,Plate1,2024-06-13 10:18:42,1380,
D11,100,RTG,38752,6PPD,Plate1,2024-06-13 10:18:42,1380,
D12,200,RTG,39314,6PPD,Plate1,2024-06-13 10:18:42,1380,
D3,0,RTG,39228,6PPD,Plate1,2024-06-13 10:18:42,1380,
D4,0.1,RTG,39706,6PPD,Plate1,2024-06-13 10:18:42,1380,
D5,0.5,RTG,38649,6PPD,Plate1,2024-06-13 10:18:42,1380,
D6,1,RTG,38558,6PPD,Plate1,2024-06-13 10:18:42,1380,
D7,5,RTG,37697,6PPD,Plate1,2024-06-13 10:18:42,1380,
D8,10,RTG,37855,6PPD,Plate1,2024-06-13 10:18:42,1380,
D9,20,RTG,37718,6PPD,Plate1,2024-06-13 10:18:42,1380,
A10,50,CSE,26276,6PPD,Plate2,2024-02-15 10:51:34,1442,
A11,100,CSE,26191,6PPD,Plate2,2024-02-15 10:51:34,1442,
A12,200,CSE,25072,6PPD,Plate2,2024-02-15 10:51:34,1442,
A3,0,CSE,28354,6PPD,Plate2,2024-02-15 10:51:34,1442,
A4,0.1,CSE,27296,6PPD,Plate2,2024-02-15 10:51:34,1442,
A5,0.5,CSE,29005,6PPD,Plate2,2024-02-15 10:51:34,1442,
A6,1,CSE,28017,6PPD,Plate2,2024-02-15 10:51:34,1442,
A7,5,CSE,25661,6PPD,Plate2,2024-02-15 10:51:34,1442,
A8,10,CSE,25454,6PPD,Plate2,2024-02-15 10:51:34,1442,
A9,20,CSE,26474,6PPD,Plate2,2024-02-15 10:51:34,1442,
B10,50,CSE,23360,6PPD,Plate2,2024-02-15 10:51:34,1442,
B11,100,CSE,24716,6PPD,Plate2,2024-02-15 10:51:34,1442,
B12,200,CSE,24661,6PPD,Plate2,2024-02-15 10:51:34,1442,
B3,0,CSE,23853,6PPD,Plate2,2024-02-15 10:51:34,1442,
B4,0.1,CSE,26197,6PPD,Plate2,2024-02-15 10:51:34,1442,
B5,0.5,CSE,25421,6PPD,Plate2,2024-02-15 10:51:34,1442,
B6,1,CSE,24673,6PPD,Plate2,2024-02-15 10:51:34,1442,
B7,5,CSE,24582,6PPD,Plate2,2024-02-15 10:51:34,1442,
B8,10,CSE,24620,6PPD,Plate2,2024-02-15 10:51:34,1442,
B9,20,CSE,25192,6PPD,Plate2,2024-02-15 10:51:34,1442,
C10,50,CSE,23838,6PPD,Plate2,2024-02-15 10:51:34,1442,
C11,100,CSE,24538,6PPD,Plate2,2024-02-15 10:51:34,1442,
C12,200,CSE,25888,6PPD,Plate2,2024-02-15 10:51:34,1442,
C3,0,CSE,24332,6PPD,Plate2,2024-02-15 10:51:34,1442,
C4,0.1,CSE,25179,6PPD,Plate2,2024-02-15 10:51:34,1442,
C5,0.5,CSE,27159,6PPD,Plate2,2024-02-15 10:51:34,1442,
C6,1,CSE,23176,6PPD,Plate2,2024-02-15 10:51:34,1442,
C7,5,CSE,24935,6PPD,Plate2,2024-02-15 10:51:34,1442,
C8,10,CSE,24921,6PPD,Plate2,2024-02-15 10:51:34,1442,
C9,20,CSE,24777,6PPD,Plate2,2024-02-15 10:51:34,1442,
D10,50,CSE,24738,6PPD,Plate2,2024-02-15 10:51:34,1442,
D11,100,CSE,25235,6PPD,Plate2,2024-02-15 10:51:34,1442,
D12,200,CSE,23986,6PPD,Plate2,2024-02-15 10:51:34,1442,
D3,0,CSE,24506,6PPD,Plate2,2024-02-15 10:51:34,1442,
D4,0.1,CSE,25415,6PPD,Plate2,2024-02-15 10:51:34,1442,
D5,0.5,CSE,26789,6PPD,Plate2,2024-02-15 10:51:34,1442,
D6,1,CSE,25921,6PPD,Plate2,2024-02-15 10:51:34,1442,
D7,5,CSE,24469,6PPD,Plate2,2024-02-15 10:51:34,1442,
D8,10,CSE,25950,6PPD,Plate2,2024-02-15 10:51:34,1442,
D9,20,CSE,24939,6PPD,Plate2,2024-02-15 10:51:34,1442,
E10,50,CHSE,15220,6PPD,Plate2,2024-02-15 10:51:34,1442,
E11,100,CHSE,15692,6PPD,Plate2,2024-02-15 10:51:34,1442,
E12,200,CHSE,16847,6PPD,Plate2,2024-02-15 10:51:34,1442,
E3,0,CHSE,15453,6PPD,Plate2,2024-02-15 10:51:34,1442,
E4,0.1,CHSE,14709,6PPD,Plate2,2024-02-15 10:51:34,1442,
E5,0.5,CHSE,14858,6PPD,Plate2,2024-02-15 10:51:34,1442,
E6,1,CHSE,14537,6PPD,Plate2,2024-02-15 10:51:34,1442,
E7,5,CHSE,14669,6PPD,Plate2,2024-02-15 10:51:34,1442,
E8,10,CHSE,14578,6PPD,Plate2,2024-02-15 10:51:34,1442,
E9,20,CHSE,14620,6PPD,Plate2,2024-02-15 10:51:34,1442,
F10,50,CHSE,15151,6PPD,Plate2,2024-02-15 10:51:34,1442,
F11,100,CHSE,15178,6PPD,Plate2,2024-02-15 10:51:34,1442,
F12,200,CHSE,17226,6PPD,Plate2,2024-02-15 10:51:34,1442,
F3,0,CHSE,14986,6PPD,Plate2,2024-02-15 10:51:34,1442,
F4,0.1,CHSE,14707,6PPD,Plate2,2024-02-15 10:51:34,1442,
F5,0.5,CHSE,14685,6PPD,Plate2,2024-02-15 10:51:34,1442,
F6,1,CHSE,14894,6PPD,Plate2,2024-02-15 10:51:34,1442,
F7,5,CHSE,14714,6PPD,Plate2,2024-02-15 10:51:34,1442,
F8,10,CHSE,14833,6PPD,Plate2,2024-02-15 10:51:34,1442,
F9,20,CHSE,15508,6PPD,Plate2,2024-02-15 10:51:34,1442,
G10,50,CHSE,15572,6PPD,Plate2,2024-02-15 10:51:34,1442,
G11,100,CHSE,17131,6PPD,Plate2,2024-02-15 10:51:34,1442,
G12,200,CHSE,16790,6PPD,Plate2,2024-02-15 10:51:34,1442,
G3,0,CHSE,14937,6PPD,Plate2,2024-02-15 10:51:34,1442,
G4,0.1,CHSE,15068,6PPD,Plate2,2024-02-15 10:51:34,1442,
G5,0.5,CHSE,15470,6PPD,Plate2,2024-02-15 10:51:34,1442,
G6,1,CHSE,15604,6PPD,Plate2,2024-02-15 10:51:34,1442,
G7,5,CHSE,15049,6PPD,Plate2,2024-02-15 10:51:34,1442,
G8,10,CHSE,15384,6PPD,Plate2,2024-02-15 10:51:34,1442,
G9,20,CHSE,15711,6PPD,Plate2,2024-02-15 10:51:34,1442,
H10,50,CHSE,16495,6PPD,Plate2,2024-02-15 10:51:34,1442,
H11,100,CHSE,16184,6PPD,Plate2,2024-02-15 10:51:34,1442,
H12,200,CHSE,17387,6PPD,Plate2,2024-02-15 10:51:34,1442,
H3,0,CHSE,16255,6PPD,Plate2,2024-02-15 10:51:34,1442,
H4,0.1,CHSE,15709,6PPD,Plate2,2024-02-15 10:51:34,1442,
H5,0.5,CHSE,16130,6PPD,Plate2,2024-02-15 10:51:34,1442,
H6,1,CHSE,15520,6PPD,Plate2,2024-02-15 10:51:34,1442,
H7,5,CHSE,15601,6PPD,Plate2,2024-02-15 10:51:34,1442,
H8,10,CHSE,16678,6PPD,Plate2,2024-02-15 10:51:34,1442,
H9,20,CHSE,16383,6PPD,Plate2,2024-02-15 10:51:34,1442,
A10,50,RTG,40049,6PPD,Plate2,2024-06-13 10:21:16,1380,
A11,100,RTG,39952,6PPD,Plate2,2024-06-13 10:21:16,1380,
A12,200,RTG,38424,6PPD,Plate2,2024-06-13 10:21:16,1380,
A3,0,RTG,40589,6PPD,Plate2,2024-06-13 10:21:16,1380,
A4,0.1,RTG,40521,6PPD,Plate2,2024-06-13 10:21:16,1380,
A5,0.5,RTG,42131,6PPD,Plate2,2024-06-13 10:21:16,1380,
A6,1,RTG,40007,6PPD,Plate2,2024-06-13 10:21:16,1380,
A7,5,RTG,41176,6PPD,Plate2,2024-06-13 10:21:16,1380,
A8,10,RTG,39940,6PPD,Plate2,2024-06-13 10:21:16,1380,
A9,20,RTG,39827,6PPD,Plate2,2024-06-13 10:21:16,1380,
B10,50,RTG,36002,6PPD,Plate2,2024-06-13 10:21:16,1380,
B11,100,RTG,39190,6PPD,Plate2,2024-06-13 10:21:16,1380,
B12,200,RTG,39913,6PPD,Plate2,2024-06-13 10:21:16,1380,
B3,0,RTG,37576,6PPD,Plate2,2024-06-13 10:21:16,1380,
B4,0.1,RTG,38088,6PPD,Plate2,2024-06-13 10:21:16,1380,
B5,0.5,RTG,37388,6PPD,Plate2,2024-06-13 10:21:16,1380,
B6,1,RTG,35978,6PPD,Plate2,2024-06-13 10:21:16,1380,
B7,5,RTG,39162,6PPD,Plate2,2024-06-13 10:21:16,1380,
B8,10,RTG,37195,6PPD,Plate2,2024-06-13 10:21:16,1380,
B9,20,RTG,37484,6PPD,Plate2,2024-06-13 10:21:16,1380,
C10,50,RTG,34946,6PPD,Plate2,2024-06-13 10:21:16,1380,
C11,100,RTG,38095,6PPD,Plate2,2024-06-13 10:21:16,1380,
C12,200,RTG,40554,6PPD,Plate2,2024-06-13 10:21:16,1380,
C3,0,RTG,37503,6PPD,Plate2,2024-06-13 10:21:16,1380,
C4,0.1,RTG,37713,6PPD,Plate2,2024-06-13 10:21:16,1380,
C5,0.5,RTG,35782,6PPD,Plate2,2024-06-13 10:21:16,1380,
C6,1,RTG,36718,6PPD,Plate2,2024-06-13 10:21:16,1380,
C7,5,RTG,38097,6PPD,Plate2,2024-06-13 10:21:16,1380,
C8,10,RTG,36021,6PPD,Plate2,2024-06-13 10:21:16,1380,
C9,20,RTG,36646,6PPD,Plate2,2024-06-13 10:21:16,1380,
D10,50,RTG,39314,6PPD,Plate2,2024-06-13 10:21:16,1380,
D11,100,RTG,37625,6PPD,Plate2,2024-06-13 10:21:16,1380,
D12,200,RTG,37219,6PPD,Plate2,2024-06-13 10:21:16,1380,
D3,0,RTG,39264,6PPD,Plate2,2024-06-13 10:21:16,1380,
D4,0.1,RTG,39202,6PPD,Plate2,2024-06-13 10:21:16,1380,
D5,0.5,RTG,39658,6PPD,Plate2,2024-06-13 10:21:16,1380,
D6,1,RTG,39942,6PPD,Plate2,2024-06-13 10:21:16,1380,
D7,5,RTG,40414,6PPD,Plate2,2024-06-13 10:21:16,1380,
D8,10,RTG,38173,6PPD,Plate2,2024-06-13 10:21:16,1380,
D9,20,RTG,39359,6PPD,Plate2,2024-06-13 10:21:16,1380,
A10,50,CSE,26446,6PPD,Plate3,2024-02-15 10:53:38,1442,
A11,100,CSE,26469,6PPD,Plate3,2024-02-15 10:53:38,1442,
A12,200,CSE,26731,6PPD,Plate3,2024-02-15 10:53:38,1442,
A3,0,CSE,27119,6PPD,Plate3,2024-02-15 10:53:38,1442,
A4,0.1,CSE,27073,6PPD,Plate3,2024-02-15 10:53:38,1442,
A5,0.5,CSE,27176,6PPD,Plate3,2024-02-15 10:53:38,1442,
A6,1,CSE,26173,6PPD,Plate3,2024-02-15 10:53:38,1442,
A7,5,CSE,26670,6PPD,Plate3,2024-02-15 10:53:38,1442,
A8,10,CSE,28105,6PPD,Plate3,2024-02-15 10:53:38,1442,
A9,20,CSE,27012,6PPD,Plate3,2024-02-15 10:53:38,1442,
B10,50,CSE,24914,6PPD,Plate3,2024-02-15 10:53:38,1442,
B11,100,CSE,26671,6PPD,Plate3,2024-02-15 10:53:38,1442,
B12,200,CSE,26493,6PPD,Plate3,2024-02-15 10:53:38,1442,
B3,0,CSE,25967,6PPD,Plate3,2024-02-15 10:53:38,1442,
B4,0.1,CSE,25894,6PPD,Plate3,2024-02-15 10:53:38,1442,
B5,0.5,CSE,23742,6PPD,Plate3,2024-02-15 10:53:38,1442,
B6,1,CSE,28961,6PPD,Plate3,2024-02-15 10:53:38,1442,
B7,5,CSE,24912,6PPD,Plate3,2024-02-15 10:53:38,1442,
B8,10,CSE,25649,6PPD,Plate3,2024-02-15 10:53:38,1442,
B9,20,CSE,24705,6PPD,Plate3,2024-02-15 10:53:38,1442,
C10,50,CSE,24596,6PPD,Plate3,2024-02-15 10:53:38,1442,
C11,100,CSE,22831,6PPD,Plate3,2024-02-15 10:53:38,1442,
C12,200,CSE,26982,6PPD,Plate3,2024-02-15 10:53:38,1442,
C3,0,CSE,26893,6PPD,Plate3,2024-02-15 10:53:38,1442,
C4,0.1,CSE,24788,6PPD,Plate3,2024-02-15 10:53:38,1442,
C5,0.5,CSE,24693,6PPD,Plate3,2024-02-15 10:53:38,1442,
C6,1,CSE,25486,6PPD,Plate3,2024-02-15 10:53:38,1442,
C7,5,CSE,25164,6PPD,Plate3,2024-02-15 10:53:38,1442,
C8,10,CSE,25245,6PPD,Plate3,2024-02-15 10:53:38,1442,
C9,20,CSE,25256,6PPD,Plate3,2024-02-15 10:53:38,1442,
D10,50,CSE,24868,6PPD,Plate3,2024-02-15 10:53:38,1442,
D11,100,CSE,25294,6PPD,Plate3,2024-02-15 10:53:38,1442,
D12,200,CSE,24026,6PPD,Plate3,2024-02-15 10:53:38,1442,
D3,0,CSE,23140,6PPD,Plate3,2024-02-15 10:53:38,1442,
D4,0.1,CSE,23421,6PPD,Plate3,2024-02-15 10:53:38,1442,
D5,0.5,CSE,24256,6PPD,Plate3,2024-02-15 10:53:38,1442,
D6,1,CSE,24194,6PPD,Plate3,2024-02-15 10:53:38,1442,
D7,5,CSE,24301,6PPD,Plate3,2024-02-15 10:53:38,1442,
D8,10,CSE,24925,6PPD,Plate3,2024-02-15 10:53:38,1442,
D9,20,CSE,25031,6PPD,Plate3,2024-02-15 10:53:38,1442,
E10,50,CHSE,14772,6PPD,Plate3,2024-02-15 10:53:38,1442,
E11,100,CHSE,15152,6PPD,Plate3,2024-02-15 10:53:38,1442,
E12,200,CHSE,16531,6PPD,Plate3,2024-02-15 10:53:38,1442,
E3,0,CHSE,15158,6PPD,Plate3,2024-02-15 10:53:38,1442,
E4,0.1,CHSE,14101,6PPD,Plate3,2024-02-15 10:53:38,1442,
E5,0.5,CHSE,14360,6PPD,Plate3,2024-02-15 10:53:38,1442,
E6,1,CHSE,14267,6PPD,Plate3,2024-02-15 10:53:38,1442,
E7,5,CHSE,14461,6PPD,Plate3,2024-02-15 10:53:38,1442,
E8,10,CHSE,15233,6PPD,Plate3,2024-02-15 10:53:38,1442,
E9,20,CHSE,14624,6PPD,Plate3,2024-02-15 10:53:38,1442,
F10,50,CHSE,14895,6PPD,Plate3,2024-02-15 10:53:38,1442,
F11,100,CHSE,15279,6PPD,Plate3,2024-02-15 10:53:38,1442,
F12,200,CHSE,16749,6PPD,Plate3,2024-02-15 10:53:38,1442,
F3,0,CHSE,15370,6PPD,Plate3,2024-02-15 10:53:38,1442,
F4,0.1,CHSE,14313,6PPD,Plate3,2024-02-15 10:53:38,1442,
F5,0.5,CHSE,14142,6PPD,Plate3,2024-02-15 10:53:38,1442,
F6,1,CHSE,15211,6PPD,Plate3,2024-02-15 10:53:38,1442,
F7,5,CHSE,14820,6PPD,Plate3,2024-02-15 10:53:38,1442,
F8,10,CHSE,14827,6PPD,Plate3,2024-02-15 10:53:38,1442,
F9,20,CHSE,14168,6PPD,Plate3,2024-02-15 10:53:38,1442,
G10,50,CHSE,15602,6PPD,Plate3,2024-02-15 10:53:38,1442,
G11,100,CHSE,16084,6PPD,Plate3,2024-02-15 10:53:38,1442,
G12,200,CHSE,16639,6PPD,Plate3,2024-02-15 10:53:38,1442,
G3,0,CHSE,15864,6PPD,Plate3,2024-02-15 10:53:38,1442,
G4,0.1,CHSE,15085,6PPD,Plate3,2024-02-15 10:53:38,1442,
G5,0.5,CHSE,14817,6PPD,Plate3,2024-02-15 10:53:38,1442,
G6,1,CHSE,15728,6PPD,Plate3,2024-02-15 10:53:38,1442,
G7,5,CHSE,14875,6PPD,Plate3,2024-02-15 10:53:38,1442,
G8,10,CHSE,15430,6PPD,Plate3,2024-02-15 10:53:38,1442,
G9,20,CHSE,15326,6PPD,Plate3,2024-02-15 10:53:38,1442,
H10,50,CHSE,16624,6PPD,Plate3,2024-02-15 10:53:38,1442,
H11,100,CHSE,16722,6PPD,Plate3,2024-02-15 10:53:38,1442,
H12,200,CHSE,17278,6PPD,Plate3,2024-02-15 10:53:38,1442,
H3,0,CHSE,16674,6PPD,Plate3,2024-02-15 10:53:38,1442,
H4,0.1,CHSE,15983,6PPD,Plate3,2024-02-15 10:53:38,1442,
H5,0.5,CHSE,15239,6PPD,Plate3,2024-02-15 10:53:38,1442,
H6,1,CHSE,16338,6PPD,Plate3,2024-02-15 10:53:38,1442,
H7,5,CHSE,15901,6PPD,Plate3,2024-02-15 10:53:38,1442,
H8,10,CHSE,16253,6PPD,Plate3,2024-02-15 10:53:38,1442,
H9,20,CHSE,16408,6PPD,Plate3,2024-02-15 10:53:38,1442,
A10,50,RTG,40992,6PPD,Plate3,2024-06-13 10:22:59,1379,
A11,100,RTG,40102,6PPD,Plate3,2024-06-13 10:22:59,1379,
A12,200,RTG,39632,6PPD,Plate3,2024-06-13 10:22:59,1379,
A3,0,RTG,42055,6PPD,Plate3,2024-06-13 10:22:59,1379,
A4,0.1,RTG,41898,6PPD,Plate3,2024-06-13 10:22:59,1379,
A5,0.5,RTG,42438,6PPD,Plate3,2024-06-13 10:22:59,1379,
A6,1,RTG,42596,6PPD,Plate3,2024-06-13 10:22:59,1379,
A7,5,RTG,41598,6PPD,Plate3,2024-06-13 10:22:59,1379,
A8,10,RTG,42080,6PPD,Plate3,2024-06-13 10:22:59,1379,
A9,20,RTG,40222,6PPD,Plate3,2024-06-13 10:22:59,1379,
B10,50,RTG,38674,6PPD,Plate3,2024-06-13 10:22:59,1379,
B11,100,RTG,38917,6PPD,Plate3,2024-06-13 10:22:59,1379,
B12,200,RTG,40623,6PPD,Plate3,2024-06-13 10:22:59,1379,
B3,0,RTG,37786,6PPD,Plate3,2024-06-13 10:22:59,1379,
B4,0.1,RTG,37001,6PPD,Plate3,2024-06-13 10:22:59,1379,
B5,0.5,RTG,36865,6PPD,Plate3,2024-06-13 10:22:59,1379,
B6,1,RTG,36987,6PPD,Plate3,2024-06-13 10:22:59,1379,
B7,5,RTG,39456,6PPD,Plate3,2024-06-13 10:22:59,1379,
B8,10,RTG,38439,6PPD,Plate3,2024-06-13 10:22:59,1379,
B9,20,RTG,38711,6PPD,Plate3,2024-06-13 10:22:59,1379,
C10,50,RTG,38108,6PPD,Plate3,2024-06-13 10:22:59,1379,
C11,100,RTG,37474,6PPD,Plate3,2024-06-13 10:22:59,1379,
C12,200,RTG,39358,6PPD,Plate3,2024-06-13 10:22:59,1379,
C3,0,RTG,37403,6PPD,Plate3,2024-06-13 10:22:59,1379,
C4,0.1,RTG,38351,6PPD,Plate3,2024-06-13 10:22:59,1379,
C5,0.5,RTG,37055,6PPD,Plate3,2024-06-13 10:22:59,1379,
C6,1,RTG,37794,6PPD,Plate3,2024-06-13 10:22:59,1379,
C7,5,RTG,37717,6PPD,Plate3,2024-06-13 10:22:59,1379,
C8,10,RTG,36490,6PPD,Plate3,2024-06-13 10:22:59,1379,
C9,20,RTG,35403,6PPD,Plate3,2024-06-13 10:22:59,1379,
D10,50,RTG,41446,6PPD,Plate3,2024-06-13 10:22:59,1379,
D11,100,RTG,40802,6PPD,Plate3,2024-06-13 10:22:59,1379,
D12,200,RTG,41823,6PPD,Plate3,2024-06-13 10:22:59,1379,
D3,0,RTG,39689,6PPD,Plate3,2024-06-13 10:22:59,1379,
D4,0.1,RTG,39040,6PPD,Plate3,2024-06-13 10:22:59,1379,
D5,0.5,RTG,53582,6PPD,Plate3,2024-06-13 10:22:59,1379,
D6,1,RTG,39652,6PPD,Plate3,2024-06-13 10:22:59,1379,
D7,5,RTG,40998,6PPD,Plate3,2024-06-13 10:22:59,1379,
D8,10,RTG,40412,6PPD,Plate3,2024-06-13 10:22:59,1379,
D9,20,RTG,40669,6PPD,Plate3,2024-06-13 10:22:59,1379,
A10,100,CSE,18643,6PPD,Plate1,2024-08-29 11:12:27,1453,t0
A11,200,CSE,17819,6PPD,Plate1,2024-08-29 11:12:27,1453,t0
A12,400,CSE,17352,6PPD,Plate1,2024-08-29 11:12:27,1453,t0
A4,0,CSE,17899,6PPD,Plate1,2024-08-29 11:12:27,1453,t0
A5,0.1,CSE,19365,6PPD,Plate1,2024-08-29 11:12:27,1453,t0
A6,1,CSE,19938,6PPD,Plate1,2024-08-29 11:12:27,1453,t0
A7,10,CSE,19669,6PPD,Plate1,2024-08-29 11:12:27,1453,t0
A8,20,CSE,19604,6PPD,Plate1,2024-08-29 11:12:27,1453,t0
A9,50,CSE,18594,6PPD,Plate1,2024-08-29 11:12:27,1453,t0
B10,100,CSE,16587,6PPD,Plate1,2024-08-29 11:12:27,1453,t0
B11,200,CSE,17188,6PPD,Plate1,2024-08-29 11:12:27,1453,t0
B12,400,CSE,16575,6PPD,Plate1,2024-08-29 11:12:27,1453,t0
B4,0,CSE,16308,6PPD,Plate1,2024-08-29 11:12:27,1453,t0
B5,0.1,CSE,16804,6PPD,Plate1,2024-08-29 11:12:27,1453,t0
B6,1,CSE,16739,6PPD,Plate1,2024-08-29 11:12:27,1453,t0
B7,10,CSE,16538,6PPD,Plate1,2024-08-29 11:12:27,1453,t0
B8,20,CSE,17064,6PPD,Plate1,2024-08-29 11:12:27,1453,t0
B9,50,CSE,15973,6PPD,Plate1,2024-08-29 11:12:27,1453,t0
C10,100,CSE,15174,6PPD,Plate1,2024-08-29 11:12:27,1453,t0
C11,200,CSE,15084,6PPD,Plate1,2024-08-29 11:12:27,1453,t0
C12,400,CSE,15969,6PPD,Plate1,2024-08-29 11:12:27,1453,t0
C4,0,CSE,16131,6PPD,Plate1,2024-08-29 11:12:27,1453,t0
C5,0.1,CSE,14831,6PPD,Plate1,2024-08-29 11:12:27,1453,t0
C6,1,CSE,16449,6PPD,Plate1,2024-08-29 11:12:27,1453,t0
C7,10,CSE,15097,6PPD,Plate1,2024-08-29 11:12:27,1453,t0
C8,20,CSE,15249,6PPD,Plate1,2024-08-29 11:12:27,1453,t0
C9,50,CSE,14425,6PPD,Plate1,2024-08-29 11:12:27,1453,t0
D10,100,CSE,13657,6PPD,Plate1,2024-08-29 11:12:27,1453,t0
D11,200,CSE,15625,6PPD,Plate1,2024-08-29 11:12:27,1453,t0
D12,400,CSE,15265,6PPD,Plate1,2024-08-29 11:12:27,1453,t0
D4,0,CSE,16144,6PPD,Plate1,2024-08-29 11:12:27,1453,t0
D5,0.1,CSE,16390,6PPD,Plate1,2024-08-29 11:12:27,1453,t0
D6,1,CSE,16880,6PPD,Plate1,2024-08-29 11:12:27,1453,t0
D7,10,CSE,15667,6PPD,Plate1,2024-08-29 11:12:27,1453,t0
D8,20,CSE,15553,6PPD,Plate1,2024-08-29 11:12:27,1453,t0
D9,50,CSE,14827,6PPD,Plate1,2024-08-29 11:12:27,1453,t0
E10,100,CHSE,14223,6PPD,Plate1,2024-08-29 11:12:27,1453,t0
E11,200,CHSE,14988,6PPD,Plate1,2024-08-29 11:12:27,1453,t0
E12,400,CHSE,15744,6PPD,Plate1,2024-08-29 11:12:27,1453,t0
E4,0,CHSE,15321,6PPD,Plate1,2024-08-29 11:12:27,1453,t0
E5,0.1,CHSE,14956,6PPD,Plate1,2024-08-29 11:12:27,1453,t0
E6,1,CHSE,14585,6PPD,Plate1,2024-08-29 11:12:27,1453,t0
E7,10,CHSE,13354,6PPD,Plate1,2024-08-29 11:12:27,1453,t0
E8,20,CHSE,14331,6PPD,Plate1,2024-08-29 11:12:27,1453,t0
E9,50,CHSE,13853,6PPD,Plate1,2024-08-29 11:12:27,1453,t0
F10,100,CHSE,11479,6PPD,Plate1,2024-08-29 11:12:27,1453,t0
F11,200,CHSE,14223,6PPD,Plate1,2024-08-29 11:12:27,1453,t0
F12,400,CHSE,16120,6PPD,Plate1,2024-08-29 11:12:27,1453,t0
F4,0,CHSE,14917,6PPD,Plate1,2024-08-29 11:12:27,1453,t0
F5,0.1,CHSE,14002,6PPD,Plate1,2024-08-29 11:12:27,1453,t0
F6,1,CHSE,14402,6PPD,Plate1,2024-08-29 11:12:27,1453,t0
F7,10,CHSE,12915,6PPD,Plate1,2024-08-29 11:12:27,1453,t0
F8,20,CHSE,13382,6PPD,Plate1,2024-08-29 11:12:27,1453,t0
F9,50,CHSE,13535,6PPD,Plate1,2024-08-29 11:12:27,1453,t0
G10,100,CHSE,14147,6PPD,Plate1,2024-08-29 11:12:27,1453,t0
G11,200,CHSE,14572,6PPD,Plate1,2024-08-29 11:12:27,1453,t0
G12,400,CHSE,16423,6PPD,Plate1,2024-08-29 11:12:27,1453,t0
G4,0,CHSE,13855,6PPD,Plate1,2024-08-29 11:12:27,1453,t0
G5,0.1,CHSE,15047,6PPD,Plate1,2024-08-29 11:12:27,1453,t0
G6,1,CHSE,14349,6PPD,Plate1,2024-08-29 11:12:27,1453,t0
G7,10,CHSE,13331,6PPD,Plate1,2024-08-29 11:12:27,1453,t0
G8,20,CHSE,14302,6PPD,Plate1,2024-08-29 11:12:27,1453,t0
G9,50,CHSE,13986,6PPD,Plate1,2024-08-29 11:12:27,1453,t0
H10,100,CHSE,15470,6PPD,Plate1,2024-08-29 11:12:27,1453,t0
H11,200,CHSE,15324,6PPD,Plate1,2024-08-29 11:12:27,1453,t0
H12,400,CHSE,16468,6PPD,Plate1,2024-08-29 11:12:27,1453,t0
H4,0,CHSE,14234,6PPD,Plate1,2024-08-29 11:12:27,1453,t0
H5,0.1,CHSE,15194,6PPD,Plate1,2024-08-29 11:12:27,1453,t0
H6,1,CHSE,14943,6PPD,Plate1,2024-08-29 11:12:27,1453,t0
H7,10,CHSE,14956,6PPD,Plate1,2024-08-29 11:12:27,1453,t0
H8,20,CHSE,15004,6PPD,Plate1,2024-08-29 11:12:27,1453,t0
H9,50,CHSE,14899,6PPD,Plate1,2024-08-29 11:12:27,1453,t0
A10,100,CSE,17290,6PPD,Plate2,2024-08-29 11:15:09,1453,t0
A11,200,CSE,16973,6PPD,Plate2,2024-08-29 11:15:09,1453,t0
A12,400,CSE,17675,6PPD,Plate2,2024-08-29 11:15:09,1453,t0
A4,0,CSE,17425,6PPD,Plate2,2024-08-29 11:15:09,1453,t0
A5,0.1,CSE,17023,6PPD,Plate2,2024-08-29 11:15:09,1453,t0
A6,1,CSE,18090,6PPD,Plate2,2024-08-29 11:15:09,1453,t0
A7,10,CSE,16910,6PPD,Plate2,2024-08-29 11:15:09,1453,t0
A8,20,CSE,17957,6PPD,Plate2,2024-08-29 11:15:09,1453,t0
A9,50,CSE,18261,6PPD,Plate2,2024-08-29 11:15:09,1453,t0
B10,100,CSE,14428,6PPD,Plate2,2024-08-29 11:15:09,1453,t0
B11,200,CSE,16528,6PPD,Plate2,2024-08-29 11:15:09,1453,t0
B12,400,CSE,15025,6PPD,Plate2,2024-08-29 11:15:09,1453,t0
B4,0,CSE,14358,6PPD,Plate2,2024-08-29 11:15:09,1453,t0
B5,0.1,CSE,13488,6PPD,Plate2,2024-08-29 11:15:09,1453,t0
B6,1,CSE,14552,6PPD,Plate2,2024-08-29 11:15:09,1453,t0
B7,10,CSE,14473,6PPD,Plate2,2024-08-29 11:15:09,1453,t0
B8,20,CSE,16538,6PPD,Plate2,2024-08-29 11:15:09,1453,t0
B9,50,CSE,14857,6PPD,Plate2,2024-08-29 11:15:09,1453,t0
C10,100,CSE,14202,6PPD,Plate2,2024-08-29 11:15:09,1453,t0
C11,200,CSE,13733,6PPD,Plate2,2024-08-29 11:15:09,1453,t0
C12,400,CSE,15610,6PPD,Plate2,2024-08-29 11:15:09,1453,t0
C4,0,CSE,14129,6PPD,Plate2,2024-08-29 11:15:09,1453,t0
C5,0.1,CSE,13636,6PPD,Plate2,2024-08-29 11:15:09,1453,t0
C6,1,CSE,11752,6PPD,Plate2,2024-08-29 11:15:09,1453,t0
C7,10,CSE,14317,6PPD,Plate2,2024-08-29 11:15:09,1453,t0
C8,20,CSE,15002,6PPD,Plate2,2024-08-29 11:15:09,1453,t0
C9,50,CSE,14486,6PPD,Plate2,2024-08-29 11:15:09,1453,t0
D10,100,CSE,15103,6PPD,Plate2,2024-08-29 11:15:09,1453,t0
D11,200,CSE,14333,6PPD,Plate2,2024-08-29 11:15:09,1453,t0
D12,400,CSE,15824,6PPD,Plate2,2024-08-29 11:15:09,1453,t0
D4,0,CSE,12688,6PPD,Plate2,2024-08-29 11:15:09,1453,t0
D5,0.1,CSE,13603,6PPD,Plate2,2024-08-29 11:15:09,1453,t0
D6,1,CSE,14028,6PPD,Plate2,2024-08-29 11:15:09,1453,t0
D7,10,CSE,14602,6PPD,Plate2,2024-08-29 11:15:09,1453,t0
D8,20,CSE,13806,6PPD,Plate2,2024-08-29 11:15:09,1453,t0
D9,50,CSE,14352,6PPD,Plate2,2024-08-29 11:15:09,1453,t0
E10,100,CHSE,13466,6PPD,Plate2,2024-08-29 11:15:09,1453,t0
E11,200,CHSE,13909,6PPD,Plate2,2024-08-29 11:15:09,1453,t0
E12,400,CHSE,15790,6PPD,Plate2,2024-08-29 11:15:09,1453,t0
E4,0,CHSE,12999,6PPD,Plate2,2024-08-29 11:15:09,1453,t0
E5,0.1,CHSE,13962,6PPD,Plate2,2024-08-29 11:15:09,1453,t0
E6,1,CHSE,14682,6PPD,Plate2,2024-08-29 11:15:09,1453,t0
E7,10,CHSE,14886,6PPD,Plate2,2024-08-29 11:15:09,1453,t0
E8,20,CHSE,13956,6PPD,Plate2,2024-08-29 11:15:09,1453,t0
E9,50,CHSE,13696,6PPD,Plate2,2024-08-29 11:15:09,1453,t0
F10,100,CHSE,14619,6PPD,Plate2,2024-08-29 11:15:09,1453,t0
F11,200,CHSE,14834,6PPD,Plate2,2024-08-29 11:15:09,1453,t0
F12,400,CHSE,17081,6PPD,Plate2,2024-08-29 11:15:09,1453,t0
F4,0,CHSE,15250,6PPD,Plate2,2024-08-29 11:15:09,1453,t0
F5,0.1,CHSE,13605,6PPD,Plate2,2024-08-29 11:15:09,1453,t0
F6,1,CHSE,14570,6PPD,Plate2,2024-08-29 11:15:09,1453,t0
F7,10,CHSE,13534,6PPD,Plate2,2024-08-29 11:15:09,1453,t0
F8,20,CHSE,14003,6PPD,Plate2,2024-08-29 11:15:09,1453,t0
F9,50,CHSE,13554,6PPD,Plate2,2024-08-29 11:15:09,1453,t0
G10,100,CHSE,13943,6PPD,Plate2,2024-08-29 11:15:09,1453,t0
G11,200,CHSE,14476,6PPD,Plate2,2024-08-29 11:15:09,1453,t0
G12,400,CHSE,15519,6PPD,Plate2,2024-08-29 11:15:09,1453,t0
G4,0,CHSE,13529,6PPD,Plate2,2024-08-29 11:15:09,1453,t0
G5,0.1,CHSE,13913,6PPD,Plate2,2024-08-29 11:15:09,1453,t0
G6,1,CHSE,13577,6PPD,Plate2,2024-08-29 11:15:09,1453,t0
G7,10,CHSE,14945,6PPD,Plate2,2024-08-29 11:15:09,1453,t0
G8,20,CHSE,14763,6PPD,Plate2,2024-08-29 11:15:09,1453,t0
G9,50,CHSE,13030,6PPD,Plate2,2024-08-29 11:15:09,1453,t0
H10,100,CHSE,14495,6PPD,Plate2,2024-08-29 11:15:09,1453,t0
H11,200,CHSE,14933,6PPD,Plate2,2024-08-29 11:15:09,1453,t0
H12,400,CHSE,15620,6PPD,Plate2,2024-08-29 11:15:09,1453,t0
H4,0,CHSE,13613,6PPD,Plate2,2024-08-29 11:15:09,1453,t0
H5,0.1,CHSE,14224,6PPD,Plate2,2024-08-29 11:15:09,1453,t0
H6,1,CHSE,13442,6PPD,Plate2,2024-08-29 11:15:09,1453,t0
H7,10,CHSE,14858,6PPD,Plate2,2024-08-29 11:15:09,1453,t0
H8,20,CHSE,13520,6PPD,Plate2,2024-08-29 11:15:09,1453,t0
H9,50,CHSE,14555,6PPD,Plate2,2024-08-29 11:15:09,1453,t0
A10,100,CSE,14486,6PPD,Plate3,2024-08-29 11:17:25,1452,t0
A11,200,CSE,15904,6PPD,Plate3,2024-08-29 11:17:25,1452,t0
A12,400,CSE,14854,6PPD,Plate3,2024-08-29 11:17:25,1452,t0
A4,0,CSE,15474,6PPD,Plate3,2024-08-29 11:17:25,1452,t0
A5,0.1,CSE,16150,6PPD,Plate3,2024-08-29 11:17:25,1452,t0
A6,1,CSE,16853,6PPD,Plate3,2024-08-29 11:17:25,1452,t0
A7,10,CSE,16838,6PPD,Plate3,2024-08-29 11:17:25,1452,t0
A8,20,CSE,16642,6PPD,Plate3,2024-08-29 11:17:25,1452,t0
A9,50,CSE,16036,6PPD,Plate3,2024-08-29 11:17:25,1452,t0
B10,100,CSE,14102,6PPD,Plate3,2024-08-29 11:17:25,1452,t0
B11,200,CSE,14442,6PPD,Plate3,2024-08-29 11:17:25,1452,t0
B12,400,CSE,14245,6PPD,Plate3,2024-08-29 11:17:25,1452,t0
B4,0,CSE,12763,6PPD,Plate3,2024-08-29 11:17:25,1452,t0
B5,0.1,CSE,14134,6PPD,Plate3,2024-08-29 11:17:25,1452,t0
B6,1,CSE,15122,6PPD,Plate3,2024-08-29 11:17:25,1452,t0
B7,10,CSE,14792,6PPD,Plate3,2024-08-29 11:17:25,1452,t0
B8,20,CSE,13959,6PPD,Plate3,2024-08-29 11:17:25,1452,t0
B9,50,CSE,15312,6PPD,Plate3,2024-08-29 11:17:25,1452,t0
C10,100,CSE,16254,6PPD,Plate3,2024-08-29 11:17:25,1452,t0
C11,200,CSE,15420,6PPD,Plate3,2024-08-29 11:17:25,1452,t0
C12,400,CSE,15446,6PPD,Plate3,2024-08-29 11:17:25,1452,t0
C4,0,CSE,15054,6PPD,Plate3,2024-08-29 11:17:25,1452,t0
C5,0.1,CSE,14388,6PPD,Plate3,2024-08-29 11:17:25,1452,t0
C6,1,CSE,16197,6PPD,Plate3,2024-08-29 11:17:25,1452,t0
C7,10,CSE,15424,6PPD,Plate3,2024-08-29 11:17:25,1452,t0
C8,20,CSE,15850,6PPD,Plate3,2024-08-29 11:17:25,1452,t0
C9,50,CSE,16699,6PPD,Plate3,2024-08-29 11:17:25,1452,t0
D10,100,CSE,14936,6PPD,Plate3,2024-08-29 11:17:25,1452,t0
D11,200,CSE,14143,6PPD,Plate3,2024-08-29 11:17:25,1452,t0
D12,400,CSE,15248,6PPD,Plate3,2024-08-29 11:17:25,1452,t0
D4,0,CSE,14590,6PPD,Plate3,2024-08-29 11:17:25,1452,t0
D5,0.1,CSE,14036,6PPD,Plate3,2024-08-29 11:17:25,1452,t0
D6,1,CSE,14613,6PPD,Plate3,2024-08-29 11:17:25,1452,t0
D7,10,CSE,14637,6PPD,Plate3,2024-08-29 11:17:25,1452,t0
D8,20,CSE,13624,6PPD,Plate3,2024-08-29 11:17:25,1452,t0
D9,50,CSE,14341,6PPD,Plate3,2024-08-29 11:17:25,1452,t0
E10,100,CHSE,13573,6PPD,Plate3,2024-08-29 11:17:25,1452,t0
E11,200,CHSE,13074,6PPD,Plate3,2024-08-29 11:17:25,1452,t0
E12,400,CHSE,14904,6PPD,Plate3,2024-08-29 11:17:25,1452,t0
E4,0,CHSE,13005,6PPD,Plate3,2024-08-29 11:17:25,1452,t0
E5,0.1,CHSE,13182,6PPD,Plate3,2024-08-29 11:17:25,1452,t0
E6,1,CHSE,12415,6PPD,Plate3,2024-08-29 11:17:25,1452,t0
E7,10,CHSE,13233,6PPD,Plate3,2024-08-29 11:17:25,1452,t0
E8,20,CHSE,13277,6PPD,Plate3,2024-08-29 11:17:25,1452,t0
E9,50,CHSE,13426,6PPD,Plate3,2024-08-29 11:17:25,1452,t0
F10,100,CHSE,13464,6PPD,Plate3,2024-08-29 11:17:25,1452,t0
F11,200,CHSE,14245,6PPD,Plate3,2024-08-29 11:17:25,1452,t0
F12,400,CHSE,15559,6PPD,Plate3,2024-08-29 11:17:25,1452,t0
F4,0,CHSE,13515,6PPD,Plate3,2024-08-29 11:17:25,1452,t0
F5,0.1,CHSE,12216,6PPD,Plate3,2024-08-29 11:17:25,1452,t0
F6,1,CHSE,12374,6PPD,Plate3,2024-08-29 11:17:25,1452,t0
F7,10,CHSE,14135,6PPD,Plate3,2024-08-29 11:17:25,1452,t0
F8,20,CHSE,12245,6PPD,Plate3,2024-08-29 11:17:25,1452,t0
F9,50,CHSE,13811,6PPD,Plate3,2024-08-29 11:17:25,1452,t0
G10,100,CHSE,12581,6PPD,Plate3,2024-08-29 11:17:25,1452,t0
G11,200,CHSE,14463,6PPD,Plate3,2024-08-29 11:17:25,1452,t0
G12,400,CHSE,15055,6PPD,Plate3,2024-08-29 11:17:25,1452,t0
G4,0,CHSE,13896,6PPD,Plate3,2024-08-29 11:17:25,1452,t0
G5,0.1,CHSE,12684,6PPD,Plate3,2024-08-29 11:17:25,1452,t0
G6,1,CHSE,12573,6PPD,Plate3,2024-08-29 11:17:25,1452,t0
G7,10,CHSE,9817,6PPD,Plate3,2024-08-29 11:17:25,1452,t0
G8,20,CHSE,12067,6PPD,Plate3,2024-08-29 11:17:25,1452,t0
G9,50,CHSE,12563,6PPD,Plate3,2024-08-29 11:17:25,1452,t0
H10,100,CHSE,13653,6PPD,Plate3,2024-08-29 11:17:25,1452,t0
H11,200,CHSE,14533,6PPD,Plate3,2024-08-29 11:17:25,1452,t0
H12,400,CHSE,13607,6PPD,Plate3,2024-08-29 11:17:25,1452,t0
H4,0,CHSE,13571,6PPD,Plate3,2024-08-29 11:17:25,1452,t0
H5,0.1,CHSE,12791,6PPD,Plate3,2024-08-29 11:17:25,1452,t0
H6,1,CHSE,15064,6PPD,Plate3,2024-08-29 11:17:25,1452,t0
H7,10,CHSE,13758,6PPD,Plate3,2024-08-29 11:17:25,1452,t0
H8,20,CHSE,14544,6PPD,Plate3,2024-08-29 11:17:25,1452,t0
H9,50,CHSE,13571,6PPD,Plate3,2024-08-29 11:17:25,1452,t0
A10,100,RTG,19902,6PPD,Plate4,2024-08-29 11:21:19,1433,t0
A11,200,RTG,18515,6PPD,Plate4,2024-08-29 11:21:19,1433,t0
A12,400,RTG,17949,6PPD,Plate4,2024-08-29 11:21:19,1433,t0
A4,0,RTG,19102,6PPD,Plate4,2024-08-29 11:21:19,1433,t0
A5,0.1,RTG,17988,6PPD,Plate4,2024-08-29 11:21:19,1433,t0
A6,1,RTG,19573,6PPD,Plate4,2024-08-29 11:21:19,1433,t0
A7,10,RTG,20260,6PPD,Plate4,2024-08-29 11:21:19,1433,t0
A8,20,RTG,20938,6PPD,Plate4,2024-08-29 11:21:19,1433,t0
A9,50,RTG,20286,6PPD,Plate4,2024-08-29 11:21:19,1433,t0
B10,100,RTG,18427,6PPD,Plate4,2024-08-29 11:21:19,1433,t0
B11,200,RTG,21170,6PPD,Plate4,2024-08-29 11:21:19,1433,t0
B12,400,RTG,20073,6PPD,Plate4,2024-08-29 11:21:19,1433,t0
B4,0,RTG,19783,6PPD,Plate4,2024-08-29 11:21:19,1433,t0
B5,0.1,RTG,18707,6PPD,Plate4,2024-08-29 11:21:19,1433,t0
B6,1,RTG,17918,6PPD,Plate4,2024-08-29 11:21:19,1433,t0
B7,10,RTG,16971,6PPD,Plate4,2024-08-29 11:21:19,1433,t0
B8,20,RTG,13824,6PPD,Plate4,2024-08-29 11:21:19,1433,t0
B9,50,RTG,18673,6PPD,Plate4,2024-08-29 11:21:19,1433,t0
C10,100,RTG,18140,6PPD,Plate4,2024-08-29 11:21:19,1433,t0
C11,200,RTG,14461,6PPD,Plate4,2024-08-29 11:21:19,1433,t0
C12,400,RTG,19744,6PPD,Plate4,2024-08-29 11:21:19,1433,t0
C4,0,RTG,21492,6PPD,Plate4,2024-08-29 11:21:19,1433,t0
C5,0.1,RTG,18337,6PPD,Plate4,2024-08-29 11:21:19,1433,t0
C6,1,RTG,18813,6PPD,Plate4,2024-08-29 11:21:19,1433,t0
C7,10,RTG,17026,6PPD,Plate4,2024-08-29 11:21:19,1433,t0
C8,20,RTG,19223,6PPD,Plate4,2024-08-29 11:21:19,1433,t0
C9,50,RTG,18574,6PPD,Plate4,2024-08-29 11:21:19,1433,t0
D10,100,RTG,21478,6PPD,Plate4,2024-08-29 11:21:19,1433,t0
D11,200,RTG,21477,6PPD,Plate4,2024-08-29 11:21:19,1433,t0
D12,400,RTG,22123,6PPD,Plate4,2024-08-29 11:21:19,1433,t0
D4,0,RTG,20786,6PPD,Plate4,2024-08-29 11:21:19,1433,t0
D5,0.1,RTG,24045,6PPD,Plate4,2024-08-29 11:21:19,1433,t0
D6,1,RTG,24965,6PPD,Plate4,2024-08-29 11:21:19,1433,t0
D7,10,RTG,19936,6PPD,Plate4,2024-08-29 11:21:19,1433,t0
D8,20,RTG,19847,6PPD,Plate4,2024-08-29 11:21:19,1433,t0
D9,50,RTG,18951,6PPD,Plate4,2024-08-29 11:21:19,1433,t0
A10,100,RTG,22388,6PPD,Plate5,2024-08-29 11:24:17,1433,t0
A11,200,RTG,22841,6PPD,Plate5,2024-08-29 11:24:17,1433,t0
A12,400,RTG,20611,6PPD,Plate5,2024-08-29 11:24:17,1433,t0
A4,0,RTG,23920,6PPD,Plate5,2024-08-29 11:24:17,1433,t0
A5,0.1,RTG,23307,6PPD,Plate5,2024-08-29 11:24:17,1433,t0
A6,1,RTG,22047,6PPD,Plate5,2024-08-29 11:24:17,1433,t0
A7,10,RTG,24417,6PPD,Plate5,2024-08-29 11:24:17,1433,t0
A8,20,RTG,22921,6PPD,Plate5,2024-08-29 11:24:17,1433,t0
A9,50,RTG,21790,6PPD,Plate5,2024-08-29 11:24:17,1433,t0
B10,100,RTG,19666,6PPD,Plate5,2024-08-29 11:24:17,1433,t0
B11,200,RTG,22478,6PPD,Plate5,2024-08-29 11:24:17,1433,t0
B12,400,RTG,19721,6PPD,Plate5,2024-08-29 11:24:17,1433,t0
B4,0,RTG,24980,6PPD,Plate5,2024-08-29 11:24:17,1433,t0
B5,0.1,RTG,21449,6PPD,Plate5,2024-08-29 11:24:17,1433,t0
B6,1,RTG,25905,6PPD,Plate5,2024-08-29 11:24:17,1433,t0
B7,10,RTG,24346,6PPD,Plate5,2024-08-29 11:24:17,1433,t0
B8,20,RTG,20474,6PPD,Plate5,2024-08-29 11:24:17,1433,t0
B9,50,RTG,19790,6PPD,Plate5,2024-08-29 11:24:17,1433,t0
C10,100,RTG,16786,6PPD,Plate5,2024-08-29 11:24:17,1433,t0
C11,200,RTG,21431,6PPD,Plate5,2024-08-29 11:24:17,1433,t0
C12,400,RTG,19251,6PPD,Plate5,2024-08-29 11:24:17,1433,t0
C4,0,RTG,23282,6PPD,Plate5,2024-08-29 11:24:17,1433,t0
C5,0.1,RTG,20445,6PPD,Plate5,2024-08-29 11:24:17,1433,t0
C6,1,RTG,21872,6PPD,Plate5,2024-08-29 11:24:17,1433,t0
C7,10,RTG,21780,6PPD,Plate5,2024-08-29 11:24:17,1433,t0
C8,20,RTG,14905,6PPD,Plate5,2024-08-29 11:24:17,1433,t0
C9,50,RTG,20629,6PPD,Plate5,2024-08-29 11:24:17,1433,t0
D10,100,RTG,24477,6PPD,Plate5,2024-08-29 11:24:17,1433,t0
D11,200,RTG,22463,6PPD,Plate5,2024-08-29 11:24:17,1433,t0
D12,400,RTG,22666,6PPD,Plate5,2024-08-29 11:24:17,1433,t0
D4,0,RTG,23895,6PPD,Plate5,2024-08-29 11:24:17,1433,t0
D5,0.1,RTG,22364,6PPD,Plate5,2024-08-29 11:24:17,1433,t0
D6,1,RTG,21963,6PPD,Plate5,2024-08-29 11:24:17,1433,t0
D7,10,RTG,23273,6PPD,Plate5,2024-08-29 11:24:17,1433,t0
D8,20,RTG,21807,6PPD,Plate5,2024-08-29 11:24:17,1433,t0
D9,50,RTG,22332,6PPD,Plate5,2024-08-29 11:24:17,1433,t0
A10,100,RTG,24270,6PPD,Plate6,2024-08-29 11:26:05,1431,t0
A11,200,RTG,23755,6PPD,Plate6,2024-08-29 11:26:05,1431,t0
A12,400,RTG,21912,6PPD,Plate6,2024-08-29 11:26:05,1431,t0
A4,0,RTG,22373,6PPD,Plate6,2024-08-29 11:26:05,1431,t0
A5,0.1,RTG,26411,6PPD,Plate6,2024-08-29 11:26:05,1431,t0
A6,1,RTG,25459,6PPD,Plate6,2024-08-29 11:26:05,1431,t0
A7,10,RTG,24945,6PPD,Plate6,2024-08-29 11:26:05,1431,t0
A8,20,RTG,23836,6PPD,Plate6,2024-08-29 11:26:05,1431,t0
A9,50,RTG,24147,6PPD,Plate6,2024-08-29 11:26:05,1431,t0
B10,100,RTG,20147,6PPD,Plate6,2024-08-29 11:26:05,1431,t0
B11,200,RTG,17326,6PPD,Plate6,2024-08-29 11:26:05,1431,t0
B12,400,RTG,23065,6PPD,Plate6,2024-08-29 11:26:05,1431,t0
B4,0,RTG,21491,6PPD,Plate6,2024-08-29 11:26:05,1431,t0
B5,0.1,RTG,23864,6PPD,Plate6,2024-08-29 11:26:05,1431,t0
B6,1,RTG,22667,6PPD,Plate6,2024-08-29 11:26:05,1431,t0
B7,10,RTG,21007,6PPD,Plate6,2024-08-29 11:26:05,1431,t0
B8,20,RTG,12862,6PPD,Plate6,2024-08-29 11:26:05,1431,t0
B9,50,RTG,19748,6PPD,Plate6,2024-08-29 11:26:05,1431,t0
C10,100,RTG,21923,6PPD,Plate6,2024-08-29 11:26:05,1431,t0
C11,200,RTG,20387,6PPD,Plate6,2024-08-29 11:26:05,1431,t0
C12,400,RTG,22585,6PPD,Plate6,2024-08-29 11:26:05,1431,t0
C4,0,RTG,24270,6PPD,Plate6,2024-08-29 11:26:05,1431,t0
C5,0.1,RTG,21927,6PPD,Plate6,2024-08-29 11:26:05,1431,t0
C6,1,RTG,23539,6PPD,Plate6,2024-08-29 11:26:05,1431,t0
C7,10,RTG,24313,6PPD,Plate6,2024-08-29 11:26:05,1431,t0
C8,20,RTG,17766,6PPD,Plate6,2024-08-29 11:26:05,1431,t0
C9,50,RTG,18764,6PPD,Plate6,2024-08-29 11:26:05,1431,t0
D10,100,RTG,22622,6PPD,Plate6,2024-08-29 11:26:05,1431,t0
D11,200,RTG,21971,6PPD,Plate6,2024-08-29 11:26:05,1431,t0
D12,400,RTG,27227,6PPD,Plate6,2024-08-29 11:26:05,1431,t0
D4,0,RTG,22952,6PPD,Plate6,2024-08-29 11:26:05,1431,t0
D5,0.1,RTG,23279,6PPD,Plate6,2024-08-29 11:26:05,1431,t0
D6,1,RTG,23245,6PPD,Plate6,2024-08-29 11:26:05,1431,t0
D7,10,RTG,23080,6PPD,Plate6,2024-08-29 11:26:05,1431,t0
D8,20,RTG,23368,6PPD,Plate6,2024-08-29 11:26:05,1431,t0
D9,50,RTG,24965,6PPD,Plate6,2024-08-29 11:26:05,1431,t0
A10,100,CSE,7350,6PPD,Plate1,2024-08-30 10:48:38,1442,t25
A11,200,CSE,6487,6PPD,Plate1,2024-08-30 10:48:38,1442,t25
A12,400,CSE,6278,6PPD,Plate1,2024-08-30 10:48:38,1442,t25
A3,0,CSE,11295,6PPD,Plate1,2024-08-30 10:48:38,1442,t25
A4,0.1,CSE,11926,6PPD,Plate1,2024-08-30 10:48:38,1442,t25
A5,1,CSE,11975,6PPD,Plate1,2024-08-30 10:48:38,1442,t25
A6,5,CSE,13442,6PPD,Plate1,2024-08-30 10:48:38,1442,t25
A7,10,CSE,11512,6PPD,Plate1,2024-08-30 10:48:38,1442,t25
A8,20,CSE,10738,6PPD,Plate1,2024-08-30 10:48:38,1442,t25
A9,50,CSE,9081,6PPD,Plate1,2024-08-30 10:48:38,1442,t25
B10,100,CSE,5793,6PPD,Plate1,2024-08-30 10:48:38,1442,t25
B11,200,CSE,6235,6PPD,Plate1,2024-08-30 10:48:38,1442,t25
B12,400,CSE,5450,6PPD,Plate1,2024-08-30 10:48:38,1442,t25
B3,0,CSE,10119,6PPD,Plate1,2024-08-30 10:48:38,1442,t25
B4,0.1,CSE,9417,6PPD,Plate1,2024-08-30 10:48:38,1442,t25
B5,1,CSE,9649,6PPD,Plate1,2024-08-30 10:48:38,1442,t25
B6,5,CSE,11452,6PPD,Plate1,2024-08-30 10:48:38,1442,t25
B7,10,CSE,10116,6PPD,Plate1,2024-08-30 10:48:38,1442,t25
B8,20,CSE,9696,6PPD,Plate1,2024-08-30 10:48:38,1442,t25
B9,50,CSE,7616,6PPD,Plate1,2024-08-30 10:48:38,1442,t25
C10,100,CSE,7696,6PPD,Plate1,2024-08-30 10:48:38,1442,t25
C11,200,CSE,5926,6PPD,Plate1,2024-08-30 10:48:38,1442,t25
C12,400,CSE,5384,6PPD,Plate1,2024-08-30 10:48:38,1442,t25
C3,0,CSE,10100,6PPD,Plate1,2024-08-30 10:48:38,1442,t25
C4,0.1,CSE,10365,6PPD,Plate1,2024-08-30 10:48:38,1442,t25
C5,1,CSE,11149,6PPD,Plate1,2024-08-30 10:48:38,1442,t25
C6,5,CSE,11093,6PPD,Plate1,2024-08-30 10:48:38,1442,t25
C7,10,CSE,9453,6PPD,Plate1,2024-08-30 10:48:38,1442,t25
C8,20,CSE,8916,6PPD,Plate1,2024-08-30 10:48:38,1442,t25
C9,50,CSE,7124,6PPD,Plate1,2024-08-30 10:48:38,1442,t25
D10,100,CSE,6426,6PPD,Plate1,2024-08-30 10:48:38,1442,t25
D11,200,CSE,6171,6PPD,Plate1,2024-08-30 10:48:38,1442,t25
D12,400,CSE,5271,6PPD,Plate1,2024-08-30 10:48:38,1442,t25
D3,0,CSE,7896,6PPD,Plate1,2024-08-30 10:48:38,1442,t25
D4,0.1,CSE,6682,6PPD,Plate1,2024-08-30 10:48:38,1442,t25
D5,1,CSE,11223,6PPD,Plate1,2024-08-30 10:48:38,1442,t25
D6,5,CSE,12414,6PPD,Plate1,2024-08-30 10:48:38,1442,t25
D7,10,CSE,11438,6PPD,Plate1,2024-08-30 10:48:38,1442,t25
D8,20,CSE,10342,6PPD,Plate1,2024-08-30 10:48:38,1442,t25
D9,50,CSE,7452,6PPD,Plate1,2024-08-30 10:48:38,1442,t25
E10,100,CHSE,10209,6PPD,Plate1,2024-08-30 10:48:38,1442,t25
E11,200,CHSE,8907,6PPD,Plate1,2024-08-30 10:48:38,1442,t25
E12,400,CHSE,11608,6PPD,Plate1,2024-08-30 10:48:38,1442,t25
E3,0,CHSE,11821,6PPD,Plate1,2024-08-30 10:48:38,1442,t25
E4,0.1,CHSE,8988,6PPD,Plate1,2024-08-30 10:48:38,1442,t25
E5,1,CHSE,10977,6PPD,Plate1,2024-08-30 10:48:38,1442,t25
E6,5,CHSE,9368,6PPD,Plate1,2024-08-30 10:48:38,1442,t25
E7,10,CHSE,11740,6PPD,Plate1,2024-08-30 10:48:38,1442,t25
E8,20,CHSE,11174,6PPD,Plate1,2024-08-30 10:48:38,1442,t25
E9,50,CHSE,10799,6PPD,Plate1,2024-08-30 10:48:38,1442,t25
F10,100,CHSE,11084,6PPD,Plate1,2024-08-30 10:48:38,1442,t25
F11,200,CHSE,7394,6PPD,Plate1,2024-08-30 10:48:38,1442,t25
F12,400,CHSE,10651,6PPD,Plate1,2024-08-30 10:48:38,1442,t25
F3,0,CHSE,10577,6PPD,Plate1,2024-08-30 10:48:38,1442,t25
F4,0.1,CHSE,8693,6PPD,Plate1,2024-08-30 10:48:38,1442,t25
F5,1,CHSE,10682,6PPD,Plate1,2024-08-30 10:48:38,1442,t25
F6,5,CHSE,13992,6PPD,Plate1,2024-08-30 10:48:38,1442,t25
F7,10,CHSE,12039,6PPD,Plate1,2024-08-30 10:48:38,1442,t25
F8,20,CHSE,9597,6PPD,Plate1,2024-08-30 10:48:38,1442,t25
F9,50,CHSE,8815,6PPD,Plate1,2024-08-30 10:48:38,1442,t25
G10,100,CHSE,10002,6PPD,Plate1,2024-08-30 10:48:38,1442,t25
G11,200,CHSE,10518,6PPD,Plate1,2024-08-30 10:48:38,1442,t25
G12,400,CHSE,10518,6PPD,Plate1,2024-08-30 10:48:38,1442,t25
G3,0,CHSE,11064,6PPD,Plate1,2024-08-30 10:48:38,1442,t25
G4,0.1,CHSE,10671,6PPD,Plate1,2024-08-30 10:48:38,1442,t25
G5,1,CHSE,10915,6PPD,Plate1,2024-08-30 10:48:38,1442,t25
G6,5,CHSE,11890,6PPD,Plate1,2024-08-30 10:48:38,1442,t25
G7,10,CHSE,10023,6PPD,Plate1,2024-08-30 10:48:38,1442,t25
G8,20,CHSE,10364,6PPD,Plate1,2024-08-30 10:48:38,1442,t25
G9,50,CHSE,10231,6PPD,Plate1,2024-08-30 10:48:38,1442,t25
H10,100,CHSE,10700,6PPD,Plate1,2024-08-30 10:48:38,1442,t25
H11,200,CHSE,8620,6PPD,Plate1,2024-08-30 10:48:38,1442,t25
H12,400,CHSE,10433,6PPD,Plate1,2024-08-30 10:48:38,1442,t25
H3,0,CHSE,10579,6PPD,Plate1,2024-08-30 10:48:38,1442,t25
H4,0.1,CHSE,10460,6PPD,Plate1,2024-08-30 10:48:38,1442,t25
H5,1,CHSE,11059,6PPD,Plate1,2024-08-30 10:48:38,1442,t25
H6,5,CHSE,12301,6PPD,Plate1,2024-08-30 10:48:38,1442,t25
H7,10,CHSE,10883,6PPD,Plate1,2024-08-30 10:48:38,1442,t25
H8,20,CHSE,10508,6PPD,Plate1,2024-08-30 10:48:38,1442,t25
H9,50,CHSE,10979,6PPD,Plate1,2024-08-30 10:48:38,1442,t25
A10,100,CSE,7151,6PPD,Plate1,2024-09-05 11:02:10,1440,t25
A11,200,CSE,7092,6PPD,Plate1,2024-09-05 11:02:10,1440,t25
A12,400,CSE,6191,6PPD,Plate1,2024-09-05 11:02:10,1440,t25
A3,0,CSE,15445,6PPD,Plate1,2024-09-05 11:02:10,1440,t25
A4,0.1,CSE,13460,6PPD,Plate1,2024-09-05 11:02:10,1440,t25
A5,1,CSE,16750,6PPD,Plate1,2024-09-05 11:02:10,1440,t25
A6,5,CSE,13605,6PPD,Plate1,2024-09-05 11:02:10,1440,t25
A7,10,CSE,13385,6PPD,Plate1,2024-09-05 11:02:10,1440,t25
A8,20,CSE,13569,6PPD,Plate1,2024-09-05 11:02:10,1440,t25
A9,50,CSE,9860,6PPD,Plate1,2024-09-05 11:02:10,1440,t25
B10,100,CSE,6519,6PPD,Plate1,2024-09-05 11:02:10,1440,t25
B11,200,CSE,7349,6PPD,Plate1,2024-09-05 11:02:10,1440,t25
B12,400,CSE,6098,6PPD,Plate1,2024-09-05 11:02:10,1440,t25
B3,0,CSE,13369,6PPD,Plate1,2024-09-05 11:02:10,1440,t25
B4,0.1,CSE,11936,6PPD,Plate1,2024-09-05 11:02:10,1440,t25
B5,1,CSE,12772,6PPD,Plate1,2024-09-05 11:02:10,1440,t25
B6,5,CSE,11755,6PPD,Plate1,2024-09-05 11:02:10,1440,t25
B7,10,CSE,12647,6PPD,Plate1,2024-09-05 11:02:10,1440,t25
B8,20,CSE,9994,6PPD,Plate1,2024-09-05 11:02:10,1440,t25
B9,50,CSE,11727,6PPD,Plate1,2024-09-05 11:02:10,1440,t25
C10,100,CSE,6597,6PPD,Plate1,2024-09-05 11:02:10,1440,t25
C11,200,CSE,4985,6PPD,Plate1,2024-09-05 11:02:10,1440,t25
C12,400,CSE,7203,6PPD,Plate1,2024-09-05 11:02:10,1440,t25
C3,0,CSE,13604,6PPD,Plate1,2024-09-05 11:02:10,1440,t25
C4,0.1,CSE,8651,6PPD,Plate1,2024-09-05 11:02:10,1440,t25
C5,1,CSE,12646,6PPD,Plate1,2024-09-05 11:02:10,1440,t25
C6,5,CSE,12154,6PPD,Plate1,2024-09-05 11:02:10,1440,t25
C7,10,CSE,11706,6PPD,Plate1,2024-09-05 11:02:10,1440,t25
C8,20,CSE,8658,6PPD,Plate1,2024-09-05 11:02:10,1440,t25
C9,50,CSE,8683,6PPD,Plate1,2024-09-05 11:02:10,1440,t25
D10,100,CSE,7729,6PPD,Plate1,2024-09-05 11:02:10,1440,t25
D11,200,CSE,6688,6PPD,Plate1,2024-09-05 11:02:10,1440,t25
D12,400,CSE,5990,6PPD,Plate1,2024-09-05 11:02:10,1440,t25
D3,0,CSE,11623,6PPD,Plate1,2024-09-05 11:02:10,1440,t25
D4,0.1,CSE,10977,6PPD,Plate1,2024-09-05 11:02:10,1440,t25
D5,1,CSE,11666,6PPD,Plate1,2024-09-05 11:02:10,1440,t25
D6,5,CSE,12530,6PPD,Plate1,2024-09-05 11:02:10,1440,t25
D7,10,CSE,9689,6PPD,Plate1,2024-09-05 11:02:10,1440,t25
D8,20,CSE,9373,6PPD,Plate1,2024-09-05 11:02:10,1440,t25
D9,50,CSE,8966,6PPD,Plate1,2024-09-05 11:02:10,1440,t25
E10,100,CHSE,26808,6PPD,Plate1,2024-09-05 11:02:10,1440,t25
E11,200,CHSE,22338,6PPD,Plate1,2024-09-05 11:02:10,1440,t25
E12,400,CHSE,22180,6PPD,Plate1,2024-09-05 11:02:10,1440,t25
E3,0,CHSE,22271,6PPD,Plate1,2024-09-05 11:02:10,1440,t25
E4,0.1,CHSE,23728,6PPD,Plate1,2024-09-05 11:02:10,1440,t25
E5,1,CHSE,25267,6PPD,Plate1,2024-09-05 11:02:10,1440,t25
E6,5,CHSE,28133,6PPD,Plate1,2024-09-05 11:02:10,1440,t25
E7,10,CHSE,26517,6PPD,Plate1,2024-09-05 11:02:10,1440,t25
E8,20,CHSE,15785,6PPD,Plate1,2024-09-05 11:02:10,1440,t25
E9,50,CHSE,25120,6PPD,Plate1,2024-09-05 11:02:10,1440,t25
F10,100,CHSE,22970,6PPD,Plate1,2024-09-05 11:02:10,1440,t25
F11,200,CHSE,23039,6PPD,Plate1,2024-09-05 11:02:10,1440,t25
F12,400,CHSE,24271,6PPD,Plate1,2024-09-05 11:02:10,1440,t25
F3,0,CHSE,24335,6PPD,Plate1,2024-09-05 11:02:10,1440,t25
F4,0.1,CHSE,24386,6PPD,Plate1,2024-09-05 11:02:10,1440,t25
F5,1,CHSE,25696,6PPD,Plate1,2024-09-05 11:02:10,1440,t25
F6,5,CHSE,25645,6PPD,Plate1,2024-09-05 11:02:10,1440,t25
F7,10,CHSE,21128,6PPD,Plate1,2024-09-05 11:02:10,1440,t25
F8,20,CHSE,26392,6PPD,Plate1,2024-09-05 11:02:10,1440,t25
F9,50,CHSE,21633,6PPD,Plate1,2024-09-05 11:02:10,1440,t25
G10,100,CHSE,24096,6PPD,Plate1,2024-09-05 11:02:10,1440,t25
G11,200,CHSE,24541,6PPD,Plate1,2024-09-05 11:02:10,1440,t25
G12,400,CHSE,20606,6PPD,Plate1,2024-09-05 11:02:10,1440,t25
G3,0,CHSE,23708,6PPD,Plate1,2024-09-05 11:02:10,1440,t25
G4,0.1,CHSE,18121,6PPD,Plate1,2024-09-05 11:02:10,1440,t25
G5,1,CHSE,24926,6PPD,Plate1,2024-09-05 11:02:10,1440,t25
G6,5,CHSE,25325,6PPD,Plate1,2024-09-05 11:02:10,1440,t25
G7,10,CHSE,24640,6PPD,Plate1,2024-09-05 11:02:10,1440,t25
G8,20,CHSE,25515,6PPD,Plate1,2024-09-05 11:02:10,1440,t25
G9,50,CHSE,25481,6PPD,Plate1,2024-09-05 11:02:10,1440,t25
H10,100,CHSE,23810,6PPD,Plate1,2024-09-05 11:02:10,1440,t25
H11,200,CHSE,20757,6PPD,Plate1,2024-09-05 11:02:10,1440,t25
H12,400,CHSE,20244,6PPD,Plate1,2024-09-05 11:02:10,1440,t25
H3,0,CHSE,22842,6PPD,Plate1,2024-09-05 11:02:10,1440,t25
H4,0.1,CHSE,18816,6PPD,Plate1,2024-09-05 11:02:10,1440,t25
H5,1,CHSE,23532,6PPD,Plate1,2024-09-05 11:02:10,1440,t25
H6,5,CHSE,22353,6PPD,Plate1,2024-09-05 11:02:10,1440,t25
H7,10,CHSE,21263,6PPD,Plate1,2024-09-05 11:02:10,1440,t25
H8,20,CHSE,21463,6PPD,Plate1,2024-09-05 11:02:10,1440,t25
H9,50,CHSE,22475,6PPD,Plate1,2024-09-05 11:02:10,1440,t25
A10,100,CSE,6347,6PPD,Plate2,2024-08-30 10:51:08,1438,t25
A11,200,CSE,6335,6PPD,Plate2,2024-08-30 10:51:08,1438,t25
A12,400,CSE,6151,6PPD,Plate2,2024-08-30 10:51:08,1438,t25
A3,0,CSE,9635,6PPD,Plate2,2024-08-30 10:51:08,1438,t25
A4,0.1,CSE,11160,6PPD,Plate2,2024-08-30 10:51:08,1438,t25
A5,1,CSE,9350,6PPD,Plate2,2024-08-30 10:51:08,1438,t25
A6,5,CSE,11464,6PPD,Plate2,2024-08-30 10:51:08,1438,t25
A7,10,CSE,8598,6PPD,Plate2,2024-08-30 10:51:08,1438,t25
A8,20,CSE,8729,6PPD,Plate2,2024-08-30 10:51:08,1438,t25
A9,50,CSE,8431,6PPD,Plate2,2024-08-30 10:51:08,1438,t25
B10,100,CSE,6541,6PPD,Plate2,2024-08-30 10:51:08,1438,t25
B11,200,CSE,5288,6PPD,Plate2,2024-08-30 10:51:08,1438,t25
B12,400,CSE,5326,6PPD,Plate2,2024-08-30 10:51:08,1438,t25
B3,0,CSE,9711,6PPD,Plate2,2024-08-30 10:51:08,1438,t25
B4,0.1,CSE,10162,6PPD,Plate2,2024-08-30 10:51:08,1438,t25
B5,1,CSE,10219,6PPD,Plate2,2024-08-30 10:51:08,1438,t25
B6,5,CSE,11489,6PPD,Plate2,2024-08-30 10:51:08,1438,t25
B7,10,CSE,8395,6PPD,Plate2,2024-08-30 10:51:08,1438,t25
B8,20,CSE,8498,6PPD,Plate2,2024-08-30 10:51:08,1438,t25
B9,50,CSE,7628,6PPD,Plate2,2024-08-30 10:51:08,1438,t25
C10,100,CSE,6740,6PPD,Plate2,2024-08-30 10:51:08,1438,t25
C11,200,CSE,6283,6PPD,Plate2,2024-08-30 10:51:08,1438,t25
C12,400,CSE,5206,6PPD,Plate2,2024-08-30 10:51:08,1438,t25
C3,0,CSE,9723,6PPD,Plate2,2024-08-30 10:51:08,1438,t25
C4,0.1,CSE,9669,6PPD,Plate2,2024-08-30 10:51:08,1438,t25
C5,1,CSE,9717,6PPD,Plate2,2024-08-30 10:51:08,1438,t25
C6,5,CSE,11167,6PPD,Plate2,2024-08-30 10:51:08,1438,t25
C7,10,CSE,8662,6PPD,Plate2,2024-08-30 10:51:08,1438,t25
C8,20,CSE,8614,6PPD,Plate2,2024-08-30 10:51:08,1438,t25
C9,50,CSE,7851,6PPD,Plate2,2024-08-30 10:51:08,1438,t25
D10,100,CSE,4971,6PPD,Plate2,2024-08-30 10:51:08,1438,t25
D11,200,CSE,4282,6PPD,Plate2,2024-08-30 10:51:08,1438,t25
D12,400,CSE,5623,6PPD,Plate2,2024-08-30 10:51:08,1438,t25
D3,0,CSE,11816,6PPD,Plate2,2024-08-30 10:51:08,1438,t25
D4,0.1,CSE,9753,6PPD,Plate2,2024-08-30 10:51:08,1438,t25
D5,1,CSE,9907,6PPD,Plate2,2024-08-30 10:51:08,1438,t25
D6,5,CSE,11455,6PPD,Plate2,2024-08-30 10:51:08,1438,t25
D7,10,CSE,6479,6PPD,Plate2,2024-08-30 10:51:08,1438,t25
D8,20,CSE,9447,6PPD,Plate2,2024-08-30 10:51:08,1438,t25
D9,50,CSE,8506,6PPD,Plate2,2024-08-30 10:51:08,1438,t25
E10,100,CHSE,11045,6PPD,Plate2,2024-08-30 10:51:08,1438,t25
E11,200,CHSE,10684,6PPD,Plate2,2024-08-30 10:51:08,1438,t25
E12,400,CHSE,11410,6PPD,Plate2,2024-08-30 10:51:08,1438,t25
E3,0,CHSE,11403,6PPD,Plate2,2024-08-30 10:51:08,1438,t25
E4,0.1,CHSE,10939,6PPD,Plate2,2024-08-30 10:51:08,1438,t25
E5,1,CHSE,11504,6PPD,Plate2,2024-08-30 10:51:08,1438,t25
E6,5,CHSE,12412,6PPD,Plate2,2024-08-30 10:51:08,1438,t25
E7,10,CHSE,10497,6PPD,Plate2,2024-08-30 10:51:08,1438,t25
E8,20,CHSE,10925,6PPD,Plate2,2024-08-30 10:51:08,1438,t25
E9,50,CHSE,10134,6PPD,Plate2,2024-08-30 10:51:08,1438,t25
F10,100,CHSE,10968,6PPD,Plate2,2024-08-30 10:51:08,1438,t25
F11,200,CHSE,10817,6PPD,Plate2,2024-08-30 10:51:08,1438,t25
F12,400,CHSE,12371,6PPD,Plate2,2024-08-30 10:51:08,1438,t25
F3,0,CHSE,11583,6PPD,Plate2,2024-08-30 10:51:08,1438,t25
F4,0.1,CHSE,11524,6PPD,Plate2,2024-08-30 10:51:08,1438,t25
F5,1,CHSE,12166,6PPD,Plate2,2024-08-30 10:51:08,1438,t25
F6,5,CHSE,11846,6PPD,Plate2,2024-08-30 10:51:08,1438,t25
F7,10,CHSE,11021,6PPD,Plate2,2024-08-30 10:51:08,1438,t25
F8,20,CHSE,11034,6PPD,Plate2,2024-08-30 10:51:08,1438,t25
F9,50,CHSE,7467,6PPD,Plate2,2024-08-30 10:51:08,1438,t25
G10,100,CHSE,11441,6PPD,Plate2,2024-08-30 10:51:08,1438,t25
G11,200,CHSE,10614,6PPD,Plate2,2024-08-30 10:51:08,1438,t25
G12,400,CHSE,11806,6PPD,Plate2,2024-08-30 10:51:08,1438,t25
G3,0,CHSE,10912,6PPD,Plate2,2024-08-30 10:51:08,1438,t25
G4,0.1,CHSE,10610,6PPD,Plate2,2024-08-30 10:51:08,1438,t25
G5,1,CHSE,12627,6PPD,Plate2,2024-08-30 10:51:08,1438,t25
G6,5,CHSE,11619,6PPD,Plate2,2024-08-30 10:51:08,1438,t25
G7,10,CHSE,10423,6PPD,Plate2,2024-08-30 10:51:08,1438,t25
G8,20,CHSE,10861,6PPD,Plate2,2024-08-30 10:51:08,1438,t25
G9,50,CHSE,10002,6PPD,Plate2,2024-08-30 10:51:08,1438,t25
H10,100,CHSE,11656,6PPD,Plate2,2024-08-30 10:51:08,1438,t25
H11,200,CHSE,12680,6PPD,Plate2,2024-08-30 10:51:08,1438,t25
H12,400,CHSE,9369,6PPD,Plate2,2024-08-30 10:51:08,1438,t25
H3,0,CHSE,11681,6PPD,Plate2,2024-08-30 10:51:08,1438,t25
H4,0.1,CHSE,11980,6PPD,Plate2,2024-08-30 10:51:08,1438,t25
H5,1,CHSE,11917,6PPD,Plate2,2024-08-30 10:51:08,1438,t25
H6,5,CHSE,14779,6PPD,Plate2,2024-08-30 10:51:08,1438,t25
H7,10,CHSE,11350,6PPD,Plate2,2024-08-30 10:51:08,1438,t25
H8,20,CHSE,11919,6PPD,Plate2,2024-08-30 10:51:08,1438,t25
H9,50,CHSE,11266,6PPD,Plate2,2024-08-30 10:51:08,1438,t25
A10,100,CSE,8052,6PPD,Plate2,2024-09-05 11:04:34,1437,t25
A11,200,CSE,7979,6PPD,Plate2,2024-09-05 11:04:34,1437,t25
A12,400,CSE,7462,6PPD,Plate2,2024-09-05 11:04:34,1437,t25
A3,0,CSE,14794,6PPD,Plate2,2024-09-05 11:04:34,1437,t25
A4,0.1,CSE,15984,6PPD,Plate2,2024-09-05 11:04:34,1437,t25
A5,1,CSE,15421,6PPD,Plate2,2024-09-05 11:04:34,1437,t25
A6,5,CSE,16012,6PPD,Plate2,2024-09-05 11:04:34,1437,t25
A7,10,CSE,14811,6PPD,Plate2,2024-09-05 11:04:34,1437,t25
A8,20,CSE,13376,6PPD,Plate2,2024-09-05 11:04:34,1437,t25
A9,50,CSE,10157,6PPD,Plate2,2024-09-05 11:04:34,1437,t25
B10,100,CSE,7763,6PPD,Plate2,2024-09-05 11:04:34,1437,t25
B11,200,CSE,7029,6PPD,Plate2,2024-09-05 11:04:34,1437,t25
B12,400,CSE,6936,6PPD,Plate2,2024-09-05 11:04:34,1437,t25
B3,0,CSE,13844,6PPD,Plate2,2024-09-05 11:04:34,1437,t25
B4,0.1,CSE,9044,6PPD,Plate2,2024-09-05 11:04:34,1437,t25
B5,1,CSE,13976,6PPD,Plate2,2024-09-05 11:04:34,1437,t25
B6,5,CSE,15284,6PPD,Plate2,2024-09-05 11:04:34,1437,t25
B7,10,CSE,14686,6PPD,Plate2,2024-09-05 11:04:34,1437,t25
B8,20,CSE,12545,6PPD,Plate2,2024-09-05 11:04:34,1437,t25
B9,50,CSE,9596,6PPD,Plate2,2024-09-05 11:04:34,1437,t25
C10,100,CSE,8015,6PPD,Plate2,2024-09-05 11:04:34,1437,t25
C11,200,CSE,5637,6PPD,Plate2,2024-09-05 11:04:34,1437,t25
C12,400,CSE,6507,6PPD,Plate2,2024-09-05 11:04:34,1437,t25
C3,0,CSE,13827,6PPD,Plate2,2024-09-05 11:04:34,1437,t25
C4,0.1,CSE,13245,6PPD,Plate2,2024-09-05 11:04:34,1437,t25
C5,1,CSE,17137,6PPD,Plate2,2024-09-05 11:04:34,1437,t25
C6,5,CSE,13401,6PPD,Plate2,2024-09-05 11:04:34,1437,t25
C7,10,CSE,15928,6PPD,Plate2,2024-09-05 11:04:34,1437,t25
C8,20,CSE,9485,6PPD,Plate2,2024-09-05 11:04:34,1437,t25
C9,50,CSE,9998,6PPD,Plate2,2024-09-05 11:04:34,1437,t25
D10,100,CSE,8023,6PPD,Plate2,2024-09-05 11:04:34,1437,t25
D11,200,CSE,7258,6PPD,Plate2,2024-09-05 11:04:34,1437,t25
D12,400,CSE,6839,6PPD,Plate2,2024-09-05 11:04:34,1437,t25
D3,0,CSE,13876,6PPD,Plate2,2024-09-05 11:04:34,1437,t25
D4,0.1,CSE,13842,6PPD,Plate2,2024-09-05 11:04:34,1437,t25
D5,1,CSE,14679,6PPD,Plate2,2024-09-05 11:04:34,1437,t25
D6,5,CSE,13703,6PPD,Plate2,2024-09-05 11:04:34,1437,t25
D7,10,CSE,14129,6PPD,Plate2,2024-09-05 11:04:34,1437,t25
D8,20,CSE,9871,6PPD,Plate2,2024-09-05 11:04:34,1437,t25
D9,50,CSE,8817,6PPD,Plate2,2024-09-05 11:04:34,1437,t25
E10,100,CHSE,16774,6PPD,Plate2,2024-09-05 11:04:34,1437,t25
E11,200,CHSE,20679,6PPD,Plate2,2024-09-05 11:04:34,1437,t25
E12,400,CHSE,15569,6PPD,Plate2,2024-09-05 11:04:34,1437,t25
E3,0,CHSE,17514,6PPD,Plate2,2024-09-05 11:04:34,1437,t25
E4,0.1,CHSE,24646,6PPD,Plate2,2024-09-05 11:04:34,1437,t25
E5,1,CHSE,25663,6PPD,Plate2,2024-09-05 11:04:34,1437,t25
E6,5,CHSE,19196,6PPD,Plate2,2024-09-05 11:04:34,1437,t25
E7,10,CHSE,24616,6PPD,Plate2,2024-09-05 11:04:34,1437,t25
E8,20,CHSE,21411,6PPD,Plate2,2024-09-05 11:04:34,1437,t25
E9,50,CHSE,18047,6PPD,Plate2,2024-09-05 11:04:34,1437,t25
F10,100,CHSE,25792,6PPD,Plate2,2024-09-05 11:04:34,1437,t25
F11,200,CHSE,26038,6PPD,Plate2,2024-09-05 11:04:34,1437,t25
F12,400,CHSE,20052,6PPD,Plate2,2024-09-05 11:04:34,1437,t25
F3,0,CHSE,25128,6PPD,Plate2,2024-09-05 11:04:34,1437,t25
F4,0.1,CHSE,24105,6PPD,Plate2,2024-09-05 11:04:34,1437,t25
F5,1,CHSE,24801,6PPD,Plate2,2024-09-05 11:04:34,1437,t25
F6,5,CHSE,20831,6PPD,Plate2,2024-09-05 11:04:34,1437,t25
F7,10,CHSE,27970,6PPD,Plate2,2024-09-05 11:04:34,1437,t25
F8,20,CHSE,26276,6PPD,Plate2,2024-09-05 11:04:34,1437,t25
F9,50,CHSE,25397,6PPD,Plate2,2024-09-05 11:04:34,1437,t25
G10,100,CHSE,28165,6PPD,Plate2,2024-09-05 11:04:34,1437,t25
G11,200,CHSE,18675,6PPD,Plate2,2024-09-05 11:04:34,1437,t25
G12,400,CHSE,23456,6PPD,Plate2,2024-09-05 11:04:34,1437,t25
G3,0,CHSE,23778,6PPD,Plate2,2024-09-05 11:04:34,1437,t25
G4,0.1,CHSE,27640,6PPD,Plate2,2024-09-05 11:04:34,1437,t25
G5,1,CHSE,23993,6PPD,Plate2,2024-09-05 11:04:34,1437,t25
G6,5,CHSE,24621,6PPD,Plate2,2024-09-05 11:04:34,1437,t25
G7,10,CHSE,28772,6PPD,Plate2,2024-09-05 11:04:34,1437,t25
G8,20,CHSE,26193,6PPD,Plate2,2024-09-05 11:04:34,1437,t25
G9,50,CHSE,18529,6PPD,Plate2,2024-09-05 11:04:34,1437,t25
H10,100,CHSE,25148,6PPD,Plate2,2024-09-05 11:04:34,1437,t25
H11,200,CHSE,26021,6PPD,Plate2,2024-09-05 11:04:34,1437,t25
H12,400,CHSE,22132,6PPD,Plate2,2024-09-05 11:04:34,1437,t25
H3,0,CHSE,23130,6PPD,Plate2,2024-09-05 11:04:34,1437,t25
H4,0.1,CHSE,26963,6PPD,Plate2,2024-09-05 11:04:34,1437,t25
H5,1,CHSE,25692,6PPD,Plate2,2024-09-05 11:04:34,1437,t25
H6,5,CHSE,28035,6PPD,Plate2,2024-09-05 11:04:34,1437,t25
H7,10,CHSE,25389,6PPD,Plate2,2024-09-05 11:04:34,1437,t25
H8,20,CHSE,25527,6PPD,Plate2,2024-09-05 11:04:34,1437,t25
H9,50,CHSE,29061,6PPD,Plate2,2024-09-05 11:04:34,1437,t25
A10,100,CSE,6615,6PPD,Plate3,2024-08-30 10:53:17,1437,t25
A11,200,CSE,6090,6PPD,Plate3,2024-08-30 10:53:17,1437,t25
A12,400,CSE,5579,6PPD,Plate3,2024-08-30 10:53:17,1437,t25
A3,0,CSE,11096,6PPD,Plate3,2024-08-30 10:53:17,1437,t25
A4,0.1,CSE,10389,6PPD,Plate3,2024-08-30 10:53:17,1437,t25
A5,1,CSE,10762,6PPD,Plate3,2024-08-30 10:53:17,1437,t25
A6,5,CSE,11974,6PPD,Plate3,2024-08-30 10:53:17,1437,t25
A7,10,CSE,11993,6PPD,Plate3,2024-08-30 10:53:17,1437,t25
A8,20,CSE,11151,6PPD,Plate3,2024-08-30 10:53:17,1437,t25
A9,50,CSE,8126,6PPD,Plate3,2024-08-30 10:53:17,1437,t25
B10,100,CSE,6280,6PPD,Plate3,2024-08-30 10:53:17,1437,t25
B11,200,CSE,5604,6PPD,Plate3,2024-08-30 10:53:17,1437,t25
B12,400,CSE,6229,6PPD,Plate3,2024-08-30 10:53:17,1437,t25
B3,0,CSE,10071,6PPD,Plate3,2024-08-30 10:53:17,1437,t25
B4,0.1,CSE,9152,6PPD,Plate3,2024-08-30 10:53:17,1437,t25
B5,1,CSE,9831,6PPD,Plate3,2024-08-30 10:53:17,1437,t25
B6,5,CSE,9820,6PPD,Plate3,2024-08-30 10:53:17,1437,t25
B7,10,CSE,9373,6PPD,Plate3,2024-08-30 10:53:17,1437,t25
B8,20,CSE,9520,6PPD,Plate3,2024-08-30 10:53:17,1437,t25
B9,50,CSE,7271,6PPD,Plate3,2024-08-30 10:53:17,1437,t25
C10,100,CSE,6267,6PPD,Plate3,2024-08-30 10:53:17,1437,t25
C11,200,CSE,5703,6PPD,Plate3,2024-08-30 10:53:17,1437,t25
C12,400,CSE,5834,6PPD,Plate3,2024-08-30 10:53:17,1437,t25
C3,0,CSE,10448,6PPD,Plate3,2024-08-30 10:53:17,1437,t25
C4,0.1,CSE,10231,6PPD,Plate3,2024-08-30 10:53:17,1437,t25
C5,1,CSE,9506,6PPD,Plate3,2024-08-30 10:53:17,1437,t25
C6,5,CSE,10095,6PPD,Plate3,2024-08-30 10:53:17,1437,t25
C7,10,CSE,9370,6PPD,Plate3,2024-08-30 10:53:17,1437,t25
C8,20,CSE,9253,6PPD,Plate3,2024-08-30 10:53:17,1437,t25
C9,50,CSE,5601,6PPD,Plate3,2024-08-30 10:53:17,1437,t25
D10,100,CSE,6180,6PPD,Plate3,2024-08-30 10:53:17,1437,t25
D11,200,CSE,5432,6PPD,Plate3,2024-08-30 10:53:17,1437,t25
D12,400,CSE,5404,6PPD,Plate3,2024-08-30 10:53:17,1437,t25
D3,0,CSE,9266,6PPD,Plate3,2024-08-30 10:53:17,1437,t25
D4,0.1,CSE,7935,6PPD,Plate3,2024-08-30 10:53:17,1437,t25
D5,1,CSE,9181,6PPD,Plate3,2024-08-30 10:53:17,1437,t25
D6,5,CSE,6862,6PPD,Plate3,2024-08-30 10:53:17,1437,t25
D7,10,CSE,8646,6PPD,Plate3,2024-08-30 10:53:17,1437,t25
D8,20,CSE,8373,6PPD,Plate3,2024-08-30 10:53:17,1437,t25
D9,50,CSE,6866,6PPD,Plate3,2024-08-30 10:53:17,1437,t25
E10,100,CHSE,9795,6PPD,Plate3,2024-08-30 10:53:17,1437,t25
E11,200,CHSE,8321,6PPD,Plate3,2024-08-30 10:53:17,1437,t25
E12,400,CHSE,11308,6PPD,Plate3,2024-08-30 10:53:17,1437,t25
E3,0,CHSE,12318,6PPD,Plate3,2024-08-30 10:53:17,1437,t25
E4,0.1,CHSE,11913,6PPD,Plate3,2024-08-30 10:53:17,1437,t25
E5,1,CHSE,11394,6PPD,Plate3,2024-08-30 10:53:17,1437,t25
E6,5,CHSE,14550,6PPD,Plate3,2024-08-30 10:53:17,1437,t25
E7,10,CHSE,10362,6PPD,Plate3,2024-08-30 10:53:17,1437,t25
E8,20,CHSE,7557,6PPD,Plate3,2024-08-30 10:53:17,1437,t25
E9,50,CHSE,12923,6PPD,Plate3,2024-08-30 10:53:17,1437,t25
F10,100,CHSE,11230,6PPD,Plate3,2024-08-30 10:53:17,1437,t25
F11,200,CHSE,10691,6PPD,Plate3,2024-08-30 10:53:17,1437,t25
F12,400,CHSE,10271,6PPD,Plate3,2024-08-30 10:53:17,1437,t25
F3,0,CHSE,12170,6PPD,Plate3,2024-08-30 10:53:17,1437,t25
F4,0.1,CHSE,11092,6PPD,Plate3,2024-08-30 10:53:17,1437,t25
F5,1,CHSE,11525,6PPD,Plate3,2024-08-30 10:53:17,1437,t25
F6,5,CHSE,13548,6PPD,Plate3,2024-08-30 10:53:17,1437,t25
F7,10,CHSE,12481,6PPD,Plate3,2024-08-30 10:53:17,1437,t25
F8,20,CHSE,9539,6PPD,Plate3,2024-08-30 10:53:17,1437,t25
F9,50,CHSE,11412,6PPD,Plate3,2024-08-30 10:53:17,1437,t25
G10,100,CHSE,10841,6PPD,Plate3,2024-08-30 10:53:17,1437,t25
G11,200,CHSE,11720,6PPD,Plate3,2024-08-30 10:53:17,1437,t25
G12,400,CHSE,8644,6PPD,Plate3,2024-08-30 10:53:17,1437,t25
G3,0,CHSE,11275,6PPD,Plate3,2024-08-30 10:53:17,1437,t25
G4,0.1,CHSE,10937,6PPD,Plate3,2024-08-30 10:53:17,1437,t25
G5,1,CHSE,11392,6PPD,Plate3,2024-08-30 10:53:17,1437,t25
G6,5,CHSE,12828,6PPD,Plate3,2024-08-30 10:53:17,1437,t25
G7,10,CHSE,11148,6PPD,Plate3,2024-08-30 10:53:17,1437,t25
G8,20,CHSE,11700,6PPD,Plate3,2024-08-30 10:53:17,1437,t25
G9,50,CHSE,11094,6PPD,Plate3,2024-08-30 10:53:17,1437,t25
H10,100,CHSE,11140,6PPD,Plate3,2024-08-30 10:53:17,1437,t25
H11,200,CHSE,12977,6PPD,Plate3,2024-08-30 10:53:17,1437,t25
H12,400,CHSE,14031,6PPD,Plate3,2024-08-30 10:53:17,1437,t25
H3,0,CHSE,11468,6PPD,Plate3,2024-08-30 10:53:17,1437,t25
H4,0.1,CHSE,10430,6PPD,Plate3,2024-08-30 10:53:17,1437,t25
H5,1,CHSE,12287,6PPD,Plate3,2024-08-30 10:53:17,1437,t25
H6,5,CHSE,14361,6PPD,Plate3,2024-08-30 10:53:17,1437,t25
H7,10,CHSE,11864,6PPD,Plate3,2024-08-30 10:53:17,1437,t25
H8,20,CHSE,11050,6PPD,Plate3,2024-08-30 10:53:17,1437,t25
H9,50,CHSE,12886,6PPD,Plate3,2024-08-30 10:53:17,1437,t25
A10,100,CSE,9403,6PPD,Plate3,2024-09-05 11:08:09,1435,t25
A11,200,CSE,7538,6PPD,Plate3,2024-09-05 11:08:09,1435,t25
A12,400,CSE,7289,6PPD,Plate3,2024-09-05 11:08:09,1435,t25
A3,0,CSE,15317,6PPD,Plate3,2024-09-05 11:08:09,1435,t25
A4,0.1,CSE,14713,6PPD,Plate3,2024-09-05 11:08:09,1435,t25
A5,1,CSE,14861,6PPD,Plate3,2024-09-05 11:08:09,1435,t25
A6,5,CSE,15356,6PPD,Plate3,2024-09-05 11:08:09,1435,t25
A7,10,CSE,14452,6PPD,Plate3,2024-09-05 11:08:09,1435,t25
A8,20,CSE,13687,6PPD,Plate3,2024-09-05 11:08:09,1435,t25
A9,50,CSE,9771,6PPD,Plate3,2024-09-05 11:08:09,1435,t25
B10,100,CSE,8314,6PPD,Plate3,2024-09-05 11:08:09,1435,t25
B11,200,CSE,7121,6PPD,Plate3,2024-09-05 11:08:09,1435,t25
B12,400,CSE,7023,6PPD,Plate3,2024-09-05 11:08:09,1435,t25
B3,0,CSE,14203,6PPD,Plate3,2024-09-05 11:08:09,1435,t25
B4,0.1,CSE,13542,6PPD,Plate3,2024-09-05 11:08:09,1435,t25
B5,1,CSE,13280,6PPD,Plate3,2024-09-05 11:08:09,1435,t25
B6,5,CSE,12314,6PPD,Plate3,2024-09-05 11:08:09,1435,t25
B7,10,CSE,13369,6PPD,Plate3,2024-09-05 11:08:09,1435,t25
B8,20,CSE,12742,6PPD,Plate3,2024-09-05 11:08:09,1435,t25
B9,50,CSE,9250,6PPD,Plate3,2024-09-05 11:08:09,1435,t25
C10,100,CSE,6735,6PPD,Plate3,2024-09-05 11:08:09,1435,t25
C11,200,CSE,7457,6PPD,Plate3,2024-09-05 11:08:09,1435,t25
C12,400,CSE,7290,6PPD,Plate3,2024-09-05 11:08:09,1435,t25
C3,0,CSE,11684,6PPD,Plate3,2024-09-05 11:08:09,1435,t25
C4,0.1,CSE,13692,6PPD,Plate3,2024-09-05 11:08:09,1435,t25
C5,1,CSE,13054,6PPD,Plate3,2024-09-05 11:08:09,1435,t25
C6,5,CSE,11219,6PPD,Plate3,2024-09-05 11:08:09,1435,t25
C7,10,CSE,8917,6PPD,Plate3,2024-09-05 11:08:09,1435,t25
C8,20,CSE,12532,6PPD,Plate3,2024-09-05 11:08:09,1435,t25
C9,50,CSE,9209,6PPD,Plate3,2024-09-05 11:08:09,1435,t25
D10,100,CSE,7386,6PPD,Plate3,2024-09-05 11:08:09,1435,t25
D11,200,CSE,6900,6PPD,Plate3,2024-09-05 11:08:09,1435,t25
D12,400,CSE,7158,6PPD,Plate3,2024-09-05 11:08:09,1435,t25
D3,0,CSE,13636,6PPD,Plate3,2024-09-05 11:08:09,1435,t25
D4,0.1,CSE,13168,6PPD,Plate3,2024-09-05 11:08:09,1435,t25
D5,1,CSE,14980,6PPD,Plate3,2024-09-05 11:08:09,1435,t25
D6,5,CSE,15237,6PPD,Plate3,2024-09-05 11:08:09,1435,t25
D7,10,CSE,13472,6PPD,Plate3,2024-09-05 11:08:09,1435,t25
D8,20,CSE,8981,6PPD,Plate3,2024-09-05 11:08:09,1435,t25
D9,50,CSE,7552,6PPD,Plate3,2024-09-05 11:08:09,1435,t25
E10,100,CHSE,25078,6PPD,Plate3,2024-09-05 11:08:09,1435,t25
E11,200,CHSE,31617,6PPD,Plate3,2024-09-05 11:08:09,1435,t25
E12,400,CHSE,24710,6PPD,Plate3,2024-09-05 11:08:09,1435,t25
E3,0,CHSE,25366,6PPD,Plate3,2024-09-05 11:08:09,1435,t25
E4,0.1,CHSE,24254,6PPD,Plate3,2024-09-05 11:08:09,1435,t25
E5,1,CHSE,25763,6PPD,Plate3,2024-09-05 11:08:09,1435,t25
E6,5,CHSE,24242,6PPD,Plate3,2024-09-05 11:08:09,1435,t25
E7,10,CHSE,17128,6PPD,Plate3,2024-09-05 11:08:09,1435,t25
E8,20,CHSE,24745,6PPD,Plate3,2024-09-05 11:08:09,1435,t25
E9,50,CHSE,27938,6PPD,Plate3,2024-09-05 11:08:09,1435,t25
F10,100,CHSE,27026,6PPD,Plate3,2024-09-05 11:08:09,1435,t25
F11,200,CHSE,25341,6PPD,Plate3,2024-09-05 11:08:09,1435,t25
F12,400,CHSE,22435,6PPD,Plate3,2024-09-05 11:08:09,1435,t25
F3,0,CHSE,16314,6PPD,Plate3,2024-09-05 11:08:09,1435,t25
F4,0.1,CHSE,26081,6PPD,Plate3,2024-09-05 11:08:09,1435,t25
F5,1,CHSE,23730,6PPD,Plate3,2024-09-05 11:08:09,1435,t25
F6,5,CHSE,23202,6PPD,Plate3,2024-09-05 11:08:09,1435,t25
F7,10,CHSE,24551,6PPD,Plate3,2024-09-05 11:08:09,1435,t25
F8,20,CHSE,26624,6PPD,Plate3,2024-09-05 11:08:09,1435,t25
F9,50,CHSE,26948,6PPD,Plate3,2024-09-05 11:08:09,1435,t25
G10,100,CHSE,22909,6PPD,Plate3,2024-09-05 11:08:09,1435,t25
G11,200,CHSE,26952,6PPD,Plate3,2024-09-05 11:08:09,1435,t25
G12,400,CHSE,22466,6PPD,Plate3,2024-09-05 11:08:09,1435,t25
G3,0,CHSE,25273,6PPD,Plate3,2024-09-05 11:08:09,1435,t25
G4,0.1,CHSE,23377,6PPD,Plate3,2024-09-05 11:08:09,1435,t25
G5,1,CHSE,28198,6PPD,Plate3,2024-09-05 11:08:09,1435,t25
G6,5,CHSE,26752,6PPD,Plate3,2024-09-05 11:08:09,1435,t25
G7,10,CHSE,25341,6PPD,Plate3,2024-09-05 11:08:09,1435,t25
G8,20,CHSE,26493,6PPD,Plate3,2024-09-05 11:08:09,1435,t25
G9,50,CHSE,18928,6PPD,Plate3,2024-09-05 11:08:09,1435,t25
H10,100,CHSE,27901,6PPD,Plate3,2024-09-05 11:08:09,1435,t25
H11,200,CHSE,17265,6PPD,Plate3,2024-09-05 11:08:09,1435,t25
H12,400,CHSE,24077,6PPD,Plate3,2024-09-05 11:08:09,1435,t25
H3,0,CHSE,28396,6PPD,Plate3,2024-09-05 11:08:09,1435,t25
H4,0.1,CHSE,25718,6PPD,Plate3,2024-09-05 11:08:09,1435,t25
H5,1,CHSE,27313,6PPD,Plate3,2024-09-05 11:08:09,1435,t25
H6,5,CHSE,29870,6PPD,Plate3,2024-09-05 11:08:09,1435,t25
H7,10,CHSE,26826,6PPD,Plate3,2024-09-05 11:08:09,1435,t25
H8,20,CHSE,26559,6PPD,Plate3,2024-09-05 11:08:09,1435,t25
H9,50,CHSE,28590,6PPD,Plate3,2024-09-05 11:08:09,1435,t25
A10,100,RTG,18456,6PPD,Plate4,2024-08-30 10:57:01,1436,t25
A11,200,RTG,17127,6PPD,Plate4,2024-08-30 10:57:01,1436,t25
A12,400,RTG,15981,6PPD,Plate4,2024-08-30 10:57:01,1436,t25
A3,0,RTG,19385,6PPD,Plate4,2024-08-30 10:57:01,1436,t25
A4,0.1,RTG,19780,6PPD,Plate4,2024-08-30 10:57:01,1436,t25
A5,1,RTG,19611,6PPD,Plate4,2024-08-30 10:57:01,1436,t25
A6,5,RTG,21605,6PPD,Plate4,2024-08-30 10:57:01,1436,t25
A7,10,RTG,18957,6PPD,Plate4,2024-08-30 10:57:01,1436,t25
A8,20,RTG,19061,6PPD,Plate4,2024-08-30 10:57:01,1436,t25
A9,50,RTG,18470,6PPD,Plate4,2024-08-30 10:57:01,1436,t25
B10,100,RTG,16792,6PPD,Plate4,2024-08-30 10:57:01,1436,t25
B11,200,RTG,16006,6PPD,Plate4,2024-08-30 10:57:01,1436,t25
B12,400,RTG,17037,6PPD,Plate4,2024-08-30 10:57:01,1436,t25
B3,0,RTG,18795,6PPD,Plate4,2024-08-30 10:57:01,1436,t25
B4,0.1,RTG,17433,6PPD,Plate4,2024-08-30 10:57:01,1436,t25
B5,1,RTG,19781,6PPD,Plate4,2024-08-30 10:57:01,1436,t25
B6,5,RTG,22283,6PPD,Plate4,2024-08-30 10:57:01,1436,t25
B7,10,RTG,18438,6PPD,Plate4,2024-08-30 10:57:01,1436,t25
B8,20,RTG,16042,6PPD,Plate4,2024-08-30 10:57:01,1436,t25
B9,50,RTG,16941,6PPD,Plate4,2024-08-30 10:57:01,1436,t25
C10,100,RTG,12870,6PPD,Plate4,2024-08-30 10:57:01,1436,t25
C11,200,RTG,16386,6PPD,Plate4,2024-08-30 10:57:01,1436,t25
C12,400,RTG,17593,6PPD,Plate4,2024-08-30 10:57:01,1436,t25
C3,0,RTG,18946,6PPD,Plate4,2024-08-30 10:57:01,1436,t25
C4,0.1,RTG,17327,6PPD,Plate4,2024-08-30 10:57:01,1436,t25
C5,1,RTG,18413,6PPD,Plate4,2024-08-30 10:57:01,1436,t25
C6,5,RTG,19860,6PPD,Plate4,2024-08-30 10:57:01,1436,t25
C7,10,RTG,17164,6PPD,Plate4,2024-08-30 10:57:01,1436,t25
C8,20,RTG,17332,6PPD,Plate4,2024-08-30 10:57:01,1436,t25
C9,50,RTG,17275,6PPD,Plate4,2024-08-30 10:57:01,1436,t25
D10,100,RTG,18418,6PPD,Plate4,2024-08-30 10:57:01,1436,t25
D11,200,RTG,17416,6PPD,Plate4,2024-08-30 10:57:01,1436,t25
D12,400,RTG,17545,6PPD,Plate4,2024-08-30 10:57:01,1436,t25
D3,0,RTG,20270,6PPD,Plate4,2024-08-30 10:57:01,1436,t25
D4,0.1,RTG,18420,6PPD,Plate4,2024-08-30 10:57:01,1436,t25
D5,1,RTG,19316,6PPD,Plate4,2024-08-30 10:57:01,1436,t25
D6,5,RTG,20737,6PPD,Plate4,2024-08-30 10:57:01,1436,t25
D7,10,RTG,18929,6PPD,Plate4,2024-08-30 10:57:01,1436,t25
D8,20,RTG,19210,6PPD,Plate4,2024-08-30 10:57:01,1436,t25
D9,50,RTG,19382,6PPD,Plate4,2024-08-30 10:57:01,1436,t25
A10,100,RTG,18548,6PPD,Plate5,2024-08-30 10:59:14,1435,t25
A11,200,RTG,18268,6PPD,Plate5,2024-08-30 10:59:14,1435,t25
A12,400,RTG,17574,6PPD,Plate5,2024-08-30 10:59:14,1435,t25
A3,0,RTG,19983,6PPD,Plate5,2024-08-30 10:59:14,1435,t25
A4,0.1,RTG,19398,6PPD,Plate5,2024-08-30 10:59:14,1435,t25
A5,1,RTG,19767,6PPD,Plate5,2024-08-30 10:59:14,1435,t25
A6,5,RTG,22252,6PPD,Plate5,2024-08-30 10:59:14,1435,t25
A7,10,RTG,18805,6PPD,Plate5,2024-08-30 10:59:14,1435,t25
A8,20,RTG,19570,6PPD,Plate5,2024-08-30 10:59:14,1435,t25
A9,50,RTG,19131,6PPD,Plate5,2024-08-30 10:59:14,1435,t25
B10,100,RTG,17101,6PPD,Plate5,2024-08-30 10:59:14,1435,t25
B11,200,RTG,16899,6PPD,Plate5,2024-08-30 10:59:14,1435,t25
B12,400,RTG,17347,6PPD,Plate5,2024-08-30 10:59:14,1435,t25
B3,0,RTG,17723,6PPD,Plate5,2024-08-30 10:59:14,1435,t25
B4,0.1,RTG,17500,6PPD,Plate5,2024-08-30 10:59:14,1435,t25
B5,1,RTG,18203,6PPD,Plate5,2024-08-30 10:59:14,1435,t25
B6,5,RTG,19821,6PPD,Plate5,2024-08-30 10:59:14,1435,t25
B7,10,RTG,17680,6PPD,Plate5,2024-08-30 10:59:14,1435,t25
B8,20,RTG,17154,6PPD,Plate5,2024-08-30 10:59:14,1435,t25
B9,50,RTG,17778,6PPD,Plate5,2024-08-30 10:59:14,1435,t25
C10,100,RTG,17137,6PPD,Plate5,2024-08-30 10:59:14,1435,t25
C11,200,RTG,17174,6PPD,Plate5,2024-08-30 10:59:14,1435,t25
C12,400,RTG,16520,6PPD,Plate5,2024-08-30 10:59:14,1435,t25
C3,0,RTG,17525,6PPD,Plate5,2024-08-30 10:59:14,1435,t25
C4,0.1,RTG,16705,6PPD,Plate5,2024-08-30 10:59:14,1435,t25
C5,1,RTG,17829,6PPD,Plate5,2024-08-30 10:59:14,1435,t25
C6,5,RTG,18927,6PPD,Plate5,2024-08-30 10:59:14,1435,t25
C7,10,RTG,17313,6PPD,Plate5,2024-08-30 10:59:14,1435,t25
C8,20,RTG,17433,6PPD,Plate5,2024-08-30 10:59:14,1435,t25
C9,50,RTG,17664,6PPD,Plate5,2024-08-30 10:59:14,1435,t25
D10,100,RTG,18720,6PPD,Plate5,2024-08-30 10:59:14,1435,t25
D11,200,RTG,17925,6PPD,Plate5,2024-08-30 10:59:14,1435,t25
D12,400,RTG,16749,6PPD,Plate5,2024-08-30 10:59:14,1435,t25
D3,0,RTG,18471,6PPD,Plate5,2024-08-30 10:59:14,1435,t25
D4,0.1,RTG,17834,6PPD,Plate5,2024-08-30 10:59:14,1435,t25
D5,1,RTG,18479,6PPD,Plate5,2024-08-30 10:59:14,1435,t25
D6,5,RTG,19698,6PPD,Plate5,2024-08-30 10:59:14,1435,t25
D7,10,RTG,18486,6PPD,Plate5,2024-08-30 10:59:14,1435,t25
D8,20,RTG,18875,6PPD,Plate5,2024-08-30 10:59:14,1435,t25
D9,50,RTG,18087,6PPD,Plate5,2024-08-30 10:59:14,1435,t25
A10,100,RTG,20972,6PPD,Plate6,2024-08-30 11:00:59,1432,t25
A11,200,RTG,18721,6PPD,Plate6,2024-08-30 11:00:59,1432,t25
A12,400,RTG,16037,6PPD,Plate6,2024-08-30 11:00:59,1432,t25
A3,0,RTG,19915,6PPD,Plate6,2024-08-30 11:00:59,1432,t25
A4,0.1,RTG,17917,6PPD,Plate6,2024-08-30 11:00:59,1432,t25
A5,1,RTG,19525,6PPD,Plate6,2024-08-30 11:00:59,1432,t25
A6,5,RTG,21813,6PPD,Plate6,2024-08-30 11:00:59,1432,t25
A7,10,RTG,20974,6PPD,Plate6,2024-08-30 11:00:59,1432,t25
A8,20,RTG,20494,6PPD,Plate6,2024-08-30 11:00:59,1432,t25
A9,50,RTG,18658,6PPD,Plate6,2024-08-30 11:00:59,1432,t25
B10,100,RTG,16371,6PPD,Plate6,2024-08-30 11:00:59,1432,t25
B11,200,RTG,12444,6PPD,Plate6,2024-08-30 11:00:59,1432,t25
B12,400,RTG,16299,6PPD,Plate6,2024-08-30 11:00:59,1432,t25
B3,0,RTG,17491,6PPD,Plate6,2024-08-30 11:00:59,1432,t25
B4,0.1,RTG,16802,6PPD,Plate6,2024-08-30 11:00:59,1432,t25
B5,1,RTG,17315,6PPD,Plate6,2024-08-30 11:00:59,1432,t25
B6,5,RTG,19210,6PPD,Plate6,2024-08-30 11:00:59,1432,t25
B7,10,RTG,16696,6PPD,Plate6,2024-08-30 11:00:59,1432,t25
B8,20,RTG,16669,6PPD,Plate6,2024-08-30 11:00:59,1432,t25
B9,50,RTG,16691,6PPD,Plate6,2024-08-30 11:00:59,1432,t25
C10,100,RTG,15167,6PPD,Plate6,2024-08-30 11:00:59,1432,t25
C11,200,RTG,16841,6PPD,Plate6,2024-08-30 11:00:59,1432,t25
C12,400,RTG,16516,6PPD,Plate6,2024-08-30 11:00:59,1432,t25
C3,0,RTG,15347,6PPD,Plate6,2024-08-30 11:00:59,1432,t25
C4,0.1,RTG,15302,6PPD,Plate6,2024-08-30 11:00:59,1432,t25
C5,1,RTG,15718,6PPD,Plate6,2024-08-30 11:00:59,1432,t25
C6,5,RTG,18381,6PPD,Plate6,2024-08-30 11:00:59,1432,t25
C7,10,RTG,16506,6PPD,Plate6,2024-08-30 11:00:59,1432,t25
C8,20,RTG,16523,6PPD,Plate6,2024-08-30 11:00:59,1432,t25
C9,50,RTG,15036,6PPD,Plate6,2024-08-30 11:00:59,1432,t25
D10,100,RTG,17710,6PPD,Plate6,2024-08-30 11:00:59,1432,t25
D11,200,RTG,16285,6PPD,Plate6,2024-08-30 11:00:59,1432,t25
D12,400,RTG,13048,6PPD,Plate6,2024-08-30 11:00:59,1432,t25
D3,0,RTG,14726,6PPD,Plate6,2024-08-30 11:00:59,1432,t25
D4,0.1,RTG,14540,6PPD,Plate6,2024-08-30 11:00:59,1432,t25
D5,1,RTG,15471,6PPD,Plate6,2024-08-30 11:00:59,1432,t25
D6,5,RTG,18475,6PPD,Plate6,2024-08-30 11:00:59,1432,t25
D7,10,RTG,16581,6PPD,Plate6,2024-08-30 11:00:59,1432,t25
D8,20,RTG,15777,6PPD,Plate6,2024-08-30 11:00:59,1432,t25
D9,50,RTG,16585,6PPD,Plate6,2024-08-30 11:00:59,1432,t25
A10,20,CSE,12082,6PPDQ,Plate1,2024-08-09 11:36:40,1453,
A11,50,CSE,8461,6PPDQ,Plate1,2024-08-09 11:36:40,1453,
A12,100,CSE,7736,6PPDQ,Plate1,2024-08-09 11:36:40,1453,
A3,0,CSE,20288,6PPDQ,Plate1,2024-08-09 11:36:40,1453,
A4,0,CSE,20812,6PPDQ,Plate1,2024-08-09 11:36:40,1453,
A5,0.1,CSE,19184,6PPDQ,Plate1,2024-08-09 11:36:40,1453,
A6,0.5,CSE,19377,6PPDQ,Plate1,2024-08-09 11:36:40,1453,
A7,1,CSE,19606,6PPDQ,Plate1,2024-08-09 11:36:40,1453,
A8,5,CSE,17265,6PPDQ,Plate1,2024-08-09 11:36:40,1453,
A9,10,CSE,13192,6PPDQ,Plate1,2024-08-09 11:36:40,1453,
B10,20,CSE,9339,6PPDQ,Plate1,2024-08-09 11:36:40,1453,
B11,50,CSE,7001,6PPDQ,Plate1,2024-08-09 11:36:40,1453,
B12,100,CSE,5891,6PPDQ,Plate1,2024-08-09 11:36:40,1453,
B3,0,CSE,18445,6PPDQ,Plate1,2024-08-09 11:36:40,1453,
B4,0,CSE,18308,6PPDQ,Plate1,2024-08-09 11:36:40,1453,
B5,0.1,CSE,16197,6PPDQ,Plate1,2024-08-09 11:36:40,1453,
B6,0.5,CSE,17160,6PPDQ,Plate1,2024-08-09 11:36:40,1453,
B7,1,CSE,17206,6PPDQ,Plate1,2024-08-09 11:36:40,1453,
B8,5,CSE,14538,6PPDQ,Plate1,2024-08-09 11:36:40,1453,
B9,10,CSE,11762,6PPDQ,Plate1,2024-08-09 11:36:40,1453,
C10,20,CSE,9171,6PPDQ,Plate1,2024-08-09 11:36:40,1453,
C11,50,CSE,7618,6PPDQ,Plate1,2024-08-09 11:36:40,1453,
C12,100,CSE,7935,6PPDQ,Plate1,2024-08-09 11:36:40,1453,
C3,0,CSE,18523,6PPDQ,Plate1,2024-08-09 11:36:40,1453,
C4,0,CSE,19024,6PPDQ,Plate1,2024-08-09 11:36:40,1453,
C5,0.1,CSE,17777,6PPDQ,Plate1,2024-08-09 11:36:40,1453,
C6,0.5,CSE,17501,6PPDQ,Plate1,2024-08-09 11:36:40,1453,
C7,1,CSE,18541,6PPDQ,Plate1,2024-08-09 11:36:40,1453,
C8,5,CSE,15766,6PPDQ,Plate1,2024-08-09 11:36:40,1453,
C9,10,CSE,11519,6PPDQ,Plate1,2024-08-09 11:36:40,1453,
D10,20,CSE,8870,6PPDQ,Plate1,2024-08-09 11:36:40,1453,
D11,50,CSE,8027,6PPDQ,Plate1,2024-08-09 11:36:40,1453,
D12,100,CSE,7183,6PPDQ,Plate1,2024-08-09 11:36:40,1453,
D3,0,CSE,19291,6PPDQ,Plate1,2024-08-09 11:36:40,1453,
D4,0,CSE,16924,6PPDQ,Plate1,2024-08-09 11:36:40,1453,
D5,0.1,CSE,18425,6PPDQ,Plate1,2024-08-09 11:36:40,1453,
D6,0.5,CSE,16792,6PPDQ,Plate1,2024-08-09 11:36:40,1453,
D7,1,CSE,17516,6PPDQ,Plate1,2024-08-09 11:36:40,1453,
D8,5,CSE,14477,6PPDQ,Plate1,2024-08-09 11:36:40,1453,
D9,10,CSE,11632,6PPDQ,Plate1,2024-08-09 11:36:40,1453,
E10,20,CHSE,15315,6PPDQ,Plate1,2024-08-09 11:36:40,1453,
E11,50,CHSE,15065,6PPDQ,Plate1,2024-08-09 11:36:40,1453,
E12,100,CHSE,15176,6PPDQ,Plate1,2024-08-09 11:36:40,1453,
E3,0,CHSE,16196,6PPDQ,Plate1,2024-08-09 11:36:40,1453,
E4,0,CHSE,15845,6PPDQ,Plate1,2024-08-09 11:36:40,1453,
E5,0.1,CHSE,15347,6PPDQ,Plate1,2024-08-09 11:36:40,1453,
E6,0.5,CHSE,15279,6PPDQ,Plate1,2024-08-09 11:36:40,1453,
E7,1,CHSE,16194,6PPDQ,Plate1,2024-08-09 11:36:40,1453,
E8,5,CHSE,15182,6PPDQ,Plate1,2024-08-09 11:36:40,1453,
E9,10,CHSE,10391,6PPDQ,Plate1,2024-08-09 11:36:40,1453,
F10,20,CHSE,15699,6PPDQ,Plate1,2024-08-09 11:36:40,1453,
F11,50,CHSE,14428,6PPDQ,Plate1,2024-08-09 11:36:40,1453,
F12,100,CHSE,15970,6PPDQ,Plate1,2024-08-09 11:36:40,1453,
F3,0,CHSE,16656,6PPDQ,Plate1,2024-08-09 11:36:40,1453,
F4,0,CHSE,15486,6PPDQ,Plate1,2024-08-09 11:36:40,1453,
F5,0.1,CHSE,15161,6PPDQ,Plate1,2024-08-09 11:36:40,1453,
F6,0.5,CHSE,17100,6PPDQ,Plate1,2024-08-09 11:36:40,1453,
F7,1,CHSE,15086,6PPDQ,Plate1,2024-08-09 11:36:40,1453,
F8,5,CHSE,14655,6PPDQ,Plate1,2024-08-09 11:36:40,1453,
F9,10,CHSE,15302,6PPDQ,Plate1,2024-08-09 11:36:40,1453,
G10,20,CHSE,13937,6PPDQ,Plate1,2024-08-09 11:36:40,1453,
G11,50,CHSE,14696,6PPDQ,Plate1,2024-08-09 11:36:40,1453,
G12,100,CHSE,15955,6PPDQ,Plate1,2024-08-09 11:36:40,1453,
G3,0,CHSE,15401,6PPDQ,Plate1,2024-08-09 11:36:40,1453,
G4,0,CHSE,14545,6PPDQ,Plate1,2024-08-09 11:36:40,1453,
G5,0.1,CHSE,13917,6PPDQ,Plate1,2024-08-09 11:36:40,1453,
G6,0.5,CHSE,13739,6PPDQ,Plate1,2024-08-09 11:36:40,1453,
G7,1,CHSE,16053,6PPDQ,Plate1,2024-08-09 11:36:40,1453,
G8,5,CHSE,14175,6PPDQ,Plate1,2024-08-09 11:36:40,1453,
G9,10,CHSE,14854,6PPDQ,Plate1,2024-08-09 11:36:40,1453,
H10,20,CHSE,14248,6PPDQ,Plate1,2024-08-09 11:36:40,1453,
H11,50,CHSE,14687,6PPDQ,Plate1,2024-08-09 11:36:40,1453,
H12,100,CHSE,14125,6PPDQ,Plate1,2024-08-09 11:36:40,1453,
H3,0,CHSE,16428,6PPDQ,Plate1,2024-08-09 11:36:40,1453,
H4,0,CHSE,15161,6PPDQ,Plate1,2024-08-09 11:36:40,1453,
H5,0.1,CHSE,16680,6PPDQ,Plate1,2024-08-09 11:36:40,1453,
H6,0.5,CHSE,14845,6PPDQ,Plate1,2024-08-09 11:36:40,1453,
H7,1,CHSE,14885,6PPDQ,Plate1,2024-08-09 11:36:40,1453,
H8,5,CHSE,14722,6PPDQ,Plate1,2024-08-09 11:36:40,1453,
H9,10,CHSE,15801,6PPDQ,Plate1,2024-08-09 11:36:40,1453,
A10,20,CSE,8843,6PPDQ,Plate2,2024-08-09 11:39:00,1452,
A11,50,CSE,7489,6PPDQ,Plate2,2024-08-09 11:39:00,1452,
A12,100,CSE,6571,6PPDQ,Plate2,2024-08-09 11:39:00,1452,
A3,0,CSE,16671,6PPDQ,Plate2,2024-08-09 11:39:00,1452,
A4,0,CSE,18786,6PPDQ,Plate2,2024-08-09 11:39:00,1452,
A5,0.1,CSE,18647,6PPDQ,Plate2,2024-08-09 11:39:00,1452,
A6,0.5,CSE,14314,6PPDQ,Plate2,2024-08-09 11:39:00,1452,
A7,1,CSE,13815,6PPDQ,Plate2,2024-08-09 11:39:00,1452,
A8,5,CSE,13344,6PPDQ,Plate2,2024-08-09 11:39:00,1452,
A9,10,CSE,12761,6PPDQ,Plate2,2024-08-09 11:39:00,1452,
B10,20,CSE,9209,6PPDQ,Plate2,2024-08-09 11:39:00,1452,
B11,50,CSE,6704,6PPDQ,Plate2,2024-08-09 11:39:00,1452,
B12,100,CSE,6459,6PPDQ,Plate2,2024-08-09 11:39:00,1452,
B3,0,CSE,15550,6PPDQ,Plate2,2024-08-09 11:39:00,1452,
B4,0,CSE,16432,6PPDQ,Plate2,2024-08-09 11:39:00,1452,
B5,0.1,CSE,15948,6PPDQ,Plate2,2024-08-09 11:39:00,1452,
B6,0.5,CSE,13007,6PPDQ,Plate2,2024-08-09 11:39:00,1452,
B7,1,CSE,11715,6PPDQ,Plate2,2024-08-09 11:39:00,1452,
B8,5,CSE,12578,6PPDQ,Plate2,2024-08-09 11:39:00,1452,
B9,10,CSE,10087,6PPDQ,Plate2,2024-08-09 11:39:00,1452,
C10,20,CSE,7398,6PPDQ,Plate2,2024-08-09 11:39:00,1452,
C11,50,CSE,6827,6PPDQ,Plate2,2024-08-09 11:39:00,1452,
C12,100,CSE,6722,6PPDQ,Plate2,2024-08-09 11:39:00,1452,
C3,0,CSE,15204,6PPDQ,Plate2,2024-08-09 11:39:00,1452,
C4,0,CSE,11383,6PPDQ,Plate2,2024-08-09 11:39:00,1452,
C5,0.1,CSE,11841,6PPDQ,Plate2,2024-08-09 11:39:00,1452,
C6,0.5,CSE,11596,6PPDQ,Plate2,2024-08-09 11:39:00,1452,
C7,1,CSE,10567,6PPDQ,Plate2,2024-08-09 11:39:00,1452,
C8,5,CSE,12506,6PPDQ,Plate2,2024-08-09 11:39:00,1452,
C9,10,CSE,10055,6PPDQ,Plate2,2024-08-09 11:39:00,1452,
D10,20,CSE,7549,6PPDQ,Plate2,2024-08-09 11:39:00,1452,
D11,50,CSE,6398,6PPDQ,Plate2,2024-08-09 11:39:00,1452,
D12,100,CSE,7032,6PPDQ,Plate2,2024-08-09 11:39:00,1452,
D3,0,CSE,13533,6PPDQ,Plate2,2024-08-09 11:39:00,1452,
D4,0,CSE,9832,6PPDQ,Plate2,2024-08-09 11:39:00,1452,
D5,0.1,CSE,9672,6PPDQ,Plate2,2024-08-09 11:39:00,1452,
D6,0.5,CSE,13614,6PPDQ,Plate2,2024-08-09 11:39:00,1452,
D7,1,CSE,13627,6PPDQ,Plate2,2024-08-09 11:39:00,1452,
D8,5,CSE,10260,6PPDQ,Plate2,2024-08-09 11:39:00,1452,
D9,10,CSE,10051,6PPDQ,Plate2,2024-08-09 11:39:00,1452,
E10,20,CHSE,17563,6PPDQ,Plate2,2024-08-09 11:39:00,1452,
E11,50,CHSE,16147,6PPDQ,Plate2,2024-08-09 11:39:00,1452,
E12,100,CHSE,17853,6PPDQ,Plate2,2024-08-09 11:39:00,1452,
E3,0,CHSE,18087,6PPDQ,Plate2,2024-08-09 11:39:00,1452,
E4,0,CHSE,20368,6PPDQ,Plate2,2024-08-09 11:39:00,1452,
E5,0.1,CHSE,17363,6PPDQ,Plate2,2024-08-09 11:39:00,1452,
E6,0.5,CHSE,16781,6PPDQ,Plate2,2024-08-09 11:39:00,1452,
E7,1,CHSE,17057,6PPDQ,Plate2,2024-08-09 11:39:00,1452,
E8,5,CHSE,17257,6PPDQ,Plate2,2024-08-09 11:39:00,1452,
E9,10,CHSE,17450,6PPDQ,Plate2,2024-08-09 11:39:00,1452,
F10,20,CHSE,15125,6PPDQ,Plate2,2024-08-09 11:39:00,1452,
F11,50,CHSE,18239,6PPDQ,Plate2,2024-08-09 11:39:00,1452,
F12,100,CHSE,20466,6PPDQ,Plate2,2024-08-09 11:39:00,1452,
F3,0,CHSE,19985,6PPDQ,Plate2,2024-08-09 11:39:00,1452,
F4,0,CHSE,16971,6PPDQ,Plate2,2024-08-09 11:39:00,1452,
F5,0.1,CHSE,18104,6PPDQ,Plate2,2024-08-09 11:39:00,1452,
F6,0.5,CHSE,12337,6PPDQ,Plate2,2024-08-09 11:39:00,1452,
F7,1,CHSE,14485,6PPDQ,Plate2,2024-08-09 11:39:00,1452,
F8,5,CHSE,18473,6PPDQ,Plate2,2024-08-09 11:39:00,1452,
F9,10,CHSE,15845,6PPDQ,Plate2,2024-08-09 11:39:00,1452,
G10,20,CHSE,16350,6PPDQ,Plate2,2024-08-09 11:39:00,1452,
G11,50,CHSE,15982,6PPDQ,Plate2,2024-08-09 11:39:00,1452,
G12,100,CHSE,18120,6PPDQ,Plate2,2024-08-09 11:39:00,1452,
G3,0,CHSE,15754,6PPDQ,Plate2,2024-08-09 11:39:00,1452,
G4,0,CHSE,17317,6PPDQ,Plate2,2024-08-09 11:39:00,1452,
G5,0.1,CHSE,16919,6PPDQ,Plate2,2024-08-09 11:39:00,1452,
G6,0.5,CHSE,16794,6PPDQ,Plate2,2024-08-09 11:39:00,1452,
G7,1,CHSE,16524,6PPDQ,Plate2,2024-08-09 11:39:00,1452,
G8,5,CHSE,17019,6PPDQ,Plate2,2024-08-09 11:39:00,1452,
G9,10,CHSE,16838,6PPDQ,Plate2,2024-08-09 11:39:00,1452,
H10,20,CHSE,17950,6PPDQ,Plate2,2024-08-09 11:39:00,1452,
H11,50,CHSE,17581,6PPDQ,Plate2,2024-08-09 11:39:00,1452,
H12,100,CHSE,17214,6PPDQ,Plate2,2024-08-09 11:39:00,1452,
H3,0,CHSE,18120,6PPDQ,Plate2,2024-08-09 11:39:00,1452,
H4,0,CHSE,18699,6PPDQ,Plate2,2024-08-09 11:39:00,1452,
H5,0.1,CHSE,18021,6PPDQ,Plate2,2024-08-09 11:39:00,1452,
H6,0.5,CHSE,18388,6PPDQ,Plate2,2024-08-09 11:39:00,1452,
H7,1,CHSE,18588,6PPDQ,Plate2,2024-08-09 11:39:00,1452,
H8,5,CHSE,19059,6PPDQ,Plate2,2024-08-09 11:39:00,1452,
H9,10,CHSE,18175,6PPDQ,Plate2,2024-08-09 11:39:00,1452,
A10,20,CSE,9997,6PPDQ,Plate3,2024-08-09 11:40:39,1451,
A11,50,CSE,8000,6PPDQ,Plate3,2024-08-09 11:40:39,1451,
A12,100,CSE,7474,6PPDQ,Plate3,2024-08-09 11:40:39,1451,
A3,0,CSE,20376,6PPDQ,Plate3,2024-08-09 11:40:39,1451,
A4,0,CSE,20945,6PPDQ,Plate3,2024-08-09 11:40:39,1451,
A5,0.1,CSE,20606,6PPDQ,Plate3,2024-08-09 11:40:39,1451,
A6,0.5,CSE,21368,6PPDQ,Plate3,2024-08-09 11:40:39,1451,
A7,1,CSE,20299,6PPDQ,Plate3,2024-08-09 11:40:39,1451,
A8,5,CSE,17165,6PPDQ,Plate3,2024-08-09 11:40:39,1451,
A9,10,CSE,13248,6PPDQ,Plate3,2024-08-09 11:40:39,1451,
B10,20,CSE,10583,6PPDQ,Plate3,2024-08-09 11:40:39,1451,
B11,50,CSE,8137,6PPDQ,Plate3,2024-08-09 11:40:39,1451,
B12,100,CSE,7182,6PPDQ,Plate3,2024-08-09 11:40:39,1451,
B3,0,CSE,22330,6PPDQ,Plate3,2024-08-09 11:40:39,1451,
B4,0,CSE,17681,6PPDQ,Plate3,2024-08-09 11:40:39,1451,
B5,0.1,CSE,17405,6PPDQ,Plate3,2024-08-09 11:40:39,1451,
B6,0.5,CSE,18033,6PPDQ,Plate3,2024-08-09 11:40:39,1451,
B7,1,CSE,17971,6PPDQ,Plate3,2024-08-09 11:40:39,1451,
B8,5,CSE,16024,6PPDQ,Plate3,2024-08-09 11:40:39,1451,
B9,10,CSE,11474,6PPDQ,Plate3,2024-08-09 11:40:39,1451,
C10,20,CSE,9888,6PPDQ,Plate3,2024-08-09 11:40:39,1451,
C11,50,CSE,6930,6PPDQ,Plate3,2024-08-09 11:40:39,1451,
C12,100,CSE,7141,6PPDQ,Plate3,2024-08-09 11:40:39,1451,
C3,0,CSE,17537,6PPDQ,Plate3,2024-08-09 11:40:39,1451,
C4,0,CSE,16774,6PPDQ,Plate3,2024-08-09 11:40:39,1451,
C5,0.1,CSE,15361,6PPDQ,Plate3,2024-08-09 11:40:39,1451,
C6,0.5,CSE,20322,6PPDQ,Plate3,2024-08-09 11:40:39,1451,
C7,1,CSE,16912,6PPDQ,Plate3,2024-08-09 11:40:39,1451,
C8,5,CSE,15355,6PPDQ,Plate3,2024-08-09 11:40:39,1451,
C9,10,CSE,13982,6PPDQ,Plate3,2024-08-09 11:40:39,1451,
D10,20,CSE,9219,6PPDQ,Plate3,2024-08-09 11:40:39,1451,
D11,50,CSE,7651,6PPDQ,Plate3,2024-08-09 11:40:39,1451,
D12,100,CSE,7065,6PPDQ,Plate3,2024-08-09 11:40:39,1451,
D3,0,CSE,21406,6PPDQ,Plate3,2024-08-09 11:40:39,1451,
D4,0,CSE,16806,6PPDQ,Plate3,2024-08-09 11:40:39,1451,
D5,0.1,CSE,13375,6PPDQ,Plate3,2024-08-09 11:40:39,1451,
D6,0.5,CSE,17355,6PPDQ,Plate3,2024-08-09 11:40:39,1451,
D7,1,CSE,17641,6PPDQ,Plate3,2024-08-09 11:40:39,1451,
D8,5,CSE,14565,6PPDQ,Plate3,2024-08-09 11:40:39,1451,
D9,10,CSE,11532,6PPDQ,Plate3,2024-08-09 11:40:39,1451,
E10,20,CHSE,17245,6PPDQ,Plate3,2024-08-09 11:40:39,1451,
E11,50,CHSE,16981,6PPDQ,Plate3,2024-08-09 11:40:39,1451,
E12,100,CHSE,18202,6PPDQ,Plate3,2024-08-09 11:40:39,1451,
E3,0,CHSE,16618,6PPDQ,Plate3,2024-08-09 11:40:39,1451,
E4,0,CHSE,17077,6PPDQ,Plate3,2024-08-09 11:40:39,1451,
E5,0.1,CHSE,16499,6PPDQ,Plate3,2024-08-09 11:40:39,1451,
E6,0.5,CHSE,16877,6PPDQ,Plate3,2024-08-09 11:40:39,1451,
E7,1,CHSE,16806,6PPDQ,Plate3,2024-08-09 11:40:39,1451,
E8,5,CHSE,16430,6PPDQ,Plate3,2024-08-09 11:40:39,1451,
E9,10,CHSE,16876,6PPDQ,Plate3,2024-08-09 11:40:39,1451,
F10,20,CHSE,16591,6PPDQ,Plate3,2024-08-09 11:40:39,1451,
F11,50,CHSE,16884,6PPDQ,Plate3,2024-08-09 11:40:39,1451,
F12,100,CHSE,18022,6PPDQ,Plate3,2024-08-09 11:40:39,1451,
F3,0,CHSE,19353,6PPDQ,Plate3,2024-08-09 11:40:39,1451,
F4,0,CHSE,16135,6PPDQ,Plate3,2024-08-09 11:40:39,1451,
F5,0.1,CHSE,15946,6PPDQ,Plate3,2024-08-09 11:40:39,1451,
F6,0.5,CHSE,17838,6PPDQ,Plate3,2024-08-09 11:40:39,1451,
F7,1,CHSE,15976,6PPDQ,Plate3,2024-08-09 11:40:39,1451,
F8,5,CHSE,15840,6PPDQ,Plate3,2024-08-09 11:40:39,1451,
F9,10,CHSE,17003,6PPDQ,Plate3,2024-08-09 11:40:39,1451,
G10,20,CHSE,17495,6PPDQ,Plate3,2024-08-09 11:40:39,1451,
G11,50,CHSE,17779,6PPDQ,Plate3,2024-08-09 11:40:39,1451,
G12,100,CHSE,17824,6PPDQ,Plate3,2024-08-09 11:40:39,1451,
G3,0,CHSE,16875,6PPDQ,Plate3,2024-08-09 11:40:39,1451,
G4,0,CHSE,16847,6PPDQ,Plate3,2024-08-09 11:40:39,1451,
G5,0.1,CHSE,16425,6PPDQ,Plate3,2024-08-09 11:40:39,1451,
G6,0.5,CHSE,18221,6PPDQ,Plate3,2024-08-09 11:40:39,1451,
G7,1,CHSE,17361,6PPDQ,Plate3,2024-08-09 11:40:39,1451,
G8,5,CHSE,18347,6PPDQ,Plate3,2024-08-09 11:40:39,1451,
G9,10,CHSE,17489,6PPDQ,Plate3,2024-08-09 11:40:39,1451,
H10,20,CHSE,17844,6PPDQ,Plate3,2024-08-09 11:40:39,1451,
H11,50,CHSE,17180,6PPDQ,Plate3,2024-08-09 11:40:39,1451,
H12,100,CHSE,17156,6PPDQ,Plate3,2024-08-09 11:40:39,1451,
H3,0,CHSE,17875,6PPDQ,Plate3,2024-08-09 11:40:39,1451,
H4,0,CHSE,17977,6PPDQ,Plate3,2024-08-09 11:40:39,1451,
H5,0.1,CHSE,18520,6PPDQ,Plate3,2024-08-09 11:40:39,1451,
H6,0.5,CHSE,18484,6PPDQ,Plate3,2024-08-09 11:40:39,1451,
H7,1,CHSE,17830,6PPDQ,Plate3,2024-08-09 11:40:39,1451,
H8,5,CHSE,18010,6PPDQ,Plate3,2024-08-09 11:40:39,1451,
H9,10,CHSE,18403,6PPDQ,Plate3,2024-08-09 11:40:39,1451,
A10,20,RTG,29861,6PPDQ,Plate4,2024-08-09 11:42:29,1401,
A11,50,RTG,32225,6PPDQ,Plate4,2024-08-09 11:42:29,1401,
A12,100,RTG,30150,6PPDQ,Plate4,2024-08-09 11:42:29,1401,
A3,0,RTG,29827,6PPDQ,Plate4,2024-08-09 11:42:29,1401,
A4,0,RTG,28272,6PPDQ,Plate4,2024-08-09 11:42:29,1401,
A5,0.1,RTG,33613,6PPDQ,Plate4,2024-08-09 11:42:29,1401,
A6,0.5,RTG,33640,6PPDQ,Plate4,2024-08-09 11:42:29,1401,
A7,1,RTG,33383,6PPDQ,Plate4,2024-08-09 11:42:29,1401,
A8,5,RTG,35512,6PPDQ,Plate4,2024-08-09 11:42:29,1401,
A9,10,RTG,34652,6PPDQ,Plate4,2024-08-09 11:42:29,1401,
B10,20,RTG,31380,6PPDQ,Plate4,2024-08-09 11:42:29,1401,
B11,50,RTG,31157,6PPDQ,Plate4,2024-08-09 11:42:29,1401,
B12,100,RTG,32785,6PPDQ,Plate4,2024-08-09 11:42:29,1401,
B3,0,RTG,26965,6PPDQ,Plate4,2024-08-09 11:42:29,1401,
B4,0,RTG,26416,6PPDQ,Plate4,2024-08-09 11:42:29,1401,
B5,0.1,RTG,27651,6PPDQ,Plate4,2024-08-09 11:42:29,1401,
B6,0.5,RTG,26064,6PPDQ,Plate4,2024-08-09 11:42:29,1401,
B7,1,RTG,29112,6PPDQ,Plate4,2024-08-09 11:42:29,1401,
B8,5,RTG,30689,6PPDQ,Plate4,2024-08-09 11:42:29,1401,
B9,10,RTG,30406,6PPDQ,Plate4,2024-08-09 11:42:29,1401,
C10,20,RTG,26803,6PPDQ,Plate4,2024-08-09 11:42:29,1401,
C11,50,RTG,27106,6PPDQ,Plate4,2024-08-09 11:42:29,1401,
C12,100,RTG,27246,6PPDQ,Plate4,2024-08-09 11:42:29,1401,
C3,0,RTG,28066,6PPDQ,Plate4,2024-08-09 11:42:29,1401,
C4,0,RTG,24800,6PPDQ,Plate4,2024-08-09 11:42:29,1401,
C5,0.1,RTG,25760,6PPDQ,Plate4,2024-08-09 11:42:29,1401,
C6,0.5,RTG,28244,6PPDQ,Plate4,2024-08-09 11:42:29,1401,
C7,1,RTG,28461,6PPDQ,Plate4,2024-08-09 11:42:29,1401,
C8,5,RTG,26818,6PPDQ,Plate4,2024-08-09 11:42:29,1401,
C9,10,RTG,28787,6PPDQ,Plate4,2024-08-09 11:42:29,1401,
D10,20,RTG,26036,6PPDQ,Plate4,2024-08-09 11:42:29,1401,
D11,50,RTG,30359,6PPDQ,Plate4,2024-08-09 11:42:29,1401,
D12,100,RTG,32177,6PPDQ,Plate4,2024-08-09 11:42:29,1401,
D3,0,RTG,27747,6PPDQ,Plate4,2024-08-09 11:42:29,1401,
D4,0,RTG,24529,6PPDQ,Plate4,2024-08-09 11:42:29,1401,
D5,0.1,RTG,24458,6PPDQ,Plate4,2024-08-09 11:42:29,1401,
D6,0.5,RTG,23770,6PPDQ,Plate4,2024-08-09 11:42:29,1401,
D7,1,RTG,26088,6PPDQ,Plate4,2024-08-09 11:42:29,1401,
D8,5,RTG,27405,6PPDQ,Plate4,2024-08-09 11:42:29,1401,
D9,10,RTG,28479,6PPDQ,Plate4,2024-08-09 11:42:29,1401,
A10,20,RTG,33376,6PPDQ,Plate5,2024-08-09 11:44:09,1400,
A11,50,RTG,34286,6PPDQ,Plate5,2024-08-09 11:44:09,1400,
A12,100,RTG,34721,6PPDQ,Plate5,2024-08-09 11:44:09,1400,
A3,0,RTG,32329,6PPDQ,Plate5,2024-08-09 11:44:09,1400,
A4,0,RTG,32864,6PPDQ,Plate5,2024-08-09 11:44:09,1400,
A5,0.1,RTG,34272,6PPDQ,Plate5,2024-08-09 11:44:09,1400,
A6,0.5,RTG,36202,6PPDQ,Plate5,2024-08-09 11:44:09,1400,
A7,1,RTG,33976,6PPDQ,Plate5,2024-08-09 11:44:09,1400,
A8,5,RTG,34442,6PPDQ,Plate5,2024-08-09 11:44:09,1400,
A9,10,RTG,35132,6PPDQ,Plate5,2024-08-09 11:44:09,1400,
B10,20,RTG,30939,6PPDQ,Plate5,2024-08-09 11:44:09,1400,
B11,50,RTG,37410,6PPDQ,Plate5,2024-08-09 11:44:09,1400,
B12,100,RTG,34709,6PPDQ,Plate5,2024-08-09 11:44:09,1400,
B3,0,RTG,28939,6PPDQ,Plate5,2024-08-09 11:44:09,1400,
B4,0,RTG,30817,6PPDQ,Plate5,2024-08-09 11:44:09,1400,
B5,0.1,RTG,33185,6PPDQ,Plate5,2024-08-09 11:44:09,1400,
B6,0.5,RTG,34884,6PPDQ,Plate5,2024-08-09 11:44:09,1400,
B7,1,RTG,33170,6PPDQ,Plate5,2024-08-09 11:44:09,1400,
B8,5,RTG,34058,6PPDQ,Plate5,2024-08-09 11:44:09,1400,
B9,10,RTG,31191,6PPDQ,Plate5,2024-08-09 11:44:09,1400,
C10,20,RTG,29637,6PPDQ,Plate5,2024-08-09 11:44:09,1400,
C11,50,RTG,32525,6PPDQ,Plate5,2024-08-09 11:44:09,1400,
C12,100,RTG,35322,6PPDQ,Plate5,2024-08-09 11:44:09,1400,
C3,0,RTG,29780,6PPDQ,Plate5,2024-08-09 11:44:09,1400,
C4,0,RTG,27882,6PPDQ,Plate5,2024-08-09 11:44:09,1400,
C5,0.1,RTG,30122,6PPDQ,Plate5,2024-08-09 11:44:09,1400,
C6,0.5,RTG,31944,6PPDQ,Plate5,2024-08-09 11:44:09,1400,
C7,1,RTG,30634,6PPDQ,Plate5,2024-08-09 11:44:09,1400,
C8,5,RTG,30319,6PPDQ,Plate5,2024-08-09 11:44:09,1400,
C9,10,RTG,31258,6PPDQ,Plate5,2024-08-09 11:44:09,1400,
D10,20,RTG,29533,6PPDQ,Plate5,2024-08-09 11:44:09,1400,
D11,50,RTG,32388,6PPDQ,Plate5,2024-08-09 11:44:09,1400,
D12,100,RTG,35088,6PPDQ,Plate5,2024-08-09 11:44:09,1400,
D3,0,RTG,31347,6PPDQ,Plate5,2024-08-09 11:44:09,1400,
D4,0,RTG,29505,6PPDQ,Plate5,2024-08-09 11:44:09,1400,
D5,0.1,RTG,29126,6PPDQ,Plate5,2024-08-09 11:44:09,1400,
D6,0.5,RTG,33223,6PPDQ,Plate5,2024-08-09 11:44:09,1400,
D7,1,RTG,32565,6PPDQ,Plate5,2024-08-09 11:44:09,1400,
D8,5,RTG,33309,6PPDQ,Plate5,2024-08-09 11:44:09,1400,
D9,10,RTG,31197,6PPDQ,Plate5,2024-08-09 11:44:09,1400,
A10,20,RTG,35277,6PPDQ,Plate6,2024-08-09 11:45:51,1400,
A11,50,RTG,35840,6PPDQ,Plate6,2024-08-09 11:45:51,1400,
A12,100,RTG,34078,6PPDQ,Plate6,2024-08-09 11:45:51,1400,
A3,0,RTG,33987,6PPDQ,Plate6,2024-08-09 11:45:51,1400,
A4,0,RTG,34573,6PPDQ,Plate6,2024-08-09 11:45:51,1400,
A5,0.1,RTG,35046,6PPDQ,Plate6,2024-08-09 11:45:51,1400,
A6,0.5,RTG,37483,6PPDQ,Plate6,2024-08-09 11:45:51,1400,
A7,1,RTG,34627,6PPDQ,Plate6,2024-08-09 11:45:51,1400,
A8,5,RTG,35812,6PPDQ,Plate6,2024-08-09 11:45:51,1400,
A9,10,RTG,36178,6PPDQ,Plate6,2024-08-09 11:45:51,1400,
B10,20,RTG,29253,6PPDQ,Plate6,2024-08-09 11:45:51,1400,
B11,50,RTG,30876,6PPDQ,Plate6,2024-08-09 11:45:51,1400,
B12,100,RTG,33423,6PPDQ,Plate6,2024-08-09 11:45:51,1400,
B3,0,RTG,30943,6PPDQ,Plate6,2024-08-09 11:45:51,1400,
B4,0,RTG,30933,6PPDQ,Plate6,2024-08-09 11:45:51,1400,
B5,0.1,RTG,33627,6PPDQ,Plate6,2024-08-09 11:45:51,1400,
B6,0.5,RTG,33905,6PPDQ,Plate6,2024-08-09 11:45:51,1400,
B7,1,RTG,32354,6PPDQ,Plate6,2024-08-09 11:45:51,1400,
B8,5,RTG,30954,6PPDQ,Plate6,2024-08-09 11:45:51,1400,
B9,10,RTG,32253,6PPDQ,Plate6,2024-08-09 11:45:51,1400,
C10,20,RTG,32961,6PPDQ,Plate6,2024-08-09 11:45:51,1400,
C11,50,RTG,31788,6PPDQ,Plate6,2024-08-09 11:45:51,1400,
C12,100,RTG,36434,6PPDQ,Plate6,2024-08-09 11:45:51,1400,
C3,0,RTG,30838,6PPDQ,Plate6,2024-08-09 11:45:51,1400,
C4,0,RTG,31429,6PPDQ,Plate6,2024-08-09 11:45:51,1400,
C5,0.1,RTG,33364,6PPDQ,Plate6,2024-08-09 11:45:51,1400,
C6,0.5,RTG,33080,6PPDQ,Plate6,2024-08-09 11:45:51,1400,
C7,1,RTG,33621,6PPDQ,Plate6,2024-08-09 11:45:51,1400,
C8,5,RTG,34271,6PPDQ,Plate6,2024-08-09 11:45:51,1400,
C9,10,RTG,33957,6PPDQ,Plate6,2024-08-09 11:45:51,1400,
D10,20,RTG,33953,6PPDQ,Plate6,2024-08-09 11:45:51,1400,
D11,50,RTG,30426,6PPDQ,Plate6,2024-08-09 11:45:51,1400,
D12,100,RTG,34591,6PPDQ,Plate6,2024-08-09 11:45:51,1400,
D3,0,RTG,22306,6PPDQ,Plate6,2024-08-09 11:45:51,1400,
D4,0,RTG,25948,6PPDQ,Plate6,2024-08-09 11:45:51,1400,
D5,0.1,RTG,35193,6PPDQ,Plate6,2024-08-09 11:45:51,1400,
D6,0.5,RTG,31480,6PPDQ,Plate6,2024-08-09 11:45:51,1400,
D7,1,RTG,35447,6PPDQ,Plate6,2024-08-09 11:45:51,1400,
D8,5,RTG,24985,6PPDQ,Plate6,2024-08-09 11:45:51,1400,
D9,10,RTG,33105,6PPDQ,Plate6,2024-08-09 11:45:51,1400,
A10,50,CSE,17401,77PD,Plate1,2024-02-23 11:04:55,1440,
A11,100,CSE,16874,77PD,Plate1,2024-02-23 11:04:55,1440,
A12,200,CSE,16876,77PD,Plate1,2024-02-23 11:04:55,1440,
A3,0,CSE,17167,77PD,Plate1,2024-02-23 11:04:55,1440,
A4,0.1,CSE,17618,77PD,Plate1,2024-02-23 11:04:55,1440,
A5,0.5,CSE,17430,77PD,Plate1,2024-02-23 11:04:55,1440,
A6,1,CSE,17696,77PD,Plate1,2024-02-23 11:04:55,1440,
A7,5,CSE,17204,77PD,Plate1,2024-02-23 11:04:55,1440,
A8,10,CSE,17124,77PD,Plate1,2024-02-23 11:04:55,1440,
A9,20,CSE,17650,77PD,Plate1,2024-02-23 11:04:55,1440,
B10,50,CSE,16294,77PD,Plate1,2024-02-23 11:04:55,1440,
B11,100,CSE,15308,77PD,Plate1,2024-02-23 11:04:55,1440,
B12,200,CSE,17031,77PD,Plate1,2024-02-23 11:04:55,1440,
B3,0,CSE,16241,77PD,Plate1,2024-02-23 11:04:55,1440,
B4,0.1,CSE,18458,77PD,Plate1,2024-02-23 11:04:55,1440,
B5,0.5,CSE,17072,77PD,Plate1,2024-02-23 11:04:55,1440,
B6,1,CSE,16836,77PD,Plate1,2024-02-23 11:04:55,1440,
B7,5,CSE,16461,77PD,Plate1,2024-02-23 11:04:55,1440,
B8,10,CSE,17171,77PD,Plate1,2024-02-23 11:04:55,1440,
B9,20,CSE,16381,77PD,Plate1,2024-02-23 11:04:55,1440,
C10,50,CSE,14928,77PD,Plate1,2024-02-23 11:04:55,1440,
C11,100,CSE,15292,77PD,Plate1,2024-02-23 11:04:55,1440,
C12,200,CSE,15975,77PD,Plate1,2024-02-23 11:04:55,1440,
C3,0,CSE,16153,77PD,Plate1,2024-02-23 11:04:55,1440,
C4,0.1,CSE,16658,77PD,Plate1,2024-02-23 11:04:55,1440,
C5,0.5,CSE,16738,77PD,Plate1,2024-02-23 11:04:55,1440,
C6,1,CSE,15603,77PD,Plate1,2024-02-23 11:04:55,1440,
C7,5,CSE,16328,77PD,Plate1,2024-02-23 11:04:55,1440,
C8,10,CSE,16052,77PD,Plate1,2024-02-23 11:04:55,1440,
C9,20,CSE,15623,77PD,Plate1,2024-02-23 11:04:55,1440,
D10,50,CSE,15403,77PD,Plate1,2024-02-23 11:04:55,1440,
D11,100,CSE,15111,77PD,Plate1,2024-02-23 11:04:55,1440,
D12,200,CSE,16158,77PD,Plate1,2024-02-23 11:04:55,1440,
D3,0,CSE,16360,77PD,Plate1,2024-02-23 11:04:55,1440,
D4,0.1,CSE,18701,77PD,Plate1,2024-02-23 11:04:55,1440,
D5,0.5,CSE,16073,77PD,Plate1,2024-02-23 11:04:55,1440,
D6,1,CSE,15679,77PD,Plate1,2024-02-23 11:04:55,1440,
D7,5,CSE,15733,77PD,Plate1,2024-02-23 11:04:55,1440,
D8,10,CSE,15985,77PD,Plate1,2024-02-23 11:04:55,1440,
D9,20,CSE,15533,77PD,Plate1,2024-02-23 11:04:55,1440,
E10,50,CHSE,13146,77PD,Plate1,2024-02-23 11:04:55,1440,
E11,100,CHSE,13455,77PD,Plate1,2024-02-23 11:04:55,1440,
E12,200,CHSE,14131,77PD,Plate1,2024-02-23 11:04:55,1440,
E3,0,CHSE,14662,77PD,Plate1,2024-02-23 11:04:55,1440,
E4,0.1,CHSE,13457,77PD,Plate1,2024-02-23 11:04:55,1440,
E5,0.5,CHSE,14840,77PD,Plate1,2024-02-23 11:04:55,1440,
E6,1,CHSE,14777,77PD,Plate1,2024-02-23 11:04:55,1440,
E7,5,CHSE,14699,77PD,Plate1,2024-02-23 11:04:55,1440,
E8,10,CHSE,14938,77PD,Plate1,2024-02-23 11:04:55,1440,
E9,20,CHSE,14070,77PD,Plate1,2024-02-23 11:04:55,1440,
F10,50,CHSE,14588,77PD,Plate1,2024-02-23 11:04:55,1440,
F11,100,CHSE,14118,77PD,Plate1,2024-02-23 11:04:55,1440,
F12,200,CHSE,15331,77PD,Plate1,2024-02-23 11:04:55,1440,
F3,0,CHSE,15174,77PD,Plate1,2024-02-23 11:04:55,1440,
F4,0.1,CHSE,15502,77PD,Plate1,2024-02-23 11:04:55,1440,
F5,0.5,CHSE,15337,77PD,Plate1,2024-02-23 11:04:55,1440,
F6,1,CHSE,15200,77PD,Plate1,2024-02-23 11:04:55,1440,
F7,5,CHSE,15431,77PD,Plate1,2024-02-23 11:04:55,1440,
F8,10,CHSE,15179,77PD,Plate1,2024-02-23 11:04:55,1440,
F9,20,CHSE,14994,77PD,Plate1,2024-02-23 11:04:55,1440,
G10,50,CHSE,14344,77PD,Plate1,2024-02-23 11:04:55,1440,
G11,100,CHSE,14273,77PD,Plate1,2024-02-23 11:04:55,1440,
G12,200,CHSE,15626,77PD,Plate1,2024-02-23 11:04:55,1440,
G3,0,CHSE,14978,77PD,Plate1,2024-02-23 11:04:55,1440,
G4,0.1,CHSE,15308,77PD,Plate1,2024-02-23 11:04:55,1440,
G5,0.5,CHSE,14882,77PD,Plate1,2024-02-23 11:04:55,1440,
G6,1,CHSE,15680,77PD,Plate1,2024-02-23 11:04:55,1440,
G7,5,CHSE,15723,77PD,Plate1,2024-02-23 11:04:55,1440,
G8,10,CHSE,15147,77PD,Plate1,2024-02-23 11:04:55,1440,
G9,20,CHSE,15379,77PD,Plate1,2024-02-23 11:04:55,1440,
H10,50,CHSE,14908,77PD,Plate1,2024-02-23 11:04:55,1440,
H11,100,CHSE,15016,77PD,Plate1,2024-02-23 11:04:55,1440,
H12,200,CHSE,15571,77PD,Plate1,2024-02-23 11:04:55,1440,
H3,0,CHSE,18040,77PD,Plate1,2024-02-23 11:04:55,1440,
H4,0.1,CHSE,15903,77PD,Plate1,2024-02-23 11:04:55,1440,
H5,0.5,CHSE,15699,77PD,Plate1,2024-02-23 11:04:55,1440,
H6,1,CHSE,16135,77PD,Plate1,2024-02-23 11:04:55,1440,
H7,5,CHSE,17587,77PD,Plate1,2024-02-23 11:04:55,1440,
H8,10,CHSE,17069,77PD,Plate1,2024-02-23 11:04:55,1440,
H9,20,CHSE,15871,77PD,Plate1,2024-02-23 11:04:55,1440,
A10,50,RTG,21303,77PD,Plate1,2024-10-10 10:43:17,1440,
A11,100,RTG,19809,77PD,Plate1,2024-10-10 10:43:17,1440,
A12,200,RTG,20884,77PD,Plate1,2024-10-10 10:43:17,1440,
A3,0,RTG,19650,77PD,Plate1,2024-10-10 10:43:17,1440,
A4,0.1,RTG,22750,77PD,Plate1,2024-10-10 10:43:17,1440,
A5,0.5,RTG,22516,77PD,Plate1,2024-10-10 10:43:17,1440,
A6,1,RTG,22585,77PD,Plate1,2024-10-10 10:43:17,1440,
A7,5,RTG,21544,77PD,Plate1,2024-10-10 10:43:17,1440,
A8,10,RTG,22329,77PD,Plate1,2024-10-10 10:43:17,1440,
A9,20,RTG,21816,77PD,Plate1,2024-10-10 10:43:17,1440,
B10,50,RTG,19226,77PD,Plate1,2024-10-10 10:43:17,1440,
B11,100,RTG,19078,77PD,Plate1,2024-10-10 10:43:17,1440,
B12,200,RTG,19831,77PD,Plate1,2024-10-10 10:43:17,1440,
B3,0,RTG,19834,77PD,Plate1,2024-10-10 10:43:17,1440,
B4,0.1,RTG,18793,77PD,Plate1,2024-10-10 10:43:17,1440,
B5,0.5,RTG,19397,77PD,Plate1,2024-10-10 10:43:17,1440,
B6,1,RTG,20000,77PD,Plate1,2024-10-10 10:43:17,1440,
B7,5,RTG,18693,77PD,Plate1,2024-10-10 10:43:17,1440,
B8,10,RTG,20672,77PD,Plate1,2024-10-10 10:43:17,1440,
B9,20,RTG,20005,77PD,Plate1,2024-10-10 10:43:17,1440,
C10,50,RTG,18939,77PD,Plate1,2024-10-10 10:43:17,1440,
C11,100,RTG,21155,77PD,Plate1,2024-10-10 10:43:17,1440,
C12,200,RTG,19124,77PD,Plate1,2024-10-10 10:43:17,1440,
C3,0,RTG,20704,77PD,Plate1,2024-10-10 10:43:17,1440,
C4,0.1,RTG,20570,77PD,Plate1,2024-10-10 10:43:17,1440,
C5,0.5,RTG,19443,77PD,Plate1,2024-10-10 10:43:17,1440,
C6,1,RTG,18591,77PD,Plate1,2024-10-10 10:43:17,1440,
C7,5,RTG,15885,77PD,Plate1,2024-10-10 10:43:17,1440,
C8,10,RTG,19241,77PD,Plate1,2024-10-10 10:43:17,1440,
C9,20,RTG,18308,77PD,Plate1,2024-10-10 10:43:17,1440,
D10,50,RTG,16841,77PD,Plate1,2024-10-10 10:43:17,1440,
D11,100,RTG,17773,77PD,Plate1,2024-10-10 10:43:17,1440,
D12,200,RTG,17190,77PD,Plate1,2024-10-10 10:43:17,1440,
D3,0,RTG,18275,77PD,Plate1,2024-10-10 10:43:17,1440,
D4,0.1,RTG,18393,77PD,Plate1,2024-10-10 10:43:17,1440,
D5,0.5,RTG,16244,77PD,Plate1,2024-10-10 10:43:17,1440,
D6,1,RTG,15034,77PD,Plate1,2024-10-10 10:43:17,1440,
D7,5,RTG,16837,77PD,Plate1,2024-10-10 10:43:17,1440,
D8,10,RTG,25522,77PD,Plate1,2024-10-10 10:43:17,1440,
D9,20,RTG,21592,77PD,Plate1,2024-10-10 10:43:17,1440,
A10,50,CSE,15898,77PD,Plate2,2024-02-23 11:06:58,1440,
A11,100,CSE,16539,77PD,Plate2,2024-02-23 11:06:58,1440,
A12,200,CSE,15802,77PD,Plate2,2024-02-23 11:06:58,1440,
A3,0,CSE,17802,77PD,Plate2,2024-02-23 11:06:58,1440,
A4,0.1,CSE,17375,77PD,Plate2,2024-02-23 11:06:58,1440,
A5,0.5,CSE,19002,77PD,Plate2,2024-02-23 11:06:58,1440,
A6,1,CSE,17752,77PD,Plate2,2024-02-23 11:06:58,1440,
A7,5,CSE,16616,77PD,Plate2,2024-02-23 11:06:58,1440,
A8,10,CSE,15890,77PD,Plate2,2024-02-23 11:06:58,1440,
A9,20,CSE,16916,77PD,Plate2,2024-02-23 11:06:58,1440,
B10,50,CSE,15042,77PD,Plate2,2024-02-23 11:06:58,1440,
B11,100,CSE,14195,77PD,Plate2,2024-02-23 11:06:58,1440,
B12,200,CSE,15891,77PD,Plate2,2024-02-23 11:06:58,1440,
B3,0,CSE,18575,77PD,Plate2,2024-02-23 11:06:58,1440,
B4,0.1,CSE,16421,77PD,Plate2,2024-02-23 11:06:58,1440,
B5,0.5,CSE,15813,77PD,Plate2,2024-02-23 11:06:58,1440,
B6,1,CSE,15610,77PD,Plate2,2024-02-23 11:06:58,1440,
B7,5,CSE,16199,77PD,Plate2,2024-02-23 11:06:58,1440,
B8,10,CSE,16176,77PD,Plate2,2024-02-23 11:06:58,1440,
B9,20,CSE,15354,77PD,Plate2,2024-02-23 11:06:58,1440,
C10,50,CSE,14597,77PD,Plate2,2024-02-23 11:06:58,1440,
C11,100,CSE,13953,77PD,Plate2,2024-02-23 11:06:58,1440,
C12,200,CSE,15077,77PD,Plate2,2024-02-23 11:06:58,1440,
C3,0,CSE,15535,77PD,Plate2,2024-02-23 11:06:58,1440,
C4,0.1,CSE,15682,77PD,Plate2,2024-02-23 11:06:58,1440,
C5,0.5,CSE,15329,77PD,Plate2,2024-02-23 11:06:58,1440,
C6,1,CSE,15846,77PD,Plate2,2024-02-23 11:06:58,1440,
C7,5,CSE,15355,77PD,Plate2,2024-02-23 11:06:58,1440,
C8,10,CSE,14651,77PD,Plate2,2024-02-23 11:06:58,1440,
C9,20,CSE,14605,77PD,Plate2,2024-02-23 11:06:58,1440,
D10,50,CSE,17661,77PD,Plate2,2024-02-23 11:06:58,1440,
D11,100,CSE,17193,77PD,Plate2,2024-02-23 11:06:58,1440,
D12,200,CSE,15652,77PD,Plate2,2024-02-23 11:06:58,1440,
D3,0,CSE,15608,77PD,Plate2,2024-02-23 11:06:58,1440,
D4,0.1,CSE,16379,77PD,Plate2,2024-02-23 11:06:58,1440,
D5,0.5,CSE,15776,77PD,Plate2,2024-02-23 11:06:58,1440,
D6,1,CSE,16099,77PD,Plate2,2024-02-23 11:06:58,1440,
D7,5,CSE,16214,77PD,Plate2,2024-02-23 11:06:58,1440,
D8,10,CSE,16966,77PD,Plate2,2024-02-23 11:06:58,1440,
D9,20,CSE,18152,77PD,Plate2,2024-02-23 11:06:58,1440,
E10,50,CHSE,13661,77PD,Plate2,2024-02-23 11:06:58,1440,
E11,100,CHSE,13502,77PD,Plate2,2024-02-23 11:06:58,1440,
E12,200,CHSE,14010,77PD,Plate2,2024-02-23 11:06:58,1440,
E3,0,CHSE,15070,77PD,Plate2,2024-02-23 11:06:58,1440,
E4,0.1,CHSE,15583,77PD,Plate2,2024-02-23 11:06:58,1440,
E5,0.5,CHSE,15330,77PD,Plate2,2024-02-23 11:06:58,1440,
E6,1,CHSE,14196,77PD,Plate2,2024-02-23 11:06:58,1440,
E7,5,CHSE,14372,77PD,Plate2,2024-02-23 11:06:58,1440,
E8,10,CHSE,14223,77PD,Plate2,2024-02-23 11:06:58,1440,
E9,20,CHSE,14095,77PD,Plate2,2024-02-23 11:06:58,1440,
F10,50,CHSE,13157,77PD,Plate2,2024-02-23 11:06:58,1440,
F11,100,CHSE,13844,77PD,Plate2,2024-02-23 11:06:58,1440,
F12,200,CHSE,15416,77PD,Plate2,2024-02-23 11:06:58,1440,
F3,0,CHSE,14643,77PD,Plate2,2024-02-23 11:06:58,1440,
F4,0.1,CHSE,15561,77PD,Plate2,2024-02-23 11:06:58,1440,
F5,0.5,CHSE,14972,77PD,Plate2,2024-02-23 11:06:58,1440,
F6,1,CHSE,14181,77PD,Plate2,2024-02-23 11:06:58,1440,
F7,5,CHSE,15024,77PD,Plate2,2024-02-23 11:06:58,1440,
F8,10,CHSE,13870,77PD,Plate2,2024-02-23 11:06:58,1440,
F9,20,CHSE,14311,77PD,Plate2,2024-02-23 11:06:58,1440,
G10,50,CHSE,15935,77PD,Plate2,2024-02-23 11:06:58,1440,
G11,100,CHSE,14535,77PD,Plate2,2024-02-23 11:06:58,1440,
G12,200,CHSE,15462,77PD,Plate2,2024-02-23 11:06:58,1440,
G3,0,CHSE,15872,77PD,Plate2,2024-02-23 11:06:58,1440,
G4,0.1,CHSE,16330,77PD,Plate2,2024-02-23 11:06:58,1440,
G5,0.5,CHSE,15385,77PD,Plate2,2024-02-23 11:06:58,1440,
G6,1,CHSE,15865,77PD,Plate2,2024-02-23 11:06:58,1440,
G7,5,CHSE,15062,77PD,Plate2,2024-02-23 11:06:58,1440,
G8,10,CHSE,15507,77PD,Plate2,2024-02-23 11:06:58,1440,
G9,20,CHSE,15851,77PD,Plate2,2024-02-23 11:06:58,1440,
H10,50,CHSE,16432,77PD,Plate2,2024-02-23 11:06:58,1440,
H11,100,CHSE,15104,77PD,Plate2,2024-02-23 11:06:58,1440,
H12,200,CHSE,15940,77PD,Plate2,2024-02-23 11:06:58,1440,
H3,0,CHSE,16198,77PD,Plate2,2024-02-23 11:06:58,1440,
H4,0.1,CHSE,16034,77PD,Plate2,2024-02-23 11:06:58,1440,
H5,0.5,CHSE,16268,77PD,Plate2,2024-02-23 11:06:58,1440,
H6,1,CHSE,15545,77PD,Plate2,2024-02-23 11:06:58,1440,
H7,5,CHSE,16312,77PD,Plate2,2024-02-23 11:06:58,1440,
H8,10,CHSE,16192,77PD,Plate2,2024-02-23 11:06:58,1440,
H9,20,CHSE,17061,77PD,Plate2,2024-02-23 11:06:58,1440,
A10,50,RTG,23037,77PD,Plate2,2024-10-10 10:45:51,1436,
A11,100,RTG,22958,77PD,Plate2,2024-10-10 10:45:51,1436,
A12,200,RTG,18764,77PD,Plate2,2024-10-10 10:45:51,1436,
A3,0,RTG,21590,77PD,Plate2,2024-10-10 10:45:51,1436,
A4,0.1,RTG,24398,77PD,Plate2,2024-10-10 10:45:51,1436,
A5,0.5,RTG,24453,77PD,Plate2,2024-10-10 10:45:51,1436,
A6,1,RTG,22718,77PD,Plate2,2024-10-10 10:45:51,1436,
A7,5,RTG,22224,77PD,Plate2,2024-10-10 10:45:51,1436,
A8,10,RTG,24038,77PD,Plate2,2024-10-10 10:45:51,1436,
A9,20,RTG,21754,77PD,Plate2,2024-10-10 10:45:51,1436,
B10,50,RTG,21330,77PD,Plate2,2024-10-10 10:45:51,1436,
B11,100,RTG,22152,77PD,Plate2,2024-10-10 10:45:51,1436,
B12,200,RTG,20154,77PD,Plate2,2024-10-10 10:45:51,1436,
B3,0,RTG,22791,77PD,Plate2,2024-10-10 10:45:51,1436,
B4,0.1,RTG,23523,77PD,Plate2,2024-10-10 10:45:51,1436,
B5,0.5,RTG,21261,77PD,Plate2,2024-10-10 10:45:51,1436,
B6,1,RTG,21437,77PD,Plate2,2024-10-10 10:45:51,1436,
B7,5,RTG,22738,77PD,Plate2,2024-10-10 10:45:51,1436,
B8,10,RTG,21763,77PD,Plate2,2024-10-10 10:45:51,1436,
B9,20,RTG,21162,77PD,Plate2,2024-10-10 10:45:51,1436,
C10,50,RTG,21751,77PD,Plate2,2024-10-10 10:45:51,1436,
C11,100,RTG,27246,77PD,Plate2,2024-10-10 10:45:51,1436,
C12,200,RTG,20027,77PD,Plate2,2024-10-10 10:45:51,1436,
C3,0,RTG,21033,77PD,Plate2,2024-10-10 10:45:51,1436,
C4,0.1,RTG,23816,77PD,Plate2,2024-10-10 10:45:51,1436,
C5,0.5,RTG,21041,77PD,Plate2,2024-10-10 10:45:51,1436,
C6,1,RTG,21734,77PD,Plate2,2024-10-10 10:45:51,1436,
C7,5,RTG,20766,77PD,Plate2,2024-10-10 10:45:51,1436,
C8,10,RTG,22160,77PD,Plate2,2024-10-10 10:45:51,1436,
C9,20,RTG,21872,77PD,Plate2,2024-10-10 10:45:51,1436,
D10,50,RTG,22408,77PD,Plate2,2024-10-10 10:45:51,1436,
D11,100,RTG,32582,77PD,Plate2,2024-10-10 10:45:51,1436,
D12,200,RTG,20236,77PD,Plate2,2024-10-10 10:45:51,1436,
D3,0,RTG,21391,77PD,Plate2,2024-10-10 10:45:51,1436,
D4,0.1,RTG,23859,77PD,Plate2,2024-10-10 10:45:51,1436,
D5,0.5,RTG,23531,77PD,Plate2,2024-10-10 10:45:51,1436,
D6,1,RTG,23717,77PD,Plate2,2024-10-10 10:45:51,1436,
D7,5,RTG,22217,77PD,Plate2,2024-10-10 10:45:51,1436,
D8,10,RTG,23371,77PD,Plate2,2024-10-10 10:45:51,1436,
D9,20,RTG,22999,77PD,Plate2,2024-10-10 10:45:51,1436,
A10,50,CSE,16044,77PD,Plate3,2024-02-23 11:09:00,1440,
A11,100,CSE,16448,77PD,Plate3,2024-02-23 11:09:00,1440,
A12,200,CSE,15755,77PD,Plate3,2024-02-23 11:09:00,1440,
A3,0,CSE,20360,77PD,Plate3,2024-02-23 11:09:00,1440,
A4,0.1,CSE,17755,77PD,Plate3,2024-02-23 11:09:00,1440,
A5,0.5,CSE,19031,77PD,Plate3,2024-02-23 11:09:00,1440,
A6,1,CSE,16722,77PD,Plate3,2024-02-23 11:09:00,1440,
A7,5,CSE,16367,77PD,Plate3,2024-02-23 11:09:00,1440,
A8,10,CSE,17221,77PD,Plate3,2024-02-23 11:09:00,1440,
A9,20,CSE,16118,77PD,Plate3,2024-02-23 11:09:00,1440,
B10,50,CSE,15337,77PD,Plate3,2024-02-23 11:09:00,1440,
B11,100,CSE,14857,77PD,Plate3,2024-02-23 11:09:00,1440,
B12,200,CSE,16587,77PD,Plate3,2024-02-23 11:09:00,1440,
B3,0,CSE,15485,77PD,Plate3,2024-02-23 11:09:00,1440,
B4,0.1,CSE,16986,77PD,Plate3,2024-02-23 11:09:00,1440,
B5,0.5,CSE,15568,77PD,Plate3,2024-02-23 11:09:00,1440,
B6,1,CSE,15320,77PD,Plate3,2024-02-23 11:09:00,1440,
B7,5,CSE,15329,77PD,Plate3,2024-02-23 11:09:00,1440,
B8,10,CSE,15465,77PD,Plate3,2024-02-23 11:09:00,1440,
B9,20,CSE,15606,77PD,Plate3,2024-02-23 11:09:00,1440,
C10,50,CSE,14675,77PD,Plate3,2024-02-23 11:09:00,1440,
C11,100,CSE,13927,77PD,Plate3,2024-02-23 11:09:00,1440,
C12,200,CSE,15792,77PD,Plate3,2024-02-23 11:09:00,1440,
C3,0,CSE,15467,77PD,Plate3,2024-02-23 11:09:00,1440,
C4,0.1,CSE,16150,77PD,Plate3,2024-02-23 11:09:00,1440,
C5,0.5,CSE,15283,77PD,Plate3,2024-02-23 11:09:00,1440,
C6,1,CSE,14940,77PD,Plate3,2024-02-23 11:09:00,1440,
C7,5,CSE,16257,77PD,Plate3,2024-02-23 11:09:00,1440,
C8,10,CSE,14828,77PD,Plate3,2024-02-23 11:09:00,1440,
C9,20,CSE,15806,77PD,Plate3,2024-02-23 11:09:00,1440,
D10,50,CSE,13091,77PD,Plate3,2024-02-23 11:09:00,1440,
D11,100,CSE,13942,77PD,Plate3,2024-02-23 11:09:00,1440,
D12,200,CSE,14181,77PD,Plate3,2024-02-23 11:09:00,1440,
D3,0,CSE,15567,77PD,Plate3,2024-02-23 11:09:00,1440,
D4,0.1,CSE,16010,77PD,Plate3,2024-02-23 11:09:00,1440,
D5,0.5,CSE,15382,77PD,Plate3,2024-02-23 11:09:00,1440,
D6,1,CSE,15311,77PD,Plate3,2024-02-23 11:09:00,1440,
D7,5,CSE,15184,77PD,Plate3,2024-02-23 11:09:00,1440,
D8,10,CSE,14931,77PD,Plate3,2024-02-23 11:09:00,1440,
D9,20,CSE,14546,77PD,Plate3,2024-02-23 11:09:00,1440,
E10,50,CHSE,12719,77PD,Plate3,2024-02-23 11:09:00,1440,
E11,100,CHSE,13769,77PD,Plate3,2024-02-23 11:09:00,1440,
E12,200,CHSE,14459,77PD,Plate3,2024-02-23 11:09:00,1440,
E3,0,CHSE,15812,77PD,Plate3,2024-02-23 11:09:00,1440,
E4,0.1,CHSE,14739,77PD,Plate3,2024-02-23 11:09:00,1440,
E5,0.5,CHSE,15546,77PD,Plate3,2024-02-23 11:09:00,1440,
E6,1,CHSE,15212,77PD,Plate3,2024-02-23 11:09:00,1440,
E7,5,CHSE,15188,77PD,Plate3,2024-02-23 11:09:00,1440,
E8,10,CHSE,14809,77PD,Plate3,2024-02-23 11:09:00,1440,
E9,20,CHSE,14066,77PD,Plate3,2024-02-23 11:09:00,1440,
F10,50,CHSE,13231,77PD,Plate3,2024-02-23 11:09:00,1440,
F11,100,CHSE,15153,77PD,Plate3,2024-02-23 11:09:00,1440,
F12,200,CHSE,14270,77PD,Plate3,2024-02-23 11:09:00,1440,
F3,0,CHSE,14881,77PD,Plate3,2024-02-23 11:09:00,1440,
F4,0.1,CHSE,15422,77PD,Plate3,2024-02-23 11:09:00,1440,
F5,0.5,CHSE,15011,77PD,Plate3,2024-02-23 11:09:00,1440,
F6,1,CHSE,14584,77PD,Plate3,2024-02-23 11:09:00,1440,
F7,5,CHSE,14806,77PD,Plate3,2024-02-23 11:09:00,1440,
F8,10,CHSE,15569,77PD,Plate3,2024-02-23 11:09:00,1440,
F9,20,CHSE,13985,77PD,Plate3,2024-02-23 11:09:00,1440,
G10,50,CHSE,14850,77PD,Plate3,2024-02-23 11:09:00,1440,
G11,100,CHSE,15462,77PD,Plate3,2024-02-23 11:09:00,1440,
G12,200,CHSE,16027,77PD,Plate3,2024-02-23 11:09:00,1440,
G3,0,CHSE,15449,77PD,Plate3,2024-02-23 11:09:00,1440,
G4,0.1,CHSE,15563,77PD,Plate3,2024-02-23 11:09:00,1440,
G5,0.5,CHSE,15087,77PD,Plate3,2024-02-23 11:09:00,1440,
G6,1,CHSE,14428,77PD,Plate3,2024-02-23 11:09:00,1440,
G7,5,CHSE,14718,77PD,Plate3,2024-02-23 11:09:00,1440,
G8,10,CHSE,15487,77PD,Plate3,2024-02-23 11:09:00,1440,
G9,20,CHSE,15019,77PD,Plate3,2024-02-23 11:09:00,1440,
H10,50,CHSE,15468,77PD,Plate3,2024-02-23 11:09:00,1440,
H11,100,CHSE,15613,77PD,Plate3,2024-02-23 11:09:00,1440,
H12,200,CHSE,14730,77PD,Plate3,2024-02-23 11:09:00,1440,
H3,0,CHSE,16372,77PD,Plate3,2024-02-23 11:09:00,1440,
H4,0.1,CHSE,15753,77PD,Plate3,2024-02-23 11:09:00,1440,
H5,0.5,CHSE,15401,77PD,Plate3,2024-02-23 11:09:00,1440,
H6,1,CHSE,15896,77PD,Plate3,2024-02-23 11:09:00,1440,
H7,5,CHSE,16003,77PD,Plate3,2024-02-23 11:09:00,1440,
H8,10,CHSE,16000,77PD,Plate3,2024-02-23 11:09:00,1440,
H9,20,CHSE,15865,77PD,Plate3,2024-02-23 11:09:00,1440,
A10,50,RTG,23856,77PD,Plate3,2024-10-10 10:48:07,1434,
A11,100,RTG,23668,77PD,Plate3,2024-10-10 10:48:07,1434,
A12,200,RTG,22972,77PD,Plate3,2024-10-10 10:48:07,1434,
A3,0,RTG,24822,77PD,Plate3,2024-10-10 10:48:07,1434,
A4,0.1,RTG,26776,77PD,Plate3,2024-10-10 10:48:07,1434,
A5,0.5,RTG,24367,77PD,Plate3,2024-10-10 10:48:07,1434,
A6,1,RTG,24213,77PD,Plate3,2024-10-10 10:48:07,1434,
A7,5,RTG,24295,77PD,Plate3,2024-10-10 10:48:07,1434,
A8,10,RTG,24614,77PD,Plate3,2024-10-10 10:48:07,1434,
A9,20,RTG,23285,77PD,Plate3,2024-10-10 10:48:07,1434,
B10,50,RTG,22216,77PD,Plate3,2024-10-10 10:48:07,1434,
B11,100,RTG,21764,77PD,Plate3,2024-10-10 10:48:07,1434,
B12,200,RTG,21955,77PD,Plate3,2024-10-10 10:48:07,1434,
B3,0,RTG,22034,77PD,Plate3,2024-10-10 10:48:07,1434,
B4,0.1,RTG,22386,77PD,Plate3,2024-10-10 10:48:07,1434,
B5,0.5,RTG,20828,77PD,Plate3,2024-10-10 10:48:07,1434,
B6,1,RTG,21145,77PD,Plate3,2024-10-10 10:48:07,1434,
B7,5,RTG,21577,77PD,Plate3,2024-10-10 10:48:07,1434,
B8,10,RTG,22414,77PD,Plate3,2024-10-10 10:48:07,1434,
B9,20,RTG,21965,77PD,Plate3,2024-10-10 10:48:07,1434,
C10,50,RTG,22051,77PD,Plate3,2024-10-10 10:48:07,1434,
C11,100,RTG,21861,77PD,Plate3,2024-10-10 10:48:07,1434,
C12,200,RTG,21686,77PD,Plate3,2024-10-10 10:48:07,1434,
C3,0,RTG,22494,77PD,Plate3,2024-10-10 10:48:07,1434,
C4,0.1,RTG,22116,77PD,Plate3,2024-10-10 10:48:07,1434,
C5,0.5,RTG,19943,77PD,Plate3,2024-10-10 10:48:07,1434,
C6,1,RTG,20299,77PD,Plate3,2024-10-10 10:48:07,1434,
C7,5,RTG,19960,77PD,Plate3,2024-10-10 10:48:07,1434,
C8,10,RTG,21032,77PD,Plate3,2024-10-10 10:48:07,1434,
C9,20,RTG,21093,77PD,Plate3,2024-10-10 10:48:07,1434,
D10,50,RTG,22481,77PD,Plate3,2024-10-10 10:48:07,1434,
D11,100,RTG,22684,77PD,Plate3,2024-10-10 10:48:07,1434,
D12,200,RTG,21531,77PD,Plate3,2024-10-10 10:48:07,1434,
D3,0,RTG,22492,77PD,Plate3,2024-10-10 10:48:07,1434,
D4,0.1,RTG,23459,77PD,Plate3,2024-10-10 10:48:07,1434,
D5,0.5,RTG,21768,77PD,Plate3,2024-10-10 10:48:07,1434,
D6,1,RTG,22209,77PD,Plate3,2024-10-10 10:48:07,1434,
D7,5,RTG,23431,77PD,Plate3,2024-10-10 10:48:07,1434,
D8,10,RTG,23368,77PD,Plate3,2024-10-10 10:48:07,1434,
D9,20,RTG,22285,77PD,Plate3,2024-10-10 10:48:07,1434,
A10,100,CSE,17048,77PDQ,Plate1,2024-09-12 11:36:03,1440,
A11,200,CSE,15729,77PDQ,Plate1,2024-09-12 11:36:03,1440,
A12,400,CSE,16965,77PDQ,Plate1,2024-09-12 11:36:03,1440,
A3,0,CSE,15718,77PDQ,Plate1,2024-09-12 11:36:03,1440,
A4,0.1,CSE,15824,77PDQ,Plate1,2024-09-12 11:36:03,1440,
A5,1,CSE,15784,77PDQ,Plate1,2024-09-12 11:36:03,1440,
A6,5,CSE,15797,77PDQ,Plate1,2024-09-12 11:36:03,1440,
A7,10,CSE,16237,77PDQ,Plate1,2024-09-12 11:36:03,1440,
A8,20,CSE,16082,77PDQ,Plate1,2024-09-12 11:36:03,1440,
A9,50,CSE,15804,77PDQ,Plate1,2024-09-12 11:36:03,1440,
B10,100,CSE,15456,77PDQ,Plate1,2024-09-12 11:36:03,1440,
B11,200,CSE,14949,77PDQ,Plate1,2024-09-12 11:36:03,1440,
B12,400,CSE,15988,77PDQ,Plate1,2024-09-12 11:36:03,1440,
B3,0,CSE,14707,77PDQ,Plate1,2024-09-12 11:36:03,1440,
B4,0.1,CSE,14973,77PDQ,Plate1,2024-09-12 11:36:03,1440,
B5,1,CSE,15174,77PDQ,Plate1,2024-09-12 11:36:03,1440,
B6,5,CSE,14964,77PDQ,Plate1,2024-09-12 11:36:03,1440,
B7,10,CSE,15999,77PDQ,Plate1,2024-09-12 11:36:03,1440,
B8,20,CSE,15087,77PDQ,Plate1,2024-09-12 11:36:03,1440,
B9,50,CSE,15635,77PDQ,Plate1,2024-09-12 11:36:03,1440,
C10,100,CSE,14758,77PDQ,Plate1,2024-09-12 11:36:03,1440,
C11,200,CSE,15570,77PDQ,Plate1,2024-09-12 11:36:03,1440,
C12,400,CSE,16350,77PDQ,Plate1,2024-09-12 11:36:03,1440,
C3,0,CSE,15393,77PDQ,Plate1,2024-09-12 11:36:03,1440,
C4,0.1,CSE,14693,77PDQ,Plate1,2024-09-12 11:36:03,1440,
C5,1,CSE,14965,77PDQ,Plate1,2024-09-12 11:36:03,1440,
C6,5,CSE,14836,77PDQ,Plate1,2024-09-12 11:36:03,1440,
C7,10,CSE,14807,77PDQ,Plate1,2024-09-12 11:36:03,1440,
C8,20,CSE,15103,77PDQ,Plate1,2024-09-12 11:36:03,1440,
C9,50,CSE,14551,77PDQ,Plate1,2024-09-12 11:36:03,1440,
D10,100,CSE,15046,77PDQ,Plate1,2024-09-12 11:36:03,1440,
D11,200,CSE,15755,77PDQ,Plate1,2024-09-12 11:36:03,1440,
D12,400,CSE,17353,77PDQ,Plate1,2024-09-12 11:36:03,1440,
D3,0,CSE,15265,77PDQ,Plate1,2024-09-12 11:36:03,1440,
D4,0.1,CSE,15033,77PDQ,Plate1,2024-09-12 11:36:03,1440,
D5,1,CSE,14397,77PDQ,Plate1,2024-09-12 11:36:03,1440,
D6,5,CSE,14751,77PDQ,Plate1,2024-09-12 11:36:03,1440,
D7,10,CSE,15691,77PDQ,Plate1,2024-09-12 11:36:03,1440,
D8,20,CSE,15223,77PDQ,Plate1,2024-09-12 11:36:03,1440,
D9,50,CSE,14149,77PDQ,Plate1,2024-09-12 11:36:03,1440,
E10,100,CHSE,14436,77PDQ,Plate1,2024-09-12 11:36:03,1440,
E11,200,CHSE,14920,77PDQ,Plate1,2024-09-12 11:36:03,1440,
E12,400,CHSE,15412,77PDQ,Plate1,2024-09-12 11:36:03,1440,
E3,0,CHSE,14292,77PDQ,Plate1,2024-09-12 11:36:03,1440,
E4,0.1,CHSE,14222,77PDQ,Plate1,2024-09-12 11:36:03,1440,
E5,1,CHSE,14333,77PDQ,Plate1,2024-09-12 11:36:03,1440,
E6,5,CHSE,14063,77PDQ,Plate1,2024-09-12 11:36:03,1440,
E7,10,CHSE,14105,77PDQ,Plate1,2024-09-12 11:36:03,1440,
E8,20,CHSE,14578,77PDQ,Plate1,2024-09-12 11:36:03,1440,
E9,50,CHSE,15866,77PDQ,Plate1,2024-09-12 11:36:03,1440,
F10,100,CHSE,14890,77PDQ,Plate1,2024-09-12 11:36:03,1440,
F11,200,CHSE,15291,77PDQ,Plate1,2024-09-12 11:36:03,1440,
F12,400,CHSE,15304,77PDQ,Plate1,2024-09-12 11:36:03,1440,
F3,0,CHSE,14177,77PDQ,Plate1,2024-09-12 11:36:03,1440,
F4,0.1,CHSE,14588,77PDQ,Plate1,2024-09-12 11:36:03,1440,
F5,1,CHSE,14787,77PDQ,Plate1,2024-09-12 11:36:03,1440,
F6,5,CHSE,15634,77PDQ,Plate1,2024-09-12 11:36:03,1440,
F7,10,CHSE,14563,77PDQ,Plate1,2024-09-12 11:36:03,1440,
F8,20,CHSE,14275,77PDQ,Plate1,2024-09-12 11:36:03,1440,
F9,50,CHSE,16905,77PDQ,Plate1,2024-09-12 11:36:03,1440,
G10,100,CHSE,13902,77PDQ,Plate1,2024-09-12 11:36:03,1440,
G11,200,CHSE,14389,77PDQ,Plate1,2024-09-12 11:36:03,1440,
G12,400,CHSE,15751,77PDQ,Plate1,2024-09-12 11:36:03,1440,
G3,0,CHSE,13692,77PDQ,Plate1,2024-09-12 11:36:03,1440,
G4,0.1,CHSE,13154,77PDQ,Plate1,2024-09-12 11:36:03,1440,
G5,1,CHSE,13728,77PDQ,Plate1,2024-09-12 11:36:03,1440,
G6,5,CHSE,13910,77PDQ,Plate1,2024-09-12 11:36:03,1440,
G7,10,CHSE,14071,77PDQ,Plate1,2024-09-12 11:36:03,1440,
G8,20,CHSE,13785,77PDQ,Plate1,2024-09-12 11:36:03,1440,
G9,50,CHSE,14791,77PDQ,Plate1,2024-09-12 11:36:03,1440,
H10,100,CHSE,13443,77PDQ,Plate1,2024-09-12 11:36:03,1440,
H11,200,CHSE,13486,77PDQ,Plate1,2024-09-12 11:36:03,1440,
H12,400,CHSE,13082,77PDQ,Plate1,2024-09-12 11:36:03,1440,
H3,0,CHSE,13610,77PDQ,Plate1,2024-09-12 11:36:03,1440,
H4,0.1,CHSE,12837,77PDQ,Plate1,2024-09-12 11:36:03,1440,
H5,1,CHSE,13391,77PDQ,Plate1,2024-09-12 11:36:03,1440,
H6,5,CHSE,13824,77PDQ,Plate1,2024-09-12 11:36:03,1440,
H7,10,CHSE,14080,77PDQ,Plate1,2024-09-12 11:36:03,1440,
H8,20,CHSE,13256,77PDQ,Plate1,2024-09-12 11:36:03,1440,
H9,50,CHSE,13211,77PDQ,Plate1,2024-09-12 11:36:03,1440,
A10,100,CSE,15248,77PDQ,Plate2,2024-09-12 11:38:29,1440,
A11,200,CSE,15346,77PDQ,Plate2,2024-09-12 11:38:29,1440,
A12,400,CSE,16299,77PDQ,Plate2,2024-09-12 11:38:29,1440,
A3,0,CSE,14418,77PDQ,Plate2,2024-09-12 11:38:29,1440,
A4,0.1,CSE,15258,77PDQ,Plate2,2024-09-12 11:38:29,1440,
A5,1,CSE,13556,77PDQ,Plate2,2024-09-12 11:38:29,1440,
A6,5,CSE,14202,77PDQ,Plate2,2024-09-12 11:38:29,1440,
A7,10,CSE,15082,77PDQ,Plate2,2024-09-12 11:38:29,1440,
A8,20,CSE,15115,77PDQ,Plate2,2024-09-12 11:38:29,1440,
A9,50,CSE,14135,77PDQ,Plate2,2024-09-12 11:38:29,1440,
B10,100,CSE,15202,77PDQ,Plate2,2024-09-12 11:38:29,1440,
B11,200,CSE,14188,77PDQ,Plate2,2024-09-12 11:38:29,1440,
B12,400,CSE,16244,77PDQ,Plate2,2024-09-12 11:38:29,1440,
B3,0,CSE,14431,77PDQ,Plate2,2024-09-12 11:38:29,1440,
B4,0.1,CSE,14301,77PDQ,Plate2,2024-09-12 11:38:29,1440,
B5,1,CSE,14835,77PDQ,Plate2,2024-09-12 11:38:29,1440,
B6,5,CSE,13807,77PDQ,Plate2,2024-09-12 11:38:29,1440,
B7,10,CSE,13983,77PDQ,Plate2,2024-09-12 11:38:29,1440,
B8,20,CSE,14170,77PDQ,Plate2,2024-09-12 11:38:29,1440,
B9,50,CSE,14005,77PDQ,Plate2,2024-09-12 11:38:29,1440,
C10,100,CSE,14055,77PDQ,Plate2,2024-09-12 11:38:29,1440,
C11,200,CSE,14903,77PDQ,Plate2,2024-09-12 11:38:29,1440,
C12,400,CSE,16241,77PDQ,Plate2,2024-09-12 11:38:29,1440,
C3,0,CSE,13276,77PDQ,Plate2,2024-09-12 11:38:29,1440,
C4,0.1,CSE,14168,77PDQ,Plate2,2024-09-12 11:38:29,1440,
C5,1,CSE,13486,77PDQ,Plate2,2024-09-12 11:38:29,1440,
C6,5,CSE,14175,77PDQ,Plate2,2024-09-12 11:38:29,1440,
C7,10,CSE,14537,77PDQ,Plate2,2024-09-12 11:38:29,1440,
C8,20,CSE,14142,77PDQ,Plate2,2024-09-12 11:38:29,1440,
C9,50,CSE,14190,77PDQ,Plate2,2024-09-12 11:38:29,1440,
D10,100,CSE,14034,77PDQ,Plate2,2024-09-12 11:38:29,1440,
D11,200,CSE,14189,77PDQ,Plate2,2024-09-12 11:38:29,1440,
D12,400,CSE,15040,77PDQ,Plate2,2024-09-12 11:38:29,1440,
D3,0,CSE,13533,77PDQ,Plate2,2024-09-12 11:38:29,1440,
D4,0.1,CSE,13824,77PDQ,Plate2,2024-09-12 11:38:29,1440,
D5,1,CSE,14488,77PDQ,Plate2,2024-09-12 11:38:29,1440,
D6,5,CSE,13512,77PDQ,Plate2,2024-09-12 11:38:29,1440,
D7,10,CSE,13996,77PDQ,Plate2,2024-09-12 11:38:29,1440,
D8,20,CSE,14115,77PDQ,Plate2,2024-09-12 11:38:29,1440,
D9,50,CSE,14178,77PDQ,Plate2,2024-09-12 11:38:29,1440,
E10,100,CHSE,15446,77PDQ,Plate2,2024-09-12 11:38:29,1440,
E11,200,CHSE,16126,77PDQ,Plate2,2024-09-12 11:38:29,1440,
E12,400,CHSE,16581,77PDQ,Plate2,2024-09-12 11:38:29,1440,
E3,0,CHSE,14725,77PDQ,Plate2,2024-09-12 11:38:29,1440,
E4,0.1,CHSE,15048,77PDQ,Plate2,2024-09-12 11:38:29,1440,
E5,1,CHSE,14959,77PDQ,Plate2,2024-09-12 11:38:29,1440,
E6,5,CHSE,14945,77PDQ,Plate2,2024-09-12 11:38:29,1440,
E7,10,CHSE,14993,77PDQ,Plate2,2024-09-12 11:38:29,1440,
E8,20,CHSE,14476,77PDQ,Plate2,2024-09-12 11:38:29,1440,
E9,50,CHSE,15893,77PDQ,Plate2,2024-09-12 11:38:29,1440,
F10,100,CHSE,15266,77PDQ,Plate2,2024-09-12 11:38:29,1440,
F11,200,CHSE,16061,77PDQ,Plate2,2024-09-12 11:38:29,1440,
F12,400,CHSE,16374,77PDQ,Plate2,2024-09-12 11:38:29,1440,
F3,0,CHSE,14742,77PDQ,Plate2,2024-09-12 11:38:29,1440,
F4,0.1,CHSE,13853,77PDQ,Plate2,2024-09-12 11:38:29,1440,
F5,1,CHSE,15872,77PDQ,Plate2,2024-09-12 11:38:29,1440,
F6,5,CHSE,14610,77PDQ,Plate2,2024-09-12 11:38:29,1440,
F7,10,CHSE,15099,77PDQ,Plate2,2024-09-12 11:38:29,1440,
F8,20,CHSE,14345,77PDQ,Plate2,2024-09-12 11:38:29,1440,
F9,50,CHSE,13684,77PDQ,Plate2,2024-09-12 11:38:29,1440,
G10,100,CHSE,15045,77PDQ,Plate2,2024-09-12 11:38:29,1440,
G11,200,CHSE,15260,77PDQ,Plate2,2024-09-12 11:38:29,1440,
G12,400,CHSE,16298,77PDQ,Plate2,2024-09-12 11:38:29,1440,
G3,0,CHSE,15145,77PDQ,Plate2,2024-09-12 11:38:29,1440,
G4,0.1,CHSE,15207,77PDQ,Plate2,2024-09-12 11:38:29,1440,
G5,1,CHSE,15240,77PDQ,Plate2,2024-09-12 11:38:29,1440,
G6,5,CHSE,15379,77PDQ,Plate2,2024-09-12 11:38:29,1440,
G7,10,CHSE,15157,77PDQ,Plate2,2024-09-12 11:38:29,1440,
G8,20,CHSE,15058,77PDQ,Plate2,2024-09-12 11:38:29,1440,
G9,50,CHSE,15148,77PDQ,Plate2,2024-09-12 11:38:29,1440,
H10,100,CHSE,15672,77PDQ,Plate2,2024-09-12 11:38:29,1440,
H11,200,CHSE,16740,77PDQ,Plate2,2024-09-12 11:38:29,1440,
H12,400,CHSE,15719,77PDQ,Plate2,2024-09-12 11:38:29,1440,
H3,0,CHSE,15251,77PDQ,Plate2,2024-09-12 11:38:29,1440,
H4,0.1,CHSE,15888,77PDQ,Plate2,2024-09-12 11:38:29,1440,
H5,1,CHSE,16040,77PDQ,Plate2,2024-09-12 11:38:29,1440,
H6,5,CHSE,15883,77PDQ,Plate2,2024-09-12 11:38:29,1440,
H7,10,CHSE,16012,77PDQ,Plate2,2024-09-12 11:38:29,1440,
H8,20,CHSE,15355,77PDQ,Plate2,2024-09-12 11:38:29,1440,
H9,50,CHSE,15558,77PDQ,Plate2,2024-09-12 11:38:29,1440,
A10,100,CSE,13590,77PDQ,Plate3,2024-09-12 11:40:31,1440,
A11,200,CSE,14155,77PDQ,Plate3,2024-09-12 11:40:31,1440,
A12,400,CSE,13484,77PDQ,Plate3,2024-09-12 11:40:31,1440,
A3,0,CSE,13574,77PDQ,Plate3,2024-09-12 11:40:31,1440,
A4,0.1,CSE,13638,77PDQ,Plate3,2024-09-12 11:40:31,1440,
A5,1,CSE,13075,77PDQ,Plate3,2024-09-12 11:40:31,1440,
A6,5,CSE,12165,77PDQ,Plate3,2024-09-12 11:40:31,1440,
A7,10,CSE,11906,77PDQ,Plate3,2024-09-12 11:40:31,1440,
A8,20,CSE,12233,77PDQ,Plate3,2024-09-12 11:40:31,1440,
A9,50,CSE,12581,77PDQ,Plate3,2024-09-12 11:40:31,1440,
B10,100,CSE,13544,77PDQ,Plate3,2024-09-12 11:40:31,1440,
B11,200,CSE,14347,77PDQ,Plate3,2024-09-12 11:40:31,1440,
B12,400,CSE,13174,77PDQ,Plate3,2024-09-12 11:40:31,1440,
B3,0,CSE,12205,77PDQ,Plate3,2024-09-12 11:40:31,1440,
B4,0.1,CSE,12734,77PDQ,Plate3,2024-09-12 11:40:31,1440,
B5,1,CSE,13419,77PDQ,Plate3,2024-09-12 11:40:31,1440,
B6,5,CSE,12185,77PDQ,Plate3,2024-09-12 11:40:31,1440,
B7,10,CSE,11308,77PDQ,Plate3,2024-09-12 11:40:31,1440,
B8,20,CSE,12653,77PDQ,Plate3,2024-09-12 11:40:31,1440,
B9,50,CSE,13541,77PDQ,Plate3,2024-09-12 11:40:31,1440,
C10,100,CSE,13258,77PDQ,Plate3,2024-09-12 11:40:31,1440,
C11,200,CSE,13679,77PDQ,Plate3,2024-09-12 11:40:31,1440,
C12,400,CSE,12259,77PDQ,Plate3,2024-09-12 11:40:31,1440,
C3,0,CSE,12519,77PDQ,Plate3,2024-09-12 11:40:31,1440,
C4,0.1,CSE,12930,77PDQ,Plate3,2024-09-12 11:40:31,1440,
C5,1,CSE,12030,77PDQ,Plate3,2024-09-12 11:40:31,1440,
C6,5,CSE,11499,77PDQ,Plate3,2024-09-12 11:40:31,1440,
C7,10,CSE,11739,77PDQ,Plate3,2024-09-12 11:40:31,1440,
C8,20,CSE,12402,77PDQ,Plate3,2024-09-12 11:40:31,1440,
C9,50,CSE,14174,77PDQ,Plate3,2024-09-12 11:40:31,1440,
D10,100,CSE,12741,77PDQ,Plate3,2024-09-12 11:40:31,1440,
D11,200,CSE,12741,77PDQ,Plate3,2024-09-12 11:40:31,1440,
D12,400,CSE,11902,77PDQ,Plate3,2024-09-12 11:40:31,1440,
D3,0,CSE,13031,77PDQ,Plate3,2024-09-12 11:40:31,1440,
D4,0.1,CSE,13325,77PDQ,Plate3,2024-09-12 11:40:31,1440,
D5,1,CSE,13159,77PDQ,Plate3,2024-09-12 11:40:31,1440,
D6,5,CSE,12738,77PDQ,Plate3,2024-09-12 11:40:31,1440,
D7,10,CSE,13295,77PDQ,Plate3,2024-09-12 11:40:31,1440,
D8,20,CSE,12706,77PDQ,Plate3,2024-09-12 11:40:31,1440,
D9,50,CSE,13365,77PDQ,Plate3,2024-09-12 11:40:31,1440,
E10,100,CHSE,15428,77PDQ,Plate3,2024-09-12 11:40:31,1440,
E11,200,CHSE,15363,77PDQ,Plate3,2024-09-12 11:40:31,1440,
E12,400,CHSE,16318,77PDQ,Plate3,2024-09-12 11:40:31,1440,
E3,0,CHSE,14893,77PDQ,Plate3,2024-09-12 11:40:31,1440,
E4,0.1,CHSE,14578,77PDQ,Plate3,2024-09-12 11:40:31,1440,
E5,1,CHSE,14808,77PDQ,Plate3,2024-09-12 11:40:31,1440,
E6,5,CHSE,15488,77PDQ,Plate3,2024-09-12 11:40:31,1440,
E7,10,CHSE,14679,77PDQ,Plate3,2024-09-12 11:40:31,1440,
E8,20,CHSE,14961,77PDQ,Plate3,2024-09-12 11:40:31,1440,
E9,50,CHSE,15156,77PDQ,Plate3,2024-09-12 11:40:31,1440,
F10,100,CHSE,15446,77PDQ,Plate3,2024-09-12 11:40:31,1440,
F11,200,CHSE,15994,77PDQ,Plate3,2024-09-12 11:40:31,1440,
F12,400,CHSE,16316,77PDQ,Plate3,2024-09-12 11:40:31,1440,
F3,0,CHSE,15012,77PDQ,Plate3,2024-09-12 11:40:31,1440,
F4,0.1,CHSE,15092,77PDQ,Plate3,2024-09-12 11:40:31,1440,
F5,1,CHSE,15412,77PDQ,Plate3,2024-09-12 11:40:31,1440,
F6,5,CHSE,15485,77PDQ,Plate3,2024-09-12 11:40:31,1440,
F7,10,CHSE,15711,77PDQ,Plate3,2024-09-12 11:40:31,1440,
F8,20,CHSE,15107,77PDQ,Plate3,2024-09-12 11:40:31,1440,
F9,50,CHSE,14272,77PDQ,Plate3,2024-09-12 11:40:31,1440,
G10,100,CHSE,15255,77PDQ,Plate3,2024-09-12 11:40:31,1440,
G11,200,CHSE,15619,77PDQ,Plate3,2024-09-12 11:40:31,1440,
G12,400,CHSE,15998,77PDQ,Plate3,2024-09-12 11:40:31,1440,
G3,0,CHSE,15259,77PDQ,Plate3,2024-09-12 11:40:31,1440,
G4,0.1,CHSE,14983,77PDQ,Plate3,2024-09-12 11:40:31,1440,
G5,1,CHSE,15122,77PDQ,Plate3,2024-09-12 11:40:31,1440,
G6,5,CHSE,15031,77PDQ,Plate3,2024-09-12 11:40:31,1440,
G7,10,CHSE,14841,77PDQ,Plate3,2024-09-12 11:40:31,1440,
G8,20,CHSE,15994,77PDQ,Plate3,2024-09-12 11:40:31,1440,
G9,50,CHSE,14839,77PDQ,Plate3,2024-09-12 11:40:31,1440,
H10,100,CHSE,16170,77PDQ,Plate3,2024-09-12 11:40:31,1440,
H11,200,CHSE,16747,77PDQ,Plate3,2024-09-12 11:40:31,1440,
H12,400,CHSE,16338,77PDQ,Plate3,2024-09-12 11:40:31,1440,
H3,0,CHSE,15546,77PDQ,Plate3,2024-09-12 11:40:31,1440,
H4,0.1,CHSE,15601,77PDQ,Plate3,2024-09-12 11:40:31,1440,
H5,1,CHSE,15624,77PDQ,Plate3,2024-09-12 11:40:31,1440,
H6,5,CHSE,15834,77PDQ,Plate3,2024-09-12 11:40:31,1440,
H7,10,CHSE,16328,77PDQ,Plate3,2024-09-12 11:40:31,1440,
H8,20,CHSE,15488,77PDQ,Plate3,2024-09-12 11:40:31,1440,
H9,50,CHSE,16058,77PDQ,Plate3,2024-09-12 11:40:31,1440,
A10,100,RTG,26700,77PDQ,Plate4,2024-09-12 11:48:03,1428,
A11,200,RTG,27102,77PDQ,Plate4,2024-09-12 11:48:03,1428,
A12,400,RTG,27485,77PDQ,Plate4,2024-09-12 11:48:03,1428,
A3,0,RTG,28171,77PDQ,Plate4,2024-09-12 11:48:03,1428,
A4,0.1,RTG,26455,77PDQ,Plate4,2024-09-12 11:48:03,1428,
A5,1,RTG,25745,77PDQ,Plate4,2024-09-12 11:48:03,1428,
A6,5,RTG,26428,77PDQ,Plate4,2024-09-12 11:48:03,1428,
A7,10,RTG,27266,77PDQ,Plate4,2024-09-12 11:48:03,1428,
A8,20,RTG,24341,77PDQ,Plate4,2024-09-12 11:48:03,1428,
A9,50,RTG,26227,77PDQ,Plate4,2024-09-12 11:48:03,1428,
B10,100,RTG,25995,77PDQ,Plate4,2024-09-12 11:48:03,1428,
B11,200,RTG,26534,77PDQ,Plate4,2024-09-12 11:48:03,1428,
B12,400,RTG,27936,77PDQ,Plate4,2024-09-12 11:48:03,1428,
B3,0,RTG,25067,77PDQ,Plate4,2024-09-12 11:48:03,1428,
B4,0.1,RTG,27845,77PDQ,Plate4,2024-09-12 11:48:03,1428,
B5,1,RTG,25811,77PDQ,Plate4,2024-09-12 11:48:03,1428,
B6,5,RTG,26567,77PDQ,Plate4,2024-09-12 11:48:03,1428,
B7,10,RTG,26136,77PDQ,Plate4,2024-09-12 11:48:03,1428,
B8,20,RTG,24978,77PDQ,Plate4,2024-09-12 11:48:03,1428,
B9,50,RTG,26007,77PDQ,Plate4,2024-09-12 11:48:03,1428,
C10,100,RTG,27589,77PDQ,Plate4,2024-09-12 11:48:03,1428,
C11,200,RTG,26768,77PDQ,Plate4,2024-09-12 11:48:03,1428,
C12,400,RTG,27966,77PDQ,Plate4,2024-09-12 11:48:03,1428,
C3,0,RTG,25846,77PDQ,Plate4,2024-09-12 11:48:03,1428,
C4,0.1,RTG,25184,77PDQ,Plate4,2024-09-12 11:48:03,1428,
C5,1,RTG,26310,77PDQ,Plate4,2024-09-12 11:48:03,1428,
C6,5,RTG,26778,77PDQ,Plate4,2024-09-12 11:48:03,1428,
C7,10,RTG,26014,77PDQ,Plate4,2024-09-12 11:48:03,1428,
C8,20,RTG,27217,77PDQ,Plate4,2024-09-12 11:48:03,1428,
C9,50,RTG,26867,77PDQ,Plate4,2024-09-12 11:48:03,1428,
D10,100,RTG,28777,77PDQ,Plate4,2024-09-12 11:48:03,1428,
D11,200,RTG,29796,77PDQ,Plate4,2024-09-12 11:48:03,1428,
D12,400,RTG,27995,77PDQ,Plate4,2024-09-12 11:48:03,1428,
D3,0,RTG,27203,77PDQ,Plate4,2024-09-12 11:48:03,1428,
D4,0.1,RTG,27871,77PDQ,Plate4,2024-09-12 11:48:03,1428,
D5,1,RTG,29048,77PDQ,Plate4,2024-09-12 11:48:03,1428,
D6,5,RTG,28156,77PDQ,Plate4,2024-09-12 11:48:03,1428,
D7,10,RTG,29284,77PDQ,Plate4,2024-09-12 11:48:03,1428,
D8,20,RTG,28312,77PDQ,Plate4,2024-09-12 11:48:03,1428,
D9,50,RTG,27756,77PDQ,Plate4,2024-09-12 11:48:03,1428,
A10,100,RTG,25221,77PDQ,Plate5,2024-09-12 11:49:58,1426,
A11,200,RTG,26682,77PDQ,Plate5,2024-09-12 11:49:58,1426,
A12,400,RTG,27249,77PDQ,Plate5,2024-09-12 11:49:58,1426,
A3,0,RTG,25453,77PDQ,Plate5,2024-09-12 11:49:58,1426,
A4,0.1,RTG,25653,77PDQ,Plate5,2024-09-12 11:49:58,1426,
A5,1,RTG,26296,77PDQ,Plate5,2024-09-12 11:49:58,1426,
A6,5,RTG,25780,77PDQ,Plate5,2024-09-12 11:49:58,1426,
A7,10,RTG,25974,77PDQ,Plate5,2024-09-12 11:49:58,1426,
A8,20,RTG,25410,77PDQ,Plate5,2024-09-12 11:49:58,1426,
A9,50,RTG,24968,77PDQ,Plate5,2024-09-12 11:49:58,1426,
B10,100,RTG,25250,77PDQ,Plate5,2024-09-12 11:49:58,1426,
B11,200,RTG,25701,77PDQ,Plate5,2024-09-12 11:49:58,1426,
B12,400,RTG,27600,77PDQ,Plate5,2024-09-12 11:49:58,1426,
B3,0,RTG,25947,77PDQ,Plate5,2024-09-12 11:49:58,1426,
B4,0.1,RTG,26536,77PDQ,Plate5,2024-09-12 11:49:58,1426,
B5,1,RTG,24559,77PDQ,Plate5,2024-09-12 11:49:58,1426,
B6,5,RTG,25751,77PDQ,Plate5,2024-09-12 11:49:58,1426,
B7,10,RTG,25758,77PDQ,Plate5,2024-09-12 11:49:58,1426,
B8,20,RTG,25645,77PDQ,Plate5,2024-09-12 11:49:58,1426,
B9,50,RTG,24488,77PDQ,Plate5,2024-09-12 11:49:58,1426,
C10,100,RTG,24769,77PDQ,Plate5,2024-09-12 11:49:58,1426,
C11,200,RTG,25638,77PDQ,Plate5,2024-09-12 11:49:58,1426,
C12,400,RTG,25972,77PDQ,Plate5,2024-09-12 11:49:58,1426,
C3,0,RTG,25303,77PDQ,Plate5,2024-09-12 11:49:58,1426,
C4,0.1,RTG,25178,77PDQ,Plate5,2024-09-12 11:49:58,1426,
C5,1,RTG,27999,77PDQ,Plate5,2024-09-12 11:49:58,1426,
C6,5,RTG,26059,77PDQ,Plate5,2024-09-12 11:49:58,1426,
C7,10,RTG,27352,77PDQ,Plate5,2024-09-12 11:49:58,1426,
C8,20,RTG,25561,77PDQ,Plate5,2024-09-12 11:49:58,1426,
C9,50,RTG,25475,77PDQ,Plate5,2024-09-12 11:49:58,1426,
D10,100,RTG,26986,77PDQ,Plate5,2024-09-12 11:49:58,1426,
D11,200,RTG,29871,77PDQ,Plate5,2024-09-12 11:49:58,1426,
D12,400,RTG,25840,77PDQ,Plate5,2024-09-12 11:49:58,1426,
D3,0,RTG,24107,77PDQ,Plate5,2024-09-12 11:49:58,1426,
D4,0.1,RTG,26430,77PDQ,Plate5,2024-09-12 11:49:58,1426,
D5,1,RTG,26440,77PDQ,Plate5,2024-09-12 11:49:58,1426,
D6,5,RTG,25478,77PDQ,Plate5,2024-09-12 11:49:58,1426,
D7,10,RTG,27069,77PDQ,Plate5,2024-09-12 11:49:58,1426,
D8,20,RTG,26354,77PDQ,Plate5,2024-09-12 11:49:58,1426,
D9,50,RTG,26513,77PDQ,Plate5,2024-09-12 11:49:58,1426,
A10,100,RTG,25492,77PDQ,Plate6,2024-09-12 11:51:54,1425,
A11,200,RTG,24437,77PDQ,Plate6,2024-09-12 11:51:54,1425,
A12,400,RTG,23419,77PDQ,Plate6,2024-09-12 11:51:54,1425,
A3,0,RTG,23449,77PDQ,Plate6,2024-09-12 11:51:54,1425,
A4,0.1,RTG,23675,77PDQ,Plate6,2024-09-12 11:51:54,1425,
A5,1,RTG,24441,77PDQ,Plate6,2024-09-12 11:51:54,1425,
A6,5,RTG,23103,77PDQ,Plate6,2024-09-12 11:51:54,1425,
A7,10,RTG,24833,77PDQ,Plate6,2024-09-12 11:51:54,1425,
A8,20,RTG,23672,77PDQ,Plate6,2024-09-12 11:51:54,1425,
A9,50,RTG,24243,77PDQ,Plate6,2024-09-12 11:51:54,1425,
B10,100,RTG,25527,77PDQ,Plate6,2024-09-12 11:51:54,1425,
B11,200,RTG,27716,77PDQ,Plate6,2024-09-12 11:51:54,1425,
B12,400,RTG,23477,77PDQ,Plate6,2024-09-12 11:51:54,1425,
B3,0,RTG,23148,77PDQ,Plate6,2024-09-12 11:51:54,1425,
B4,0.1,RTG,22944,77PDQ,Plate6,2024-09-12 11:51:54,1425,
B5,1,RTG,24929,77PDQ,Plate6,2024-09-12 11:51:54,1425,
B6,5,RTG,24296,77PDQ,Plate6,2024-09-12 11:51:54,1425,
B7,10,RTG,26418,77PDQ,Plate6,2024-09-12 11:51:54,1425,
B8,20,RTG,24022,77PDQ,Plate6,2024-09-12 11:51:54,1425,
B9,50,RTG,24035,77PDQ,Plate6,2024-09-12 11:51:54,1425,
C10,100,RTG,23385,77PDQ,Plate6,2024-09-12 11:51:54,1425,
C11,200,RTG,24524,77PDQ,Plate6,2024-09-12 11:51:54,1425,
C12,400,RTG,21566,77PDQ,Plate6,2024-09-12 11:51:54,1425,
C3,0,RTG,24378,77PDQ,Plate6,2024-09-12 11:51:54,1425,
C4,0.1,RTG,22871,77PDQ,Plate6,2024-09-12 11:51:54,1425,
C5,1,RTG,23743,77PDQ,Plate6,2024-09-12 11:51:54,1425,
C6,5,RTG,22064,77PDQ,Plate6,2024-09-12 11:51:54,1425,
C7,10,RTG,23741,77PDQ,Plate6,2024-09-12 11:51:54,1425,
C8,20,RTG,22655,77PDQ,Plate6,2024-09-12 11:51:54,1425,
C9,50,RTG,20488,77PDQ,Plate6,2024-09-12 11:51:54,1425,
D10,100,RTG,20288,77PDQ,Plate6,2024-09-12 11:51:54,1425,
D11,200,RTG,21181,77PDQ,Plate6,2024-09-12 11:51:54,1425,
D12,400,RTG,20126,77PDQ,Plate6,2024-09-12 11:51:54,1425,
D3,0,RTG,22993,77PDQ,Plate6,2024-09-12 11:51:54,1425,
D4,0.1,RTG,22774,77PDQ,Plate6,2024-09-12 11:51:54,1425,
D5,1,RTG,22042,77PDQ,Plate6,2024-09-12 11:51:54,1425,
D6,5,RTG,20695,77PDQ,Plate6,2024-09-12 11:51:54,1425,
D7,10,RTG,19670,77PDQ,Plate6,2024-09-12 11:51:54,1425,
D8,20,RTG,20013,77PDQ,Plate6,2024-09-12 11:51:54,1425,
D9,50,RTG,19150,77PDQ,Plate6,2024-09-12 11:51:54,1425,
A10,50,CSE,16720,7PPD,Plate1,2024-02-23 10:10:11,1441,
A11,100,CSE,16744,7PPD,Plate1,2024-02-23 10:10:11,1441,
A12,200,CSE,15340,7PPD,Plate1,2024-02-23 10:10:11,1441,
A3,0,CSE,18425,7PPD,Plate1,2024-02-23 10:10:11,1441,
A4,0.1,CSE,18407,7PPD,Plate1,2024-02-23 10:10:11,1441,
A5,0.5,CSE,18475,7PPD,Plate1,2024-02-23 10:10:11,1441,
A6,1,CSE,18469,7PPD,Plate1,2024-02-23 10:10:11,1441,
A7,5,CSE,18983,7PPD,Plate1,2024-02-23 10:10:11,1441,
A8,10,CSE,18139,7PPD,Plate1,2024-02-23 10:10:11,1441,
A9,20,CSE,17973,7PPD,Plate1,2024-02-23 10:10:11,1441,
B10,50,CSE,14827,7PPD,Plate1,2024-02-23 10:10:11,1441,
B11,100,CSE,14396,7PPD,Plate1,2024-02-23 10:10:11,1441,
B12,200,CSE,14630,7PPD,Plate1,2024-02-23 10:10:11,1441,
B3,0,CSE,15878,7PPD,Plate1,2024-02-23 10:10:11,1441,
B4,0.1,CSE,16272,7PPD,Plate1,2024-02-23 10:10:11,1441,
B5,0.5,CSE,16452,7PPD,Plate1,2024-02-23 10:10:11,1441,
B6,1,CSE,15795,7PPD,Plate1,2024-02-23 10:10:11,1441,
B7,5,CSE,16598,7PPD,Plate1,2024-02-23 10:10:11,1441,
B8,10,CSE,15464,7PPD,Plate1,2024-02-23 10:10:11,1441,
B9,20,CSE,15294,7PPD,Plate1,2024-02-23 10:10:11,1441,
C10,50,CSE,14797,7PPD,Plate1,2024-02-23 10:10:11,1441,
C11,100,CSE,14770,7PPD,Plate1,2024-02-23 10:10:11,1441,
C12,200,CSE,14265,7PPD,Plate1,2024-02-23 10:10:11,1441,
C3,0,CSE,17827,7PPD,Plate1,2024-02-23 10:10:11,1441,
C4,0.1,CSE,15839,7PPD,Plate1,2024-02-23 10:10:11,1441,
C5,0.5,CSE,16869,7PPD,Plate1,2024-02-23 10:10:11,1441,
C6,1,CSE,16712,7PPD,Plate1,2024-02-23 10:10:11,1441,
C7,5,CSE,16333,7PPD,Plate1,2024-02-23 10:10:11,1441,
C8,10,CSE,16763,7PPD,Plate1,2024-02-23 10:10:11,1441,
C9,20,CSE,15767,7PPD,Plate1,2024-02-23 10:10:11,1441,
D10,50,CSE,14825,7PPD,Plate1,2024-02-23 10:10:11,1441,
D11,100,CSE,13816,7PPD,Plate1,2024-02-23 10:10:11,1441,
D12,200,CSE,14494,7PPD,Plate1,2024-02-23 10:10:11,1441,
D3,0,CSE,15553,7PPD,Plate1,2024-02-23 10:10:11,1441,
D4,0.1,CSE,16248,7PPD,Plate1,2024-02-23 10:10:11,1441,
D5,0.5,CSE,17513,7PPD,Plate1,2024-02-23 10:10:11,1441,
D6,1,CSE,16645,7PPD,Plate1,2024-02-23 10:10:11,1441,
D7,5,CSE,16924,7PPD,Plate1,2024-02-23 10:10:11,1441,
D8,10,CSE,15663,7PPD,Plate1,2024-02-23 10:10:11,1441,
D9,20,CSE,15496,7PPD,Plate1,2024-02-23 10:10:11,1441,
E10,50,CHSE,14044,7PPD,Plate1,2024-02-23 10:10:11,1441,
E11,100,CHSE,13623,7PPD,Plate1,2024-02-23 10:10:11,1441,
E12,200,CHSE,15261,7PPD,Plate1,2024-02-23 10:10:11,1441,
E3,0,CHSE,14548,7PPD,Plate1,2024-02-23 10:10:11,1441,
E4,0.1,CHSE,14519,7PPD,Plate1,2024-02-23 10:10:11,1441,
E5,0.5,CHSE,14091,7PPD,Plate1,2024-02-23 10:10:11,1441,
E6,1,CHSE,14208,7PPD,Plate1,2024-02-23 10:10:11,1441,
E7,5,CHSE,14730,7PPD,Plate1,2024-02-23 10:10:11,1441,
E8,10,CHSE,14439,7PPD,Plate1,2024-02-23 10:10:11,1441,
E9,20,CHSE,13141,7PPD,Plate1,2024-02-23 10:10:11,1441,
F10,50,CHSE,14121,7PPD,Plate1,2024-02-23 10:10:11,1441,
F11,100,CHSE,13945,7PPD,Plate1,2024-02-23 10:10:11,1441,
F12,200,CHSE,15206,7PPD,Plate1,2024-02-23 10:10:11,1441,
F3,0,CHSE,14100,7PPD,Plate1,2024-02-23 10:10:11,1441,
F4,0.1,CHSE,14604,7PPD,Plate1,2024-02-23 10:10:11,1441,
F5,0.5,CHSE,15021,7PPD,Plate1,2024-02-23 10:10:11,1441,
F6,1,CHSE,14969,7PPD,Plate1,2024-02-23 10:10:11,1441,
F7,5,CHSE,14758,7PPD,Plate1,2024-02-23 10:10:11,1441,
F8,10,CHSE,14323,7PPD,Plate1,2024-02-23 10:10:11,1441,
F9,20,CHSE,14009,7PPD,Plate1,2024-02-23 10:10:11,1441,
G10,50,CHSE,14266,7PPD,Plate1,2024-02-23 10:10:11,1441,
G11,100,CHSE,14848,7PPD,Plate1,2024-02-23 10:10:11,1441,
G12,200,CHSE,14862,7PPD,Plate1,2024-02-23 10:10:11,1441,
G3,0,CHSE,15521,7PPD,Plate1,2024-02-23 10:10:11,1441,
G4,0.1,CHSE,15904,7PPD,Plate1,2024-02-23 10:10:11,1441,
G5,0.5,CHSE,15068,7PPD,Plate1,2024-02-23 10:10:11,1441,
G6,1,CHSE,15746,7PPD,Plate1,2024-02-23 10:10:11,1441,
G7,5,CHSE,14709,7PPD,Plate1,2024-02-23 10:10:11,1441,
G8,10,CHSE,14848,7PPD,Plate1,2024-02-23 10:10:11,1441,
G9,20,CHSE,14066,7PPD,Plate1,2024-02-23 10:10:11,1441,
H10,50,CHSE,15892,7PPD,Plate1,2024-02-23 10:10:11,1441,
H11,100,CHSE,15873,7PPD,Plate1,2024-02-23 10:10:11,1441,
H12,200,CHSE,15948,7PPD,Plate1,2024-02-23 10:10:11,1441,
H3,0,CHSE,15431,7PPD,Plate1,2024-02-23 10:10:11,1441,
H4,0.1,CHSE,15905,7PPD,Plate1,2024-02-23 10:10:11,1441,
H5,0.5,CHSE,15709,7PPD,Plate1,2024-02-23 10:10:11,1441,
H6,1,CHSE,15808,7PPD,Plate1,2024-02-23 10:10:11,1441,
H7,5,CHSE,15616,7PPD,Plate1,2024-02-23 10:10:11,1441,
H8,10,CHSE,16180,7PPD,Plate1,2024-02-23 10:10:11,1441,
H9,20,CHSE,15560,7PPD,Plate1,2024-02-23 10:10:11,1441,
A10,50,RTG,35949,7PPD,Plate1,2024-10-09 11:00:09,1437,
A11,100,RTG,37424,7PPD,Plate1,2024-10-09 11:00:09,1437,
A12,200,RTG,36531,7PPD,Plate1,2024-10-09 11:00:09,1437,
A3,0,RTG,35189,7PPD,Plate1,2024-10-09 11:00:09,1437,
A4,0.1,RTG,38478,7PPD,Plate1,2024-10-09 11:00:09,1437,
A5,0.5,RTG,36299,7PPD,Plate1,2024-10-09 11:00:09,1437,
A6,1,RTG,36131,7PPD,Plate1,2024-10-09 11:00:09,1437,
A7,5,RTG,36712,7PPD,Plate1,2024-10-09 11:00:09,1437,
A8,10,RTG,37618,7PPD,Plate1,2024-10-09 11:00:09,1437,
A9,20,RTG,37415,7PPD,Plate1,2024-10-09 11:00:09,1437,
B10,50,RTG,35258,7PPD,Plate1,2024-10-09 11:00:09,1437,
B11,100,RTG,34952,7PPD,Plate1,2024-10-09 11:00:09,1437,
B12,200,RTG,35326,7PPD,Plate1,2024-10-09 11:00:09,1437,
B3,0,RTG,33851,7PPD,Plate1,2024-10-09 11:00:09,1437,
B4,0.1,RTG,33776,7PPD,Plate1,2024-10-09 11:00:09,1437,
B5,0.5,RTG,34141,7PPD,Plate1,2024-10-09 11:00:09,1437,
B6,1,RTG,33751,7PPD,Plate1,2024-10-09 11:00:09,1437,
B7,5,RTG,33905,7PPD,Plate1,2024-10-09 11:00:09,1437,
B8,10,RTG,36254,7PPD,Plate1,2024-10-09 11:00:09,1437,
B9,20,RTG,34029,7PPD,Plate1,2024-10-09 11:00:09,1437,
C10,50,RTG,35301,7PPD,Plate1,2024-10-09 11:00:09,1437,
C11,100,RTG,37167,7PPD,Plate1,2024-10-09 11:00:09,1437,
C12,200,RTG,37723,7PPD,Plate1,2024-10-09 11:00:09,1437,
C3,0,RTG,34385,7PPD,Plate1,2024-10-09 11:00:09,1437,
C4,0.1,RTG,35186,7PPD,Plate1,2024-10-09 11:00:09,1437,
C5,0.5,RTG,31992,7PPD,Plate1,2024-10-09 11:00:09,1437,
C6,1,RTG,34562,7PPD,Plate1,2024-10-09 11:00:09,1437,
C7,5,RTG,34030,7PPD,Plate1,2024-10-09 11:00:09,1437,
C8,10,RTG,33474,7PPD,Plate1,2024-10-09 11:00:09,1437,
C9,20,RTG,34609,7PPD,Plate1,2024-10-09 11:00:09,1437,
D10,50,RTG,37423,7PPD,Plate1,2024-10-09 11:00:09,1437,
D11,100,RTG,36540,7PPD,Plate1,2024-10-09 11:00:09,1437,
D12,200,RTG,37945,7PPD,Plate1,2024-10-09 11:00:09,1437,
D3,0,RTG,36106,7PPD,Plate1,2024-10-09 11:00:09,1437,
D4,0.1,RTG,38790,7PPD,Plate1,2024-10-09 11:00:09,1437,
D5,0.5,RTG,36492,7PPD,Plate1,2024-10-09 11:00:09,1437,
D6,1,RTG,37155,7PPD,Plate1,2024-10-09 11:00:09,1437,
D7,5,RTG,37779,7PPD,Plate1,2024-10-09 11:00:09,1437,
D8,10,RTG,37295,7PPD,Plate1,2024-10-09 11:00:09,1437,
D9,20,RTG,38021,7PPD,Plate1,2024-10-09 11:00:09,1437,
A10,50,CSE,15618,7PPD,Plate2,2024-02-23 10:12:11,1440,
A11,100,CSE,17430,7PPD,Plate2,2024-02-23 10:12:11,1440,
A12,200,CSE,14822,7PPD,Plate2,2024-02-23 10:12:11,1440,
A3,0,CSE,17489,7PPD,Plate2,2024-02-23 10:12:11,1440,
A4,0.1,CSE,16899,7PPD,Plate2,2024-02-23 10:12:11,1440,
A5,0.5,CSE,17968,7PPD,Plate2,2024-02-23 10:12:11,1440,
A6,1,CSE,17877,7PPD,Plate2,2024-02-23 10:12:11,1440,
A7,5,CSE,18099,7PPD,Plate2,2024-02-23 10:12:11,1440,
A8,10,CSE,18390,7PPD,Plate2,2024-02-23 10:12:11,1440,
A9,20,CSE,17052,7PPD,Plate2,2024-02-23 10:12:11,1440,
B10,50,CSE,16410,7PPD,Plate2,2024-02-23 10:12:11,1440,
B11,100,CSE,14872,7PPD,Plate2,2024-02-23 10:12:11,1440,
B12,200,CSE,15402,7PPD,Plate2,2024-02-23 10:12:11,1440,
B3,0,CSE,16421,7PPD,Plate2,2024-02-23 10:12:11,1440,
B4,0.1,CSE,16446,7PPD,Plate2,2024-02-23 10:12:11,1440,
B5,0.5,CSE,16951,7PPD,Plate2,2024-02-23 10:12:11,1440,
B6,1,CSE,16790,7PPD,Plate2,2024-02-23 10:12:11,1440,
B7,5,CSE,17643,7PPD,Plate2,2024-02-23 10:12:11,1440,
B8,10,CSE,16933,7PPD,Plate2,2024-02-23 10:12:11,1440,
B9,20,CSE,15982,7PPD,Plate2,2024-02-23 10:12:11,1440,
C10,50,CSE,15267,7PPD,Plate2,2024-02-23 10:12:11,1440,
C11,100,CSE,15687,7PPD,Plate2,2024-02-23 10:12:11,1440,
C12,200,CSE,16133,7PPD,Plate2,2024-02-23 10:12:11,1440,
C3,0,CSE,14545,7PPD,Plate2,2024-02-23 10:12:11,1440,
C4,0.1,CSE,15961,7PPD,Plate2,2024-02-23 10:12:11,1440,
C5,0.5,CSE,14047,7PPD,Plate2,2024-02-23 10:12:11,1440,
C6,1,CSE,14069,7PPD,Plate2,2024-02-23 10:12:11,1440,
C7,5,CSE,16706,7PPD,Plate2,2024-02-23 10:12:11,1440,
C8,10,CSE,16004,7PPD,Plate2,2024-02-23 10:12:11,1440,
C9,20,CSE,15294,7PPD,Plate2,2024-02-23 10:12:11,1440,
D10,50,CSE,15495,7PPD,Plate2,2024-02-23 10:12:11,1440,
D11,100,CSE,16068,7PPD,Plate2,2024-02-23 10:12:11,1440,
D12,200,CSE,15618,7PPD,Plate2,2024-02-23 10:12:11,1440,
D3,0,CSE,15852,7PPD,Plate2,2024-02-23 10:12:11,1440,
D4,0.1,CSE,16562,7PPD,Plate2,2024-02-23 10:12:11,1440,
D5,0.5,CSE,16643,7PPD,Plate2,2024-02-23 10:12:11,1440,
D6,1,CSE,16199,7PPD,Plate2,2024-02-23 10:12:11,1440,
D7,5,CSE,17426,7PPD,Plate2,2024-02-23 10:12:11,1440,
D8,10,CSE,15995,7PPD,Plate2,2024-02-23 10:12:11,1440,
D9,20,CSE,16868,7PPD,Plate2,2024-02-23 10:12:11,1440,
E10,50,CHSE,14729,7PPD,Plate2,2024-02-23 10:12:11,1440,
E11,100,CHSE,14615,7PPD,Plate2,2024-02-23 10:12:11,1440,
E12,200,CHSE,16079,7PPD,Plate2,2024-02-23 10:12:11,1440,
E3,0,CHSE,17118,7PPD,Plate2,2024-02-23 10:12:11,1440,
E4,0.1,CHSE,14885,7PPD,Plate2,2024-02-23 10:12:11,1440,
E5,0.5,CHSE,14600,7PPD,Plate2,2024-02-23 10:12:11,1440,
E6,1,CHSE,14752,7PPD,Plate2,2024-02-23 10:12:11,1440,
E7,5,CHSE,15071,7PPD,Plate2,2024-02-23 10:12:11,1440,
E8,10,CHSE,15639,7PPD,Plate2,2024-02-23 10:12:11,1440,
E9,20,CHSE,14918,7PPD,Plate2,2024-02-23 10:12:11,1440,
F10,50,CHSE,14310,7PPD,Plate2,2024-02-23 10:12:11,1440,
F11,100,CHSE,14008,7PPD,Plate2,2024-02-23 10:12:11,1440,
F12,200,CHSE,16076,7PPD,Plate2,2024-02-23 10:12:11,1440,
F3,0,CHSE,14915,7PPD,Plate2,2024-02-23 10:12:11,1440,
F4,0.1,CHSE,14704,7PPD,Plate2,2024-02-23 10:12:11,1440,
F5,0.5,CHSE,14510,7PPD,Plate2,2024-02-23 10:12:11,1440,
F6,1,CHSE,14747,7PPD,Plate2,2024-02-23 10:12:11,1440,
F7,5,CHSE,15386,7PPD,Plate2,2024-02-23 10:12:11,1440,
F8,10,CHSE,15102,7PPD,Plate2,2024-02-23 10:12:11,1440,
F9,20,CHSE,15219,7PPD,Plate2,2024-02-23 10:12:11,1440,
G10,50,CHSE,14504,7PPD,Plate2,2024-02-23 10:12:11,1440,
G11,100,CHSE,14172,7PPD,Plate2,2024-02-23 10:12:11,1440,
G12,200,CHSE,15482,7PPD,Plate2,2024-02-23 10:12:11,1440,
G3,0,CHSE,15664,7PPD,Plate2,2024-02-23 10:12:11,1440,
G4,0.1,CHSE,14537,7PPD,Plate2,2024-02-23 10:12:11,1440,
G5,0.5,CHSE,14908,7PPD,Plate2,2024-02-23 10:12:11,1440,
G6,1,CHSE,16358,7PPD,Plate2,2024-02-23 10:12:11,1440,
G7,5,CHSE,15226,7PPD,Plate2,2024-02-23 10:12:11,1440,
G8,10,CHSE,15474,7PPD,Plate2,2024-02-23 10:12:11,1440,
G9,20,CHSE,14947,7PPD,Plate2,2024-02-23 10:12:11,1440,
H10,50,CHSE,15361,7PPD,Plate2,2024-02-23 10:12:11,1440,
H11,100,CHSE,15110,7PPD,Plate2,2024-02-23 10:12:11,1440,
H12,200,CHSE,15478,7PPD,Plate2,2024-02-23 10:12:11,1440,
H3,0,CHSE,12604,7PPD,Plate2,2024-02-23 10:12:11,1440,
H4,0.1,CHSE,15692,7PPD,Plate2,2024-02-23 10:12:11,1440,
H5,0.5,CHSE,14025,7PPD,Plate2,2024-02-23 10:12:11,1440,
H6,1,CHSE,13673,7PPD,Plate2,2024-02-23 10:12:11,1440,
H7,5,CHSE,13815,7PPD,Plate2,2024-02-23 10:12:11,1440,
H8,10,CHSE,15719,7PPD,Plate2,2024-02-23 10:12:11,1440,
H9,20,CHSE,15411,7PPD,Plate2,2024-02-23 10:12:11,1440,
A10,50,RTG,35075,7PPD,Plate2,2024-10-09 11:03:21,1437,
A11,100,RTG,37314,7PPD,Plate2,2024-10-09 11:03:21,1437,
A12,200,RTG,37859,7PPD,Plate2,2024-10-09 11:03:21,1437,
A3,0,RTG,33057,7PPD,Plate2,2024-10-09 11:03:21,1437,
A4,0.1,RTG,37759,7PPD,Plate2,2024-10-09 11:03:21,1437,
A5,0.5,RTG,38512,7PPD,Plate2,2024-10-09 11:03:21,1437,
A6,1,RTG,37519,7PPD,Plate2,2024-10-09 11:03:21,1437,
A7,5,RTG,37661,7PPD,Plate2,2024-10-09 11:03:21,1437,
A8,10,RTG,37234,7PPD,Plate2,2024-10-09 11:03:21,1437,
A9,20,RTG,38659,7PPD,Plate2,2024-10-09 11:03:21,1437,
B10,50,RTG,35179,7PPD,Plate2,2024-10-09 11:03:21,1437,
B11,100,RTG,36483,7PPD,Plate2,2024-10-09 11:03:21,1437,
B12,200,RTG,37011,7PPD,Plate2,2024-10-09 11:03:21,1437,
B3,0,RTG,35322,7PPD,Plate2,2024-10-09 11:03:21,1437,
B4,0.1,RTG,35543,7PPD,Plate2,2024-10-09 11:03:21,1437,
B5,0.5,RTG,33398,7PPD,Plate2,2024-10-09 11:03:21,1437,
B6,1,RTG,35905,7PPD,Plate2,2024-10-09 11:03:21,1437,
B7,5,RTG,36296,7PPD,Plate2,2024-10-09 11:03:21,1437,
B8,10,RTG,35960,7PPD,Plate2,2024-10-09 11:03:21,1437,
B9,20,RTG,37460,7PPD,Plate2,2024-10-09 11:03:21,1437,
C10,50,RTG,34717,7PPD,Plate2,2024-10-09 11:03:21,1437,
C11,100,RTG,35795,7PPD,Plate2,2024-10-09 11:03:21,1437,
C12,200,RTG,37050,7PPD,Plate2,2024-10-09 11:03:21,1437,
C3,0,RTG,33537,7PPD,Plate2,2024-10-09 11:03:21,1437,
C4,0.1,RTG,37697,7PPD,Plate2,2024-10-09 11:03:21,1437,
C5,0.5,RTG,35656,7PPD,Plate2,2024-10-09 11:03:21,1437,
C6,1,RTG,34593,7PPD,Plate2,2024-10-09 11:03:21,1437,
C7,5,RTG,36004,7PPD,Plate2,2024-10-09 11:03:21,1437,
C8,10,RTG,36453,7PPD,Plate2,2024-10-09 11:03:21,1437,
C9,20,RTG,37646,7PPD,Plate2,2024-10-09 11:03:21,1437,
D10,50,RTG,36903,7PPD,Plate2,2024-10-09 11:03:21,1437,
D11,100,RTG,36379,7PPD,Plate2,2024-10-09 11:03:21,1437,
D12,200,RTG,38123,7PPD,Plate2,2024-10-09 11:03:21,1437,
D3,0,RTG,32484,7PPD,Plate2,2024-10-09 11:03:21,1437,
D4,0.1,RTG,35116,7PPD,Plate2,2024-10-09 11:03:21,1437,
D5,0.5,RTG,36749,7PPD,Plate2,2024-10-09 11:03:21,1437,
D6,1,RTG,35953,7PPD,Plate2,2024-10-09 11:03:21,1437,
D7,5,RTG,36246,7PPD,Plate2,2024-10-09 11:03:21,1437,
D8,10,RTG,37287,7PPD,Plate2,2024-10-09 11:03:21,1437,
D9,20,RTG,36538,7PPD,Plate2,2024-10-09 11:03:21,1437,
A10,50,CSE,16579,7PPD,Plate3,2024-02-23 10:14:05,1440,
A11,100,CSE,16059,7PPD,Plate3,2024-02-23 10:14:05,1440,
A12,200,CSE,15121,7PPD,Plate3,2024-02-23 10:14:05,1440,
A3,0,CSE,18003,7PPD,Plate3,2024-02-23 10:14:05,1440,
A4,0.1,CSE,19870,7PPD,Plate3,2024-02-23 10:14:05,1440,
A5,0.5,CSE,19190,7PPD,Plate3,2024-02-23 10:14:05,1440,
A6,1,CSE,17871,7PPD,Plate3,2024-02-23 10:14:05,1440,
A7,5,CSE,17059,7PPD,Plate3,2024-02-23 10:14:05,1440,
A8,10,CSE,18654,7PPD,Plate3,2024-02-23 10:14:05,1440,
A9,20,CSE,17106,7PPD,Plate3,2024-02-23 10:14:05,1440,
B10,50,CSE,15482,7PPD,Plate3,2024-02-23 10:14:05,1440,
B11,100,CSE,14389,7PPD,Plate3,2024-02-23 10:14:05,1440,
B12,200,CSE,15218,7PPD,Plate3,2024-02-23 10:14:05,1440,
B3,0,CSE,14462,7PPD,Plate3,2024-02-23 10:14:05,1440,
B4,0.1,CSE,18870,7PPD,Plate3,2024-02-23 10:14:05,1440,
B5,0.5,CSE,17140,7PPD,Plate3,2024-02-23 10:14:05,1440,
B6,1,CSE,17399,7PPD,Plate3,2024-02-23 10:14:05,1440,
B7,5,CSE,17117,7PPD,Plate3,2024-02-23 10:14:05,1440,
B8,10,CSE,16541,7PPD,Plate3,2024-02-23 10:14:05,1440,
B9,20,CSE,15738,7PPD,Plate3,2024-02-23 10:14:05,1440,
C10,50,CSE,14964,7PPD,Plate3,2024-02-23 10:14:05,1440,
C11,100,CSE,14093,7PPD,Plate3,2024-02-23 10:14:05,1440,
C12,200,CSE,13900,7PPD,Plate3,2024-02-23 10:14:05,1440,
C3,0,CSE,18668,7PPD,Plate3,2024-02-23 10:14:05,1440,
C4,0.1,CSE,17696,7PPD,Plate3,2024-02-23 10:14:05,1440,
C5,0.5,CSE,16314,7PPD,Plate3,2024-02-23 10:14:05,1440,
C6,1,CSE,17276,7PPD,Plate3,2024-02-23 10:14:05,1440,
C7,5,CSE,16009,7PPD,Plate3,2024-02-23 10:14:05,1440,
C8,10,CSE,14877,7PPD,Plate3,2024-02-23 10:14:05,1440,
C9,20,CSE,14822,7PPD,Plate3,2024-02-23 10:14:05,1440,
D10,50,CSE,15139,7PPD,Plate3,2024-02-23 10:14:05,1440,
D11,100,CSE,14662,7PPD,Plate3,2024-02-23 10:14:05,1440,
D12,200,CSE,13831,7PPD,Plate3,2024-02-23 10:14:05,1440,
D3,0,CSE,18690,7PPD,Plate3,2024-02-23 10:14:05,1440,
D4,0.1,CSE,16908,7PPD,Plate3,2024-02-23 10:14:05,1440,
D5,0.5,CSE,16568,7PPD,Plate3,2024-02-23 10:14:05,1440,
D6,1,CSE,15526,7PPD,Plate3,2024-02-23 10:14:05,1440,
D7,5,CSE,16986,7PPD,Plate3,2024-02-23 10:14:05,1440,
D8,10,CSE,16454,7PPD,Plate3,2024-02-23 10:14:05,1440,
D9,20,CSE,16285,7PPD,Plate3,2024-02-23 10:14:05,1440,
E10,50,CHSE,14181,7PPD,Plate3,2024-02-23 10:14:05,1440,
E11,100,CHSE,14018,7PPD,Plate3,2024-02-23 10:14:05,1440,
E12,200,CHSE,15232,7PPD,Plate3,2024-02-23 10:14:05,1440,
E3,0,CHSE,16022,7PPD,Plate3,2024-02-23 10:14:05,1440,
E4,0.1,CHSE,14883,7PPD,Plate3,2024-02-23 10:14:05,1440,
E5,0.5,CHSE,14651,7PPD,Plate3,2024-02-23 10:14:05,1440,
E6,1,CHSE,15523,7PPD,Plate3,2024-02-23 10:14:05,1440,
E7,5,CHSE,14481,7PPD,Plate3,2024-02-23 10:14:05,1440,
E8,10,CHSE,14235,7PPD,Plate3,2024-02-23 10:14:05,1440,
E9,20,CHSE,14896,7PPD,Plate3,2024-02-23 10:14:05,1440,
F10,50,CHSE,13981,7PPD,Plate3,2024-02-23 10:14:05,1440,
F11,100,CHSE,13915,7PPD,Plate3,2024-02-23 10:14:05,1440,
F12,200,CHSE,14943,7PPD,Plate3,2024-02-23 10:14:05,1440,
F3,0,CHSE,15326,7PPD,Plate3,2024-02-23 10:14:05,1440,
F4,0.1,CHSE,14924,7PPD,Plate3,2024-02-23 10:14:05,1440,
F5,0.5,CHSE,14536,7PPD,Plate3,2024-02-23 10:14:05,1440,
F6,1,CHSE,14699,7PPD,Plate3,2024-02-23 10:14:05,1440,
F7,5,CHSE,14978,7PPD,Plate3,2024-02-23 10:14:05,1440,
F8,10,CHSE,10996,7PPD,Plate3,2024-02-23 10:14:05,1440,
F9,20,CHSE,14288,7PPD,Plate3,2024-02-23 10:14:05,1440,
G10,50,CHSE,15447,7PPD,Plate3,2024-02-23 10:14:05,1440,
G11,100,CHSE,14567,7PPD,Plate3,2024-02-23 10:14:05,1440,
G12,200,CHSE,15623,7PPD,Plate3,2024-02-23 10:14:05,1440,
G3,0,CHSE,14740,7PPD,Plate3,2024-02-23 10:14:05,1440,
G4,0.1,CHSE,15875,7PPD,Plate3,2024-02-23 10:14:05,1440,
G5,0.5,CHSE,15699,7PPD,Plate3,2024-02-23 10:14:05,1440,
G6,1,CHSE,16049,7PPD,Plate3,2024-02-23 10:14:05,1440,
G7,5,CHSE,15740,7PPD,Plate3,2024-02-23 10:14:05,1440,
G8,10,CHSE,17779,7PPD,Plate3,2024-02-23 10:14:05,1440,
G9,20,CHSE,14933,7PPD,Plate3,2024-02-23 10:14:05,1440,
H10,50,CHSE,15926,7PPD,Plate3,2024-02-23 10:14:05,1440,
H11,100,CHSE,15271,7PPD,Plate3,2024-02-23 10:14:05,1440,
H12,200,CHSE,16619,7PPD,Plate3,2024-02-23 10:14:05,1440,
H3,0,CHSE,16501,7PPD,Plate3,2024-02-23 10:14:05,1440,
H4,0.1,CHSE,15792,7PPD,Plate3,2024-02-23 10:14:05,1440,
H5,0.5,CHSE,16701,7PPD,Plate3,2024-02-23 10:14:05,1440,
H6,1,CHSE,16601,7PPD,Plate3,2024-02-23 10:14:05,1440,
H7,5,CHSE,16694,7PPD,Plate3,2024-02-23 10:14:05,1440,
H8,10,CHSE,16469,7PPD,Plate3,2024-02-23 10:14:05,1440,
H9,20,CHSE,16400,7PPD,Plate3,2024-02-23 10:14:05,1440,
A10,50,RTG,33074,7PPD,Plate3,2024-10-09 11:06:31,1437,
A11,100,RTG,34968,7PPD,Plate3,2024-10-09 11:06:31,1437,
A12,200,RTG,34099,7PPD,Plate3,2024-10-09 11:06:31,1437,
A3,0,RTG,32472,7PPD,Plate3,2024-10-09 11:06:31,1437,
A4,0.1,RTG,35504,7PPD,Plate3,2024-10-09 11:06:31,1437,
A5,0.5,RTG,34390,7PPD,Plate3,2024-10-09 11:06:31,1437,
A6,1,RTG,36153,7PPD,Plate3,2024-10-09 11:06:31,1437,
A7,5,RTG,34438,7PPD,Plate3,2024-10-09 11:06:31,1437,
A8,10,RTG,34348,7PPD,Plate3,2024-10-09 11:06:31,1437,
A9,20,RTG,35878,7PPD,Plate3,2024-10-09 11:06:31,1437,
B10,50,RTG,32405,7PPD,Plate3,2024-10-09 11:06:31,1437,
B11,100,RTG,33554,7PPD,Plate3,2024-10-09 11:06:31,1437,
B12,200,RTG,34259,7PPD,Plate3,2024-10-09 11:06:31,1437,
B3,0,RTG,31877,7PPD,Plate3,2024-10-09 11:06:31,1437,
B4,0.1,RTG,31738,7PPD,Plate3,2024-10-09 11:06:31,1437,
B5,0.5,RTG,30383,7PPD,Plate3,2024-10-09 11:06:31,1437,
B6,1,RTG,32804,7PPD,Plate3,2024-10-09 11:06:31,1437,
B7,5,RTG,33675,7PPD,Plate3,2024-10-09 11:06:31,1437,
B8,10,RTG,35779,7PPD,Plate3,2024-10-09 11:06:31,1437,
B9,20,RTG,34765,7PPD,Plate3,2024-10-09 11:06:31,1437,
C10,50,RTG,32302,7PPD,Plate3,2024-10-09 11:06:31,1437,
C11,100,RTG,34888,7PPD,Plate3,2024-10-09 11:06:31,1437,
C12,200,RTG,36005,7PPD,Plate3,2024-10-09 11:06:31,1437,
C3,0,RTG,31586,7PPD,Plate3,2024-10-09 11:06:31,1437,
C4,0.1,RTG,29701,7PPD,Plate3,2024-10-09 11:06:31,1437,
C5,0.5,RTG,29722,7PPD,Plate3,2024-10-09 11:06:31,1437,
C6,1,RTG,31470,7PPD,Plate3,2024-10-09 11:06:31,1437,
C7,5,RTG,32907,7PPD,Plate3,2024-10-09 11:06:31,1437,
C8,10,RTG,32696,7PPD,Plate3,2024-10-09 11:06:31,1437,
C9,20,RTG,31798,7PPD,Plate3,2024-10-09 11:06:31,1437,
D10,50,RTG,32244,7PPD,Plate3,2024-10-09 11:06:31,1437,
D11,100,RTG,32377,7PPD,Plate3,2024-10-09 11:06:31,1437,
D12,200,RTG,37377,7PPD,Plate3,2024-10-09 11:06:31,1437,
D3,0,RTG,30345,7PPD,Plate3,2024-10-09 11:06:31,1437,
D4,0.1,RTG,34624,7PPD,Plate3,2024-10-09 11:06:31,1437,
D5,0.5,RTG,30334,7PPD,Plate3,2024-10-09 11:06:31,1437,
D6,1,RTG,31727,7PPD,Plate3,2024-10-09 11:06:31,1437,
D7,5,RTG,34341,7PPD,Plate3,2024-10-09 11:06:31,1437,
D8,10,RTG,32118,7PPD,Plate3,2024-10-09 11:06:31,1437,
D9,20,RTG,34084,7PPD,Plate3,2024-10-09 11:06:31,1437,
A10,100,CSE,15068,7PPD,Plate1,2024-10-17 10:40:03,1455,t0
A11,200,CSE,13996,7PPD,Plate1,2024-10-17 10:40:03,1455,t0
A12,400,CSE,11708,7PPD,Plate1,2024-10-17 10:40:03,1455,t0
A3,0,CSE,17052,7PPD,Plate1,2024-10-17 10:40:03,1455,t0
A4,0.1,CSE,16298,7PPD,Plate1,2024-10-17 10:40:03,1455,t0
A5,1,CSE,16384,7PPD,Plate1,2024-10-17 10:40:03,1455,t0
A6,5,CSE,15938,7PPD,Plate1,2024-10-17 10:40:03,1455,t0
A7,10,CSE,16876,7PPD,Plate1,2024-10-17 10:40:03,1455,t0
A8,20,CSE,16852,7PPD,Plate1,2024-10-17 10:40:03,1455,t0
A9,50,CSE,16441,7PPD,Plate1,2024-10-17 10:40:03,1455,t0
B10,100,CSE,14635,7PPD,Plate1,2024-10-17 10:40:03,1455,t0
B11,200,CSE,13320,7PPD,Plate1,2024-10-17 10:40:03,1455,t0
B12,400,CSE,12083,7PPD,Plate1,2024-10-17 10:40:03,1455,t0
B3,0,CSE,15492,7PPD,Plate1,2024-10-17 10:40:03,1455,t0
B4,0.1,CSE,16384,7PPD,Plate1,2024-10-17 10:40:03,1455,t0
B5,1,CSE,15312,7PPD,Plate1,2024-10-17 10:40:03,1455,t0
B6,5,CSE,15825,7PPD,Plate1,2024-10-17 10:40:03,1455,t0
B7,10,CSE,15972,7PPD,Plate1,2024-10-17 10:40:03,1455,t0
B8,20,CSE,15875,7PPD,Plate1,2024-10-17 10:40:03,1455,t0
B9,50,CSE,15182,7PPD,Plate1,2024-10-17 10:40:03,1455,t0
C10,100,CSE,13713,7PPD,Plate1,2024-10-17 10:40:03,1455,t0
C11,200,CSE,12767,7PPD,Plate1,2024-10-17 10:40:03,1455,t0
C12,400,CSE,11618,7PPD,Plate1,2024-10-17 10:40:03,1455,t0
C3,0,CSE,15805,7PPD,Plate1,2024-10-17 10:40:03,1455,t0
C4,0.1,CSE,14625,7PPD,Plate1,2024-10-17 10:40:03,1455,t0
C5,1,CSE,14339,7PPD,Plate1,2024-10-17 10:40:03,1455,t0
C6,5,CSE,15800,7PPD,Plate1,2024-10-17 10:40:03,1455,t0
C7,10,CSE,14939,7PPD,Plate1,2024-10-17 10:40:03,1455,t0
C8,20,CSE,15032,7PPD,Plate1,2024-10-17 10:40:03,1455,t0
C9,50,CSE,14787,7PPD,Plate1,2024-10-17 10:40:03,1455,t0
D10,100,CSE,14291,7PPD,Plate1,2024-10-17 10:40:03,1455,t0
D11,200,CSE,12928,7PPD,Plate1,2024-10-17 10:40:03,1455,t0
D12,400,CSE,12198,7PPD,Plate1,2024-10-17 10:40:03,1455,t0
D3,0,CSE,14401,7PPD,Plate1,2024-10-17 10:40:03,1455,t0
D4,0.1,CSE,14973,7PPD,Plate1,2024-10-17 10:40:03,1455,t0
D5,1,CSE,14691,7PPD,Plate1,2024-10-17 10:40:03,1455,t0
D6,5,CSE,16130,7PPD,Plate1,2024-10-17 10:40:03,1455,t0
D7,10,CSE,15214,7PPD,Plate1,2024-10-17 10:40:03,1455,t0
D8,20,CSE,15696,7PPD,Plate1,2024-10-17 10:40:03,1455,t0
D9,50,CSE,13949,7PPD,Plate1,2024-10-17 10:40:03,1455,t0
E10,100,CHSE,13773,7PPD,Plate1,2024-10-17 10:40:03,1455,t0
E11,200,CHSE,13821,7PPD,Plate1,2024-10-17 10:40:03,1455,t0
E12,400,CHSE,12036,7PPD,Plate1,2024-10-17 10:40:03,1455,t0
E3,0,CHSE,13342,7PPD,Plate1,2024-10-17 10:40:03,1455,t0
E4,0.1,CHSE,12772,7PPD,Plate1,2024-10-17 10:40:03,1455,t0
E5,1,CHSE,13445,7PPD,Plate1,2024-10-17 10:40:03,1455,t0
E6,5,CHSE,13473,7PPD,Plate1,2024-10-17 10:40:03,1455,t0
E7,10,CHSE,13877,7PPD,Plate1,2024-10-17 10:40:03,1455,t0
E8,20,CHSE,13218,7PPD,Plate1,2024-10-17 10:40:03,1455,t0
E9,50,CHSE,14214,7PPD,Plate1,2024-10-17 10:40:03,1455,t0
F10,100,CHSE,14490,7PPD,Plate1,2024-10-17 10:40:03,1455,t0
F11,200,CHSE,14428,7PPD,Plate1,2024-10-17 10:40:03,1455,t0
F12,400,CHSE,11782,7PPD,Plate1,2024-10-17 10:40:03,1455,t0
F3,0,CHSE,13286,7PPD,Plate1,2024-10-17 10:40:03,1455,t0
F4,0.1,CHSE,13144,7PPD,Plate1,2024-10-17 10:40:03,1455,t0
F5,1,CHSE,12770,7PPD,Plate1,2024-10-17 10:40:03,1455,t0
F6,5,CHSE,13265,7PPD,Plate1,2024-10-17 10:40:03,1455,t0
F7,10,CHSE,13662,7PPD,Plate1,2024-10-17 10:40:03,1455,t0
F8,20,CHSE,13888,7PPD,Plate1,2024-10-17 10:40:03,1455,t0
F9,50,CHSE,13854,7PPD,Plate1,2024-10-17 10:40:03,1455,t0
G10,100,CHSE,13785,7PPD,Plate1,2024-10-17 10:40:03,1455,t0
G11,200,CHSE,13456,7PPD,Plate1,2024-10-17 10:40:03,1455,t0
G12,400,CHSE,11314,7PPD,Plate1,2024-10-17 10:40:03,1455,t0
G3,0,CHSE,12516,7PPD,Plate1,2024-10-17 10:40:03,1455,t0
G4,0.1,CHSE,13294,7PPD,Plate1,2024-10-17 10:40:03,1455,t0
G5,1,CHSE,13135,7PPD,Plate1,2024-10-17 10:40:03,1455,t0
G6,5,CHSE,13684,7PPD,Plate1,2024-10-17 10:40:03,1455,t0
G7,10,CHSE,13268,7PPD,Plate1,2024-10-17 10:40:03,1455,t0
G8,20,CHSE,13273,7PPD,Plate1,2024-10-17 10:40:03,1455,t0
G9,50,CHSE,13513,7PPD,Plate1,2024-10-17 10:40:03,1455,t0
H10,100,CHSE,12705,7PPD,Plate1,2024-10-17 10:40:03,1455,t0
H11,200,CHSE,12358,7PPD,Plate1,2024-10-17 10:40:03,1455,t0
H12,400,CHSE,10427,7PPD,Plate1,2024-10-17 10:40:03,1455,t0
H3,0,CHSE,12804,7PPD,Plate1,2024-10-17 10:40:03,1455,t0
H4,0.1,CHSE,12384,7PPD,Plate1,2024-10-17 10:40:03,1455,t0
H5,1,CHSE,12373,7PPD,Plate1,2024-10-17 10:40:03,1455,t0
H6,5,CHSE,12858,7PPD,Plate1,2024-10-17 10:40:03,1455,t0
H7,10,CHSE,12683,7PPD,Plate1,2024-10-17 10:40:03,1455,t0
H8,20,CHSE,14740,7PPD,Plate1,2024-10-17 10:40:03,1455,t0
H9,50,CHSE,13552,7PPD,Plate1,2024-10-17 10:40:03,1455,t0
A10,100,CSE,14224,7PPD,Plate2,2024-10-17 10:42:24,1453,t0
A11,200,CSE,13936,7PPD,Plate2,2024-10-17 10:42:24,1453,t0
A12,400,CSE,12668,7PPD,Plate2,2024-10-17 10:42:24,1453,t0
A3,0,CSE,16618,7PPD,Plate2,2024-10-17 10:42:24,1453,t0
A4,0.1,CSE,16110,7PPD,Plate2,2024-10-17 10:42:24,1453,t0
A5,1,CSE,15927,7PPD,Plate2,2024-10-17 10:42:24,1453,t0
A6,5,CSE,16227,7PPD,Plate2,2024-10-17 10:42:24,1453,t0
A7,10,CSE,16548,7PPD,Plate2,2024-10-17 10:42:24,1453,t0
A8,20,CSE,16414,7PPD,Plate2,2024-10-17 10:42:24,1453,t0
A9,50,CSE,15744,7PPD,Plate2,2024-10-17 10:42:24,1453,t0
B10,100,CSE,14022,7PPD,Plate2,2024-10-17 10:42:24,1453,t0
B11,200,CSE,13509,7PPD,Plate2,2024-10-17 10:42:24,1453,t0
B12,400,CSE,12354,7PPD,Plate2,2024-10-17 10:42:24,1453,t0
B3,0,CSE,16258,7PPD,Plate2,2024-10-17 10:42:24,1453,t0
B4,0.1,CSE,16410,7PPD,Plate2,2024-10-17 10:42:24,1453,t0
B5,1,CSE,16068,7PPD,Plate2,2024-10-17 10:42:24,1453,t0
B6,5,CSE,17293,7PPD,Plate2,2024-10-17 10:42:24,1453,t0
B7,10,CSE,16435,7PPD,Plate2,2024-10-17 10:42:24,1453,t0
B8,20,CSE,16110,7PPD,Plate2,2024-10-17 10:42:24,1453,t0
B9,50,CSE,15554,7PPD,Plate2,2024-10-17 10:42:24,1453,t0
C10,100,CSE,14798,7PPD,Plate2,2024-10-17 10:42:24,1453,t0
C11,200,CSE,13220,7PPD,Plate2,2024-10-17 10:42:24,1453,t0
C12,400,CSE,11852,7PPD,Plate2,2024-10-17 10:42:24,1453,t0
C3,0,CSE,15644,7PPD,Plate2,2024-10-17 10:42:24,1453,t0
C4,0.1,CSE,15069,7PPD,Plate2,2024-10-17 10:42:24,1453,t0
C5,1,CSE,15270,7PPD,Plate2,2024-10-17 10:42:24,1453,t0
C6,5,CSE,16363,7PPD,Plate2,2024-10-17 10:42:24,1453,t0
C7,10,CSE,15589,7PPD,Plate2,2024-10-17 10:42:24,1453,t0
C8,20,CSE,15874,7PPD,Plate2,2024-10-17 10:42:24,1453,t0
C9,50,CSE,14924,7PPD,Plate2,2024-10-17 10:42:24,1453,t0
D10,100,CSE,15281,7PPD,Plate2,2024-10-17 10:42:24,1453,t0
D11,200,CSE,13960,7PPD,Plate2,2024-10-17 10:42:24,1453,t0
D12,400,CSE,12022,7PPD,Plate2,2024-10-17 10:42:24,1453,t0
D3,0,CSE,15088,7PPD,Plate2,2024-10-17 10:42:24,1453,t0
D4,0.1,CSE,15516,7PPD,Plate2,2024-10-17 10:42:24,1453,t0
D5,1,CSE,16049,7PPD,Plate2,2024-10-17 10:42:24,1453,t0
D6,5,CSE,15406,7PPD,Plate2,2024-10-17 10:42:24,1453,t0
D7,10,CSE,16276,7PPD,Plate2,2024-10-17 10:42:24,1453,t0
D8,20,CSE,16131,7PPD,Plate2,2024-10-17 10:42:24,1453,t0
D9,50,CSE,15132,7PPD,Plate2,2024-10-17 10:42:24,1453,t0
E10,100,CHSE,14466,7PPD,Plate2,2024-10-17 10:42:24,1453,t0
E11,200,CHSE,14890,7PPD,Plate2,2024-10-17 10:42:24,1453,t0
E12,400,CHSE,12368,7PPD,Plate2,2024-10-17 10:42:24,1453,t0
E3,0,CHSE,13871,7PPD,Plate2,2024-10-17 10:42:24,1453,t0
E4,0.1,CHSE,13426,7PPD,Plate2,2024-10-17 10:42:24,1453,t0
E5,1,CHSE,14713,7PPD,Plate2,2024-10-17 10:42:24,1453,t0
E6,5,CHSE,14707,7PPD,Plate2,2024-10-17 10:42:24,1453,t0
E7,10,CHSE,14376,7PPD,Plate2,2024-10-17 10:42:24,1453,t0
E8,20,CHSE,13504,7PPD,Plate2,2024-10-17 10:42:24,1453,t0
E9,50,CHSE,14661,7PPD,Plate2,2024-10-17 10:42:24,1453,t0
F10,100,CHSE,14548,7PPD,Plate2,2024-10-17 10:42:24,1453,t0
F11,200,CHSE,14872,7PPD,Plate2,2024-10-17 10:42:24,1453,t0
F12,400,CHSE,13096,7PPD,Plate2,2024-10-17 10:42:24,1453,t0
F3,0,CHSE,13355,7PPD,Plate2,2024-10-17 10:42:24,1453,t0
F4,0.1,CHSE,13878,7PPD,Plate2,2024-10-17 10:42:24,1453,t0
F5,1,CHSE,13963,7PPD,Plate2,2024-10-17 10:42:24,1453,t0
F6,5,CHSE,14776,7PPD,Plate2,2024-10-17 10:42:24,1453,t0
F7,10,CHSE,14404,7PPD,Plate2,2024-10-17 10:42:24,1453,t0
F8,20,CHSE,13959,7PPD,Plate2,2024-10-17 10:42:24,1453,t0
F9,50,CHSE,14752,7PPD,Plate2,2024-10-17 10:42:24,1453,t0
G10,100,CHSE,14804,7PPD,Plate2,2024-10-17 10:42:24,1453,t0
G11,200,CHSE,14857,7PPD,Plate2,2024-10-17 10:42:24,1453,t0
G12,400,CHSE,12924,7PPD,Plate2,2024-10-17 10:42:24,1453,t0
G3,0,CHSE,13878,7PPD,Plate2,2024-10-17 10:42:24,1453,t0
G4,0.1,CHSE,12845,7PPD,Plate2,2024-10-17 10:42:24,1453,t0
G5,1,CHSE,13463,7PPD,Plate2,2024-10-17 10:42:24,1453,t0
G6,5,CHSE,13635,7PPD,Plate2,2024-10-17 10:42:24,1453,t0
G7,10,CHSE,14156,7PPD,Plate2,2024-10-17 10:42:24,1453,t0
G8,20,CHSE,14302,7PPD,Plate2,2024-10-17 10:42:24,1453,t0
G9,50,CHSE,14423,7PPD,Plate2,2024-10-17 10:42:24,1453,t0
H10,100,CHSE,14857,7PPD,Plate2,2024-10-17 10:42:24,1453,t0
H11,200,CHSE,14421,7PPD,Plate2,2024-10-17 10:42:24,1453,t0
H12,400,CHSE,12052,7PPD,Plate2,2024-10-17 10:42:24,1453,t0
H3,0,CHSE,13897,7PPD,Plate2,2024-10-17 10:42:24,1453,t0
H4,0.1,CHSE,14459,7PPD,Plate2,2024-10-17 10:42:24,1453,t0
H5,1,CHSE,14163,7PPD,Plate2,2024-10-17 10:42:24,1453,t0
H6,5,CHSE,14639,7PPD,Plate2,2024-10-17 10:42:24,1453,t0
H7,10,CHSE,14427,7PPD,Plate2,2024-10-17 10:42:24,1453,t0
H8,20,CHSE,14691,7PPD,Plate2,2024-10-17 10:42:24,1453,t0
H9,50,CHSE,14765,7PPD,Plate2,2024-10-17 10:42:24,1453,t0
A10,100,CSE,16409,7PPD,Plate3,2024-10-17 10:44:29,1452,t0
A11,200,CSE,14634,7PPD,Plate3,2024-10-17 10:44:29,1452,t0
A12,400,CSE,11548,7PPD,Plate3,2024-10-17 10:44:29,1452,t0
A3,0,CSE,16303,7PPD,Plate3,2024-10-17 10:44:29,1452,t0
A4,0.1,CSE,17077,7PPD,Plate3,2024-10-17 10:44:29,1452,t0
A5,1,CSE,15968,7PPD,Plate3,2024-10-17 10:44:29,1452,t0
A6,5,CSE,15179,7PPD,Plate3,2024-10-17 10:44:29,1452,t0
A7,10,CSE,14260,7PPD,Plate3,2024-10-17 10:44:29,1452,t0
A8,20,CSE,16482,7PPD,Plate3,2024-10-17 10:44:29,1452,t0
A9,50,CSE,15748,7PPD,Plate3,2024-10-17 10:44:29,1452,t0
B10,100,CSE,14011,7PPD,Plate3,2024-10-17 10:44:29,1452,t0
B11,200,CSE,13305,7PPD,Plate3,2024-10-17 10:44:29,1452,t0
B12,400,CSE,11457,7PPD,Plate3,2024-10-17 10:44:29,1452,t0
B3,0,CSE,14304,7PPD,Plate3,2024-10-17 10:44:29,1452,t0
B4,0.1,CSE,15030,7PPD,Plate3,2024-10-17 10:44:29,1452,t0
B5,1,CSE,14427,7PPD,Plate3,2024-10-17 10:44:29,1452,t0
B6,5,CSE,13284,7PPD,Plate3,2024-10-17 10:44:29,1452,t0
B7,10,CSE,12822,7PPD,Plate3,2024-10-17 10:44:29,1452,t0
B8,20,CSE,15449,7PPD,Plate3,2024-10-17 10:44:29,1452,t0
B9,50,CSE,15107,7PPD,Plate3,2024-10-17 10:44:29,1452,t0
C10,100,CSE,12477,7PPD,Plate3,2024-10-17 10:44:29,1452,t0
C11,200,CSE,11761,7PPD,Plate3,2024-10-17 10:44:29,1452,t0
C12,400,CSE,8928,7PPD,Plate3,2024-10-17 10:44:29,1452,t0
C3,0,CSE,13160,7PPD,Plate3,2024-10-17 10:44:29,1452,t0
C4,0.1,CSE,13913,7PPD,Plate3,2024-10-17 10:44:29,1452,t0
C5,1,CSE,12898,7PPD,Plate3,2024-10-17 10:44:29,1452,t0
C6,5,CSE,13535,7PPD,Plate3,2024-10-17 10:44:29,1452,t0
C7,10,CSE,13387,7PPD,Plate3,2024-10-17 10:44:29,1452,t0
C8,20,CSE,13964,7PPD,Plate3,2024-10-17 10:44:29,1452,t0
C9,50,CSE,13603,7PPD,Plate3,2024-10-17 10:44:29,1452,t0
D10,100,CSE,14493,7PPD,Plate3,2024-10-17 10:44:29,1452,t0
D11,200,CSE,12390,7PPD,Plate3,2024-10-17 10:44:29,1452,t0
D12,400,CSE,13797,7PPD,Plate3,2024-10-17 10:44:29,1452,t0
D3,0,CSE,14509,7PPD,Plate3,2024-10-17 10:44:29,1452,t0
D4,0.1,CSE,15068,7PPD,Plate3,2024-10-17 10:44:29,1452,t0
D5,1,CSE,13880,7PPD,Plate3,2024-10-17 10:44:29,1452,t0
D6,5,CSE,13553,7PPD,Plate3,2024-10-17 10:44:29,1452,t0
D7,10,CSE,14596,7PPD,Plate3,2024-10-17 10:44:29,1452,t0
D8,20,CSE,15342,7PPD,Plate3,2024-10-17 10:44:29,1452,t0
D9,50,CSE,14704,7PPD,Plate3,2024-10-17 10:44:29,1452,t0
E10,100,CHSE,15640,7PPD,Plate3,2024-10-17 10:44:29,1452,t0
E11,200,CHSE,15027,7PPD,Plate3,2024-10-17 10:44:29,1452,t0
E12,400,CHSE,12939,7PPD,Plate3,2024-10-17 10:44:29,1452,t0
E3,0,CHSE,14372,7PPD,Plate3,2024-10-17 10:44:29,1452,t0
E4,0.1,CHSE,14522,7PPD,Plate3,2024-10-17 10:44:29,1452,t0
E5,1,CHSE,13941,7PPD,Plate3,2024-10-17 10:44:29,1452,t0
E6,5,CHSE,12494,7PPD,Plate3,2024-10-17 10:44:29,1452,t0
E7,10,CHSE,12875,7PPD,Plate3,2024-10-17 10:44:29,1452,t0
E8,20,CHSE,15046,7PPD,Plate3,2024-10-17 10:44:29,1452,t0
E9,50,CHSE,14389,7PPD,Plate3,2024-10-17 10:44:29,1452,t0
F10,100,CHSE,14665,7PPD,Plate3,2024-10-17 10:44:29,1452,t0
F11,200,CHSE,14982,7PPD,Plate3,2024-10-17 10:44:29,1452,t0
F12,400,CHSE,12669,7PPD,Plate3,2024-10-17 10:44:29,1452,t0
F3,0,CHSE,14376,7PPD,Plate3,2024-10-17 10:44:29,1452,t0
F4,0.1,CHSE,14541,7PPD,Plate3,2024-10-17 10:44:29,1452,t0
F5,1,CHSE,14270,7PPD,Plate3,2024-10-17 10:44:29,1452,t0
F6,5,CHSE,13679,7PPD,Plate3,2024-10-17 10:44:29,1452,t0
F7,10,CHSE,13447,7PPD,Plate3,2024-10-17 10:44:29,1452,t0
F8,20,CHSE,14934,7PPD,Plate3,2024-10-17 10:44:29,1452,t0
F9,50,CHSE,15059,7PPD,Plate3,2024-10-17 10:44:29,1452,t0
G10,100,CHSE,14898,7PPD,Plate3,2024-10-17 10:44:29,1452,t0
G11,200,CHSE,15151,7PPD,Plate3,2024-10-17 10:44:29,1452,t0
G12,400,CHSE,13008,7PPD,Plate3,2024-10-17 10:44:29,1452,t0
G3,0,CHSE,14016,7PPD,Plate3,2024-10-17 10:44:29,1452,t0
G4,0.1,CHSE,14851,7PPD,Plate3,2024-10-17 10:44:29,1452,t0
G5,1,CHSE,13316,7PPD,Plate3,2024-10-17 10:44:29,1452,t0
G6,5,CHSE,13406,7PPD,Plate3,2024-10-17 10:44:29,1452,t0
G7,10,CHSE,15518,7PPD,Plate3,2024-10-17 10:44:29,1452,t0
G8,20,CHSE,16817,7PPD,Plate3,2024-10-17 10:44:29,1452,t0
G9,50,CHSE,14708,7PPD,Plate3,2024-10-17 10:44:29,1452,t0
H10,100,CHSE,14820,7PPD,Plate3,2024-10-17 10:44:29,1452,t0
H11,200,CHSE,14995,7PPD,Plate3,2024-10-17 10:44:29,1452,t0
H12,400,CHSE,13019,7PPD,Plate3,2024-10-17 10:44:29,1452,t0
H3,0,CHSE,14804,7PPD,Plate3,2024-10-17 10:44:29,1452,t0
H4,0.1,CHSE,15168,7PPD,Plate3,2024-10-17 10:44:29,1452,t0
H5,1,CHSE,15058,7PPD,Plate3,2024-10-17 10:44:29,1452,t0
H6,5,CHSE,13817,7PPD,Plate3,2024-10-17 10:44:29,1452,t0
H7,10,CHSE,13588,7PPD,Plate3,2024-10-17 10:44:29,1452,t0
H8,20,CHSE,15404,7PPD,Plate3,2024-10-17 10:44:29,1452,t0
H9,50,CHSE,15056,7PPD,Plate3,2024-10-17 10:44:29,1452,t0
A10,100,RTG,30226,7PPD,Plate4,2024-10-17 10:48:20,1454,t0
A11,200,RTG,29755,7PPD,Plate4,2024-10-17 10:48:20,1454,t0
A12,400,RTG,29673,7PPD,Plate4,2024-10-17 10:48:20,1454,t0
A3,0,RTG,30702,7PPD,Plate4,2024-10-17 10:48:20,1454,t0
A4,0.1,RTG,29860,7PPD,Plate4,2024-10-17 10:48:20,1454,t0
A5,1,RTG,31551,7PPD,Plate4,2024-10-17 10:48:20,1454,t0
A6,5,RTG,31838,7PPD,Plate4,2024-10-17 10:48:20,1454,t0
A7,10,RTG,31085,7PPD,Plate4,2024-10-17 10:48:20,1454,t0
A8,20,RTG,31363,7PPD,Plate4,2024-10-17 10:48:20,1454,t0
A9,50,RTG,30570,7PPD,Plate4,2024-10-17 10:48:20,1454,t0
B10,100,RTG,29281,7PPD,Plate4,2024-10-17 10:48:20,1454,t0
B11,200,RTG,28167,7PPD,Plate4,2024-10-17 10:48:20,1454,t0
B12,400,RTG,24931,7PPD,Plate4,2024-10-17 10:48:20,1454,t0
B3,0,RTG,28831,7PPD,Plate4,2024-10-17 10:48:20,1454,t0
B4,0.1,RTG,28501,7PPD,Plate4,2024-10-17 10:48:20,1454,t0
B5,1,RTG,31052,7PPD,Plate4,2024-10-17 10:48:20,1454,t0
B6,5,RTG,29305,7PPD,Plate4,2024-10-17 10:48:20,1454,t0
B7,10,RTG,30241,7PPD,Plate4,2024-10-17 10:48:20,1454,t0
B8,20,RTG,30858,7PPD,Plate4,2024-10-17 10:48:20,1454,t0
B9,50,RTG,29647,7PPD,Plate4,2024-10-17 10:48:20,1454,t0
C10,100,RTG,28810,7PPD,Plate4,2024-10-17 10:48:20,1454,t0
C11,200,RTG,26659,7PPD,Plate4,2024-10-17 10:48:20,1454,t0
C12,400,RTG,24906,7PPD,Plate4,2024-10-17 10:48:20,1454,t0
C3,0,RTG,29459,7PPD,Plate4,2024-10-17 10:48:20,1454,t0
C4,0.1,RTG,29239,7PPD,Plate4,2024-10-17 10:48:20,1454,t0
C5,1,RTG,28673,7PPD,Plate4,2024-10-17 10:48:20,1454,t0
C6,5,RTG,29164,7PPD,Plate4,2024-10-17 10:48:20,1454,t0
C7,10,RTG,29008,7PPD,Plate4,2024-10-17 10:48:20,1454,t0
C8,20,RTG,29451,7PPD,Plate4,2024-10-17 10:48:20,1454,t0
C9,50,RTG,28206,7PPD,Plate4,2024-10-17 10:48:20,1454,t0
D10,100,RTG,26041,7PPD,Plate4,2024-10-17 10:48:20,1454,t0
D11,200,RTG,22444,7PPD,Plate4,2024-10-17 10:48:20,1454,t0
D12,400,RTG,20165,7PPD,Plate4,2024-10-17 10:48:20,1454,t0
D3,0,RTG,25688,7PPD,Plate4,2024-10-17 10:48:20,1454,t0
D4,0.1,RTG,27374,7PPD,Plate4,2024-10-17 10:48:20,1454,t0
D5,1,RTG,27189,7PPD,Plate4,2024-10-17 10:48:20,1454,t0
D6,5,RTG,25265,7PPD,Plate4,2024-10-17 10:48:20,1454,t0
D7,10,RTG,26190,7PPD,Plate4,2024-10-17 10:48:20,1454,t0
D8,20,RTG,26958,7PPD,Plate4,2024-10-17 10:48:20,1454,t0
D9,50,RTG,25849,7PPD,Plate4,2024-10-17 10:48:20,1454,t0
A10,100,RTG,32083,7PPD,Plate5,2024-10-17 10:51:17,1454,t0
A11,200,RTG,30566,7PPD,Plate5,2024-10-17 10:51:17,1454,t0
A12,400,RTG,30401,7PPD,Plate5,2024-10-17 10:51:17,1454,t0
A3,0,RTG,33880,7PPD,Plate5,2024-10-17 10:51:17,1454,t0
A4,0.1,RTG,33717,7PPD,Plate5,2024-10-17 10:51:17,1454,t0
A5,1,RTG,33043,7PPD,Plate5,2024-10-17 10:51:17,1454,t0
A6,5,RTG,34209,7PPD,Plate5,2024-10-17 10:51:17,1454,t0
A7,10,RTG,32963,7PPD,Plate5,2024-10-17 10:51:17,1454,t0
A8,20,RTG,33320,7PPD,Plate5,2024-10-17 10:51:17,1454,t0
A9,50,RTG,34042,7PPD,Plate5,2024-10-17 10:51:17,1454,t0
B10,100,RTG,32222,7PPD,Plate5,2024-10-17 10:51:17,1454,t0
B11,200,RTG,29959,7PPD,Plate5,2024-10-17 10:51:17,1454,t0
B12,400,RTG,28982,7PPD,Plate5,2024-10-17 10:51:17,1454,t0
B3,0,RTG,34040,7PPD,Plate5,2024-10-17 10:51:17,1454,t0
B4,0.1,RTG,34478,7PPD,Plate5,2024-10-17 10:51:17,1454,t0
B5,1,RTG,33869,7PPD,Plate5,2024-10-17 10:51:17,1454,t0
B6,5,RTG,33492,7PPD,Plate5,2024-10-17 10:51:17,1454,t0
B7,10,RTG,33230,7PPD,Plate5,2024-10-17 10:51:17,1454,t0
B8,20,RTG,33590,7PPD,Plate5,2024-10-17 10:51:17,1454,t0
B9,50,RTG,32449,7PPD,Plate5,2024-10-17 10:51:17,1454,t0
C10,100,RTG,30786,7PPD,Plate5,2024-10-17 10:51:17,1454,t0
C11,200,RTG,29416,7PPD,Plate5,2024-10-17 10:51:17,1454,t0
C12,400,RTG,28352,7PPD,Plate5,2024-10-17 10:51:17,1454,t0
C3,0,RTG,32457,7PPD,Plate5,2024-10-17 10:51:17,1454,t0
C4,0.1,RTG,33695,7PPD,Plate5,2024-10-17 10:51:17,1454,t0
C5,1,RTG,33600,7PPD,Plate5,2024-10-17 10:51:17,1454,t0
C6,5,RTG,33506,7PPD,Plate5,2024-10-17 10:51:17,1454,t0
C7,10,RTG,32598,7PPD,Plate5,2024-10-17 10:51:17,1454,t0
C8,20,RTG,33436,7PPD,Plate5,2024-10-17 10:51:17,1454,t0
C9,50,RTG,32011,7PPD,Plate5,2024-10-17 10:51:17,1454,t0
D10,100,RTG,30734,7PPD,Plate5,2024-10-17 10:51:17,1454,t0
D11,200,RTG,29963,7PPD,Plate5,2024-10-17 10:51:17,1454,t0
D12,400,RTG,27605,7PPD,Plate5,2024-10-17 10:51:17,1454,t0
D3,0,RTG,33729,7PPD,Plate5,2024-10-17 10:51:17,1454,t0
D4,0.1,RTG,33988,7PPD,Plate5,2024-10-17 10:51:17,1454,t0
D5,1,RTG,34250,7PPD,Plate5,2024-10-17 10:51:17,1454,t0
D6,5,RTG,32702,7PPD,Plate5,2024-10-17 10:51:17,1454,t0
D7,10,RTG,33281,7PPD,Plate5,2024-10-17 10:51:17,1454,t0
D8,20,RTG,32830,7PPD,Plate5,2024-10-17 10:51:17,1454,t0
D9,50,RTG,32521,7PPD,Plate5,2024-10-17 10:51:17,1454,t0
A10,100,RTG,31031,7PPD,Plate6,2024-10-17 10:53:08,1454,t0
A11,200,RTG,29539,7PPD,Plate6,2024-10-17 10:53:08,1454,t0
A12,400,RTG,28928,7PPD,Plate6,2024-10-17 10:53:08,1454,t0
A3,0,RTG,35850,7PPD,Plate6,2024-10-17 10:53:08,1454,t0
A4,0.1,RTG,34101,7PPD,Plate6,2024-10-17 10:53:08,1454,t0
A5,1,RTG,34443,7PPD,Plate6,2024-10-17 10:53:08,1454,t0
A6,5,RTG,33065,7PPD,Plate6,2024-10-17 10:53:08,1454,t0
A7,10,RTG,33239,7PPD,Plate6,2024-10-17 10:53:08,1454,t0
A8,20,RTG,32473,7PPD,Plate6,2024-10-17 10:53:08,1454,t0
A9,50,RTG,32531,7PPD,Plate6,2024-10-17 10:53:08,1454,t0
B10,100,RTG,30388,7PPD,Plate6,2024-10-17 10:53:08,1454,t0
B11,200,RTG,29906,7PPD,Plate6,2024-10-17 10:53:08,1454,t0
B12,400,RTG,28836,7PPD,Plate6,2024-10-17 10:53:08,1454,t0
B3,0,RTG,35601,7PPD,Plate6,2024-10-17 10:53:08,1454,t0
B4,0.1,RTG,34633,7PPD,Plate6,2024-10-17 10:53:08,1454,t0
B5,1,RTG,33705,7PPD,Plate6,2024-10-17 10:53:08,1454,t0
B6,5,RTG,33411,7PPD,Plate6,2024-10-17 10:53:08,1454,t0
B7,10,RTG,33083,7PPD,Plate6,2024-10-17 10:53:08,1454,t0
B8,20,RTG,33191,7PPD,Plate6,2024-10-17 10:53:08,1454,t0
B9,50,RTG,32734,7PPD,Plate6,2024-10-17 10:53:08,1454,t0
C10,100,RTG,30524,7PPD,Plate6,2024-10-17 10:53:08,1454,t0
C11,200,RTG,30174,7PPD,Plate6,2024-10-17 10:53:08,1454,t0
C12,400,RTG,30517,7PPD,Plate6,2024-10-17 10:53:08,1454,t0
C3,0,RTG,33914,7PPD,Plate6,2024-10-17 10:53:08,1454,t0
C4,0.1,RTG,33346,7PPD,Plate6,2024-10-17 10:53:08,1454,t0
C5,1,RTG,34117,7PPD,Plate6,2024-10-17 10:53:08,1454,t0
C6,5,RTG,32125,7PPD,Plate6,2024-10-17 10:53:08,1454,t0
C7,10,RTG,32968,7PPD,Plate6,2024-10-17 10:53:08,1454,t0
C8,20,RTG,32685,7PPD,Plate6,2024-10-17 10:53:08,1454,t0
C9,50,RTG,33424,7PPD,Plate6,2024-10-17 10:53:08,1454,t0
D10,100,RTG,29676,7PPD,Plate6,2024-10-17 10:53:08,1454,t0
D11,200,RTG,29750,7PPD,Plate6,2024-10-17 10:53:08,1454,t0
D12,400,RTG,31664,7PPD,Plate6,2024-10-17 10:53:08,1454,t0
D3,0,RTG,34651,7PPD,Plate6,2024-10-17 10:53:08,1454,t0
D4,0.1,RTG,34071,7PPD,Plate6,2024-10-17 10:53:08,1454,t0
D5,1,RTG,34330,7PPD,Plate6,2024-10-17 10:53:08,1454,t0
D6,5,RTG,34918,7PPD,Plate6,2024-10-17 10:53:08,1454,t0
D7,10,RTG,32221,7PPD,Plate6,2024-10-17 10:53:08,1454,t0
D8,20,RTG,33456,7PPD,Plate6,2024-10-17 10:53:08,1454,t0
D9,50,RTG,33219,7PPD,Plate6,2024-10-17 10:53:08,1454,t0
A10,100,CSE,11976,7PPD,Plate1,2024-10-25 10:41:03,1447,t25
A11,200,CSE,10744,7PPD,Plate1,2024-10-25 10:41:03,1447,t25
A12,400,CSE,8621,7PPD,Plate1,2024-10-25 10:41:03,1447,t25
A3,0,CSE,13550,7PPD,Plate1,2024-10-25 10:41:03,1447,t25
A4,0.1,CSE,13502,7PPD,Plate1,2024-10-25 10:41:03,1447,t25
A5,1,CSE,13418,7PPD,Plate1,2024-10-25 10:41:03,1447,t25
A6,5,CSE,13846,7PPD,Plate1,2024-10-25 10:41:03,1447,t25
A7,10,CSE,13094,7PPD,Plate1,2024-10-25 10:41:03,1447,t25
A8,20,CSE,13703,7PPD,Plate1,2024-10-25 10:41:03,1447,t25
A9,50,CSE,12576,7PPD,Plate1,2024-10-25 10:41:03,1447,t25
B10,100,CSE,11041,7PPD,Plate1,2024-10-25 10:41:03,1447,t25
B11,200,CSE,10241,7PPD,Plate1,2024-10-25 10:41:03,1447,t25
B12,400,CSE,8569,7PPD,Plate1,2024-10-25 10:41:03,1447,t25
B3,0,CSE,13315,7PPD,Plate1,2024-10-25 10:41:03,1447,t25
B4,0.1,CSE,13455,7PPD,Plate1,2024-10-25 10:41:03,1447,t25
B5,1,CSE,13592,7PPD,Plate1,2024-10-25 10:41:03,1447,t25
B6,5,CSE,13133,7PPD,Plate1,2024-10-25 10:41:03,1447,t25
B7,10,CSE,13018,7PPD,Plate1,2024-10-25 10:41:03,1447,t25
B8,20,CSE,11983,7PPD,Plate1,2024-10-25 10:41:03,1447,t25
B9,50,CSE,11624,7PPD,Plate1,2024-10-25 10:41:03,1447,t25
C10,100,CSE,9570,7PPD,Plate1,2024-10-25 10:41:03,1447,t25
C11,200,CSE,9893,7PPD,Plate1,2024-10-25 10:41:03,1447,t25
C12,400,CSE,8054,7PPD,Plate1,2024-10-25 10:41:03,1447,t25
C3,0,CSE,12642,7PPD,Plate1,2024-10-25 10:41:03,1447,t25
C4,0.1,CSE,12197,7PPD,Plate1,2024-10-25 10:41:03,1447,t25
C5,1,CSE,12027,7PPD,Plate1,2024-10-25 10:41:03,1447,t25
C6,5,CSE,11910,7PPD,Plate1,2024-10-25 10:41:03,1447,t25
C7,10,CSE,11651,7PPD,Plate1,2024-10-25 10:41:03,1447,t25
C8,20,CSE,10592,7PPD,Plate1,2024-10-25 10:41:03,1447,t25
C9,50,CSE,10672,7PPD,Plate1,2024-10-25 10:41:03,1447,t25
D10,100,CSE,14109,7PPD,Plate1,2024-10-25 10:41:03,1447,t25
D11,200,CSE,13894,7PPD,Plate1,2024-10-25 10:41:03,1447,t25
D12,400,CSE,10990,7PPD,Plate1,2024-10-25 10:41:03,1447,t25
D3,0,CSE,14685,7PPD,Plate1,2024-10-25 10:41:03,1447,t25
D4,0.1,CSE,13838,7PPD,Plate1,2024-10-25 10:41:03,1447,t25
D5,1,CSE,14458,7PPD,Plate1,2024-10-25 10:41:03,1447,t25
D6,5,CSE,15665,7PPD,Plate1,2024-10-25 10:41:03,1447,t25
D7,10,CSE,14828,7PPD,Plate1,2024-10-25 10:41:03,1447,t25
D8,20,CSE,13737,7PPD,Plate1,2024-10-25 10:41:03,1447,t25
D9,50,CSE,14314,7PPD,Plate1,2024-10-25 10:41:03,1447,t25
E10,100,CHSE,25692,7PPD,Plate1,2024-10-25 10:41:03,1447,t25
E11,200,CHSE,18162,7PPD,Plate1,2024-10-25 10:41:03,1447,t25
E12,400,CHSE,19716,7PPD,Plate1,2024-10-25 10:41:03,1447,t25
E3,0,CHSE,19801,7PPD,Plate1,2024-10-25 10:41:03,1447,t25
E4,0.1,CHSE,18758,7PPD,Plate1,2024-10-25 10:41:03,1447,t25
E5,1,CHSE,19278,7PPD,Plate1,2024-10-25 10:41:03,1447,t25
E6,5,CHSE,20479,7PPD,Plate1,2024-10-25 10:41:03,1447,t25
E7,10,CHSE,18496,7PPD,Plate1,2024-10-25 10:41:03,1447,t25
E8,20,CHSE,18232,7PPD,Plate1,2024-10-25 10:41:03,1447,t25
E9,50,CHSE,18001,7PPD,Plate1,2024-10-25 10:41:03,1447,t25
F10,100,CHSE,18179,7PPD,Plate1,2024-10-25 10:41:03,1447,t25
F11,200,CHSE,17855,7PPD,Plate1,2024-10-25 10:41:03,1447,t25
F12,400,CHSE,14831,7PPD,Plate1,2024-10-25 10:41:03,1447,t25
F3,0,CHSE,19741,7PPD,Plate1,2024-10-25 10:41:03,1447,t25
F4,0.1,CHSE,19699,7PPD,Plate1,2024-10-25 10:41:03,1447,t25
F5,1,CHSE,19077,7PPD,Plate1,2024-10-25 10:41:03,1447,t25
F6,5,CHSE,19113,7PPD,Plate1,2024-10-25 10:41:03,1447,t25
F7,10,CHSE,19122,7PPD,Plate1,2024-10-25 10:41:03,1447,t25
F8,20,CHSE,18847,7PPD,Plate1,2024-10-25 10:41:03,1447,t25
F9,50,CHSE,18269,7PPD,Plate1,2024-10-25 10:41:03,1447,t25
G10,100,CHSE,18480,7PPD,Plate1,2024-10-25 10:41:03,1447,t25
G11,200,CHSE,18092,7PPD,Plate1,2024-10-25 10:41:03,1447,t25
G12,400,CHSE,15441,7PPD,Plate1,2024-10-25 10:41:03,1447,t25
G3,0,CHSE,19438,7PPD,Plate1,2024-10-25 10:41:03,1447,t25
G4,0.1,CHSE,19420,7PPD,Plate1,2024-10-25 10:41:03,1447,t25
G5,1,CHSE,19184,7PPD,Plate1,2024-10-25 10:41:03,1447,t25
G6,5,CHSE,26116,7PPD,Plate1,2024-10-25 10:41:03,1447,t25
G7,10,CHSE,18952,7PPD,Plate1,2024-10-25 10:41:03,1447,t25
G8,20,CHSE,18465,7PPD,Plate1,2024-10-25 10:41:03,1447,t25
G9,50,CHSE,19138,7PPD,Plate1,2024-10-25 10:41:03,1447,t25
H10,100,CHSE,20385,7PPD,Plate1,2024-10-25 10:41:03,1447,t25
H11,200,CHSE,17850,7PPD,Plate1,2024-10-25 10:41:03,1447,t25
H12,400,CHSE,14672,7PPD,Plate1,2024-10-25 10:41:03,1447,t25
H3,0,CHSE,19282,7PPD,Plate1,2024-10-25 10:41:03,1447,t25
H4,0.1,CHSE,18736,7PPD,Plate1,2024-10-25 10:41:03,1447,t25
H5,1,CHSE,25447,7PPD,Plate1,2024-10-25 10:41:03,1447,t25
H6,5,CHSE,20268,7PPD,Plate1,2024-10-25 10:41:03,1447,t25
H7,10,CHSE,19509,7PPD,Plate1,2024-10-25 10:41:03,1447,t25
H8,20,CHSE,19938,7PPD,Plate1,2024-10-25 10:41:03,1447,t25
H9,50,CHSE,19713,7PPD,Plate1,2024-10-25 10:41:03,1447,t25
A10,100,CSE,11784,7PPD,Plate3,2024-10-25 10:46:21,1446,t25
A11,200,CSE,11914,7PPD,Plate3,2024-10-25 10:46:21,1446,t25
A12,400,CSE,9991,7PPD,Plate3,2024-10-25 10:46:21,1446,t25
A3,0,CSE,15410,7PPD,Plate3,2024-10-25 10:46:21,1446,t25
A4,0.1,CSE,15159,7PPD,Plate3,2024-10-25 10:46:21,1446,t25
A5,1,CSE,15416,7PPD,Plate3,2024-10-25 10:46:21,1446,t25
A6,5,CSE,15149,7PPD,Plate3,2024-10-25 10:46:21,1446,t25
A7,10,CSE,15333,7PPD,Plate3,2024-10-25 10:46:21,1446,t25
A8,20,CSE,13018,7PPD,Plate3,2024-10-25 10:46:21,1446,t25
A9,50,CSE,10628,7PPD,Plate3,2024-10-25 10:46:21,1446,t25
B10,100,CSE,12059,7PPD,Plate3,2024-10-25 10:46:21,1446,t25
B11,200,CSE,12216,7PPD,Plate3,2024-10-25 10:46:21,1446,t25
B12,400,CSE,10307,7PPD,Plate3,2024-10-25 10:46:21,1446,t25
B3,0,CSE,15018,7PPD,Plate3,2024-10-25 10:46:21,1446,t25
B4,0.1,CSE,15242,7PPD,Plate3,2024-10-25 10:46:21,1446,t25
B5,1,CSE,15488,7PPD,Plate3,2024-10-25 10:46:21,1446,t25
B6,5,CSE,14988,7PPD,Plate3,2024-10-25 10:46:21,1446,t25
B7,10,CSE,15200,7PPD,Plate3,2024-10-25 10:46:21,1446,t25
B8,20,CSE,13477,7PPD,Plate3,2024-10-25 10:46:21,1446,t25
B9,50,CSE,11892,7PPD,Plate3,2024-10-25 10:46:21,1446,t25
C10,100,CSE,11953,7PPD,Plate3,2024-10-25 10:46:21,1446,t25
C11,200,CSE,12280,7PPD,Plate3,2024-10-25 10:46:21,1446,t25
C12,400,CSE,9998,7PPD,Plate3,2024-10-25 10:46:21,1446,t25
C3,0,CSE,15231,7PPD,Plate3,2024-10-25 10:46:21,1446,t25
C4,0.1,CSE,14331,7PPD,Plate3,2024-10-25 10:46:21,1446,t25
C5,1,CSE,13573,7PPD,Plate3,2024-10-25 10:46:21,1446,t25
C6,5,CSE,14392,7PPD,Plate3,2024-10-25 10:46:21,1446,t25
C7,10,CSE,14342,7PPD,Plate3,2024-10-25 10:46:21,1446,t25
C8,20,CSE,13932,7PPD,Plate3,2024-10-25 10:46:21,1446,t25
C9,50,CSE,11846,7PPD,Plate3,2024-10-25 10:46:21,1446,t25
D10,100,CSE,12860,7PPD,Plate3,2024-10-25 10:46:21,1446,t25
D11,200,CSE,12188,7PPD,Plate3,2024-10-25 10:46:21,1446,t25
D12,400,CSE,10187,7PPD,Plate3,2024-10-25 10:46:21,1446,t25
D3,0,CSE,14145,7PPD,Plate3,2024-10-25 10:46:21,1446,t25
D4,0.1,CSE,15175,7PPD,Plate3,2024-10-25 10:46:21,1446,t25
D5,1,CSE,14279,7PPD,Plate3,2024-10-25 10:46:21,1446,t25
D6,5,CSE,14760,7PPD,Plate3,2024-10-25 10:46:21,1446,t25
D7,10,CSE,15062,7PPD,Plate3,2024-10-25 10:46:21,1446,t25
D8,20,CSE,14751,7PPD,Plate3,2024-10-25 10:46:21,1446,t25
D9,50,CSE,13256,7PPD,Plate3,2024-10-25 10:46:21,1446,t25
E10,100,CHSE,17353,7PPD,Plate3,2024-10-25 10:46:21,1446,t25
E11,200,CHSE,17659,7PPD,Plate3,2024-10-25 10:46:21,1446,t25
E12,400,CHSE,15371,7PPD,Plate3,2024-10-25 10:46:21,1446,t25
E3,0,CHSE,18113,7PPD,Plate3,2024-10-25 10:46:21,1446,t25
E4,0.1,CHSE,18153,7PPD,Plate3,2024-10-25 10:46:21,1446,t25
E5,1,CHSE,18186,7PPD,Plate3,2024-10-25 10:46:21,1446,t25
E6,5,CHSE,18164,7PPD,Plate3,2024-10-25 10:46:21,1446,t25
E7,10,CHSE,17361,7PPD,Plate3,2024-10-25 10:46:21,1446,t25
E8,20,CHSE,16475,7PPD,Plate3,2024-10-25 10:46:21,1446,t25
E9,50,CHSE,15829,7PPD,Plate3,2024-10-25 10:46:21,1446,t25
F10,100,CHSE,17043,7PPD,Plate3,2024-10-25 10:46:21,1446,t25
F11,200,CHSE,17099,7PPD,Plate3,2024-10-25 10:46:21,1446,t25
F12,400,CHSE,15349,7PPD,Plate3,2024-10-25 10:46:21,1446,t25
F3,0,CHSE,19247,7PPD,Plate3,2024-10-25 10:46:21,1446,t25
F4,0.1,CHSE,18315,7PPD,Plate3,2024-10-25 10:46:21,1446,t25
F5,1,CHSE,18230,7PPD,Plate3,2024-10-25 10:46:21,1446,t25
F6,5,CHSE,18926,7PPD,Plate3,2024-10-25 10:46:21,1446,t25
F7,10,CHSE,17830,7PPD,Plate3,2024-10-25 10:46:21,1446,t25
F8,20,CHSE,15265,7PPD,Plate3,2024-10-25 10:46:21,1446,t25
F9,50,CHSE,15203,7PPD,Plate3,2024-10-25 10:46:21,1446,t25
G10,100,CHSE,15889,7PPD,Plate3,2024-10-25 10:46:21,1446,t25
G11,200,CHSE,16000,7PPD,Plate3,2024-10-25 10:46:21,1446,t25
G12,400,CHSE,13456,7PPD,Plate3,2024-10-25 10:46:21,1446,t25
G3,0,CHSE,17478,7PPD,Plate3,2024-10-25 10:46:21,1446,t25
G4,0.1,CHSE,18359,7PPD,Plate3,2024-10-25 10:46:21,1446,t25
G5,1,CHSE,18252,7PPD,Plate3,2024-10-25 10:46:21,1446,t25
G6,5,CHSE,18718,7PPD,Plate3,2024-10-25 10:46:21,1446,t25
G7,10,CHSE,17625,7PPD,Plate3,2024-10-25 10:46:21,1446,t25
G8,20,CHSE,16989,7PPD,Plate3,2024-10-25 10:46:21,1446,t25
G9,50,CHSE,15645,7PPD,Plate3,2024-10-25 10:46:21,1446,t25
H10,100,CHSE,15084,7PPD,Plate3,2024-10-25 10:46:21,1446,t25
H11,200,CHSE,14088,7PPD,Plate3,2024-10-25 10:46:21,1446,t25
H12,400,CHSE,9627,7PPD,Plate3,2024-10-25 10:46:21,1446,t25
H3,0,CHSE,16872,7PPD,Plate3,2024-10-25 10:46:21,1446,t25
H4,0.1,CHSE,17372,7PPD,Plate3,2024-10-25 10:46:21,1446,t25
H5,1,CHSE,16514,7PPD,Plate3,2024-10-25 10:46:21,1446,t25
H6,5,CHSE,16763,7PPD,Plate3,2024-10-25 10:46:21,1446,t25
H7,10,CHSE,16261,7PPD,Plate3,2024-10-25 10:46:21,1446,t25
H8,20,CHSE,16494,7PPD,Plate3,2024-10-25 10:46:21,1446,t25
H9,50,CHSE,14392,7PPD,Plate3,2024-10-25 10:46:21,1446,t25
A10,100,RTG,42758,7PPD,Plate4,2024-10-25 10:48:50,1446,t25
A11,200,RTG,37629,7PPD,Plate4,2024-10-25 10:48:50,1446,t25
A12,400,RTG,35974,7PPD,Plate4,2024-10-25 10:48:50,1446,t25
A3,0,RTG,43276,7PPD,Plate4,2024-10-25 10:48:50,1446,t25
A4,0.1,RTG,43818,7PPD,Plate4,2024-10-25 10:48:50,1446,t25
A5,1,RTG,44981,7PPD,Plate4,2024-10-25 10:48:50,1446,t25
A6,5,RTG,44190,7PPD,Plate4,2024-10-25 10:48:50,1446,t25
A7,10,RTG,45129,7PPD,Plate4,2024-10-25 10:48:50,1446,t25
A8,20,RTG,45457,7PPD,Plate4,2024-10-25 10:48:50,1446,t25
A9,50,RTG,44249,7PPD,Plate4,2024-10-25 10:48:50,1446,t25
B10,100,RTG,41948,7PPD,Plate4,2024-10-25 10:48:50,1446,t25
B11,200,RTG,37507,7PPD,Plate4,2024-10-25 10:48:50,1446,t25
B12,400,RTG,35416,7PPD,Plate4,2024-10-25 10:48:50,1446,t25
B3,0,RTG,42894,7PPD,Plate4,2024-10-25 10:48:50,1446,t25
B4,0.1,RTG,43362,7PPD,Plate4,2024-10-25 10:48:50,1446,t25
B5,1,RTG,44211,7PPD,Plate4,2024-10-25 10:48:50,1446,t25
B6,5,RTG,43087,7PPD,Plate4,2024-10-25 10:48:50,1446,t25
B7,10,RTG,43155,7PPD,Plate4,2024-10-25 10:48:50,1446,t25
B8,20,RTG,44102,7PPD,Plate4,2024-10-25 10:48:50,1446,t25
B9,50,RTG,42052,7PPD,Plate4,2024-10-25 10:48:50,1446,t25
C10,100,RTG,40840,7PPD,Plate4,2024-10-25 10:48:50,1446,t25
C11,200,RTG,36660,7PPD,Plate4,2024-10-25 10:48:50,1446,t25
C12,400,RTG,31816,7PPD,Plate4,2024-10-25 10:48:50,1446,t25
C3,0,RTG,40649,7PPD,Plate4,2024-10-25 10:48:50,1446,t25
C4,0.1,RTG,43397,7PPD,Plate4,2024-10-25 10:48:50,1446,t25
C5,1,RTG,41785,7PPD,Plate4,2024-10-25 10:48:50,1446,t25
C6,5,RTG,42603,7PPD,Plate4,2024-10-25 10:48:50,1446,t25
C7,10,RTG,42367,7PPD,Plate4,2024-10-25 10:48:50,1446,t25
C8,20,RTG,41305,7PPD,Plate4,2024-10-25 10:48:50,1446,t25
C9,50,RTG,39530,7PPD,Plate4,2024-10-25 10:48:50,1446,t25
D10,100,RTG,36283,7PPD,Plate4,2024-10-25 10:48:50,1446,t25
D11,200,RTG,36100,7PPD,Plate4,2024-10-25 10:48:50,1446,t25
D12,400,RTG,28558,7PPD,Plate4,2024-10-25 10:48:50,1446,t25
D3,0,RTG,40890,7PPD,Plate4,2024-10-25 10:48:50,1446,t25
D4,0.1,RTG,41968,7PPD,Plate4,2024-10-25 10:48:50,1446,t25
D5,1,RTG,40903,7PPD,Plate4,2024-10-25 10:48:50,1446,t25
D6,5,RTG,41682,7PPD,Plate4,2024-10-25 10:48:50,1446,t25
D7,10,RTG,39056,7PPD,Plate4,2024-10-25 10:48:50,1446,t25
D8,20,RTG,39123,7PPD,Plate4,2024-10-25 10:48:50,1446,t25
D9,50,RTG,37000,7PPD,Plate4,2024-10-25 10:48:50,1446,t25
A10,100,RTG,37065,7PPD,Plate5,2024-10-25 10:50:39,1445,t25
A11,200,RTG,42663,7PPD,Plate5,2024-10-25 10:50:39,1445,t25
A12,400,RTG,38411,7PPD,Plate5,2024-10-25 10:50:39,1445,t25
A3,0,RTG,44872,7PPD,Plate5,2024-10-25 10:50:39,1445,t25
A4,0.1,RTG,44534,7PPD,Plate5,2024-10-25 10:50:39,1445,t25
A5,1,RTG,44918,7PPD,Plate5,2024-10-25 10:50:39,1445,t25
A6,5,RTG,45771,7PPD,Plate5,2024-10-25 10:50:39,1445,t25
A7,10,RTG,45670,7PPD,Plate5,2024-10-25 10:50:39,1445,t25
A8,20,RTG,39875,7PPD,Plate5,2024-10-25 10:50:39,1445,t25
A9,50,RTG,38406,7PPD,Plate5,2024-10-25 10:50:39,1445,t25
B10,100,RTG,41744,7PPD,Plate5,2024-10-25 10:50:39,1445,t25
B11,200,RTG,42024,7PPD,Plate5,2024-10-25 10:50:39,1445,t25
B12,400,RTG,38859,7PPD,Plate5,2024-10-25 10:50:39,1445,t25
B3,0,RTG,45962,7PPD,Plate5,2024-10-25 10:50:39,1445,t25
B4,0.1,RTG,45658,7PPD,Plate5,2024-10-25 10:50:39,1445,t25
B5,1,RTG,45397,7PPD,Plate5,2024-10-25 10:50:39,1445,t25
B6,5,RTG,45204,7PPD,Plate5,2024-10-25 10:50:39,1445,t25
B7,10,RTG,45761,7PPD,Plate5,2024-10-25 10:50:39,1445,t25
B8,20,RTG,41426,7PPD,Plate5,2024-10-25 10:50:39,1445,t25
B9,50,RTG,39307,7PPD,Plate5,2024-10-25 10:50:39,1445,t25
C10,100,RTG,43799,7PPD,Plate5,2024-10-25 10:50:39,1445,t25
C11,200,RTG,42858,7PPD,Plate5,2024-10-25 10:50:39,1445,t25
C12,400,RTG,38780,7PPD,Plate5,2024-10-25 10:50:39,1445,t25
C3,0,RTG,43451,7PPD,Plate5,2024-10-25 10:50:39,1445,t25
C4,0.1,RTG,44063,7PPD,Plate5,2024-10-25 10:50:39,1445,t25
C5,1,RTG,46221,7PPD,Plate5,2024-10-25 10:50:39,1445,t25
C6,5,RTG,44484,7PPD,Plate5,2024-10-25 10:50:39,1445,t25
C7,10,RTG,44840,7PPD,Plate5,2024-10-25 10:50:39,1445,t25
C8,20,RTG,42571,7PPD,Plate5,2024-10-25 10:50:39,1445,t25
C9,50,RTG,41991,7PPD,Plate5,2024-10-25 10:50:39,1445,t25
D10,100,RTG,42814,7PPD,Plate5,2024-10-25 10:50:39,1445,t25
D11,200,RTG,43712,7PPD,Plate5,2024-10-25 10:50:39,1445,t25
D12,400,RTG,38455,7PPD,Plate5,2024-10-25 10:50:39,1445,t25
D3,0,RTG,43755,7PPD,Plate5,2024-10-25 10:50:39,1445,t25
D4,0.1,RTG,45333,7PPD,Plate5,2024-10-25 10:50:39,1445,t25
D5,1,RTG,45448,7PPD,Plate5,2024-10-25 10:50:39,1445,t25
D6,5,RTG,47541,7PPD,Plate5,2024-10-25 10:50:39,1445,t25
D7,10,RTG,46716,7PPD,Plate5,2024-10-25 10:50:39,1445,t25
D8,20,RTG,42851,7PPD,Plate5,2024-10-25 10:50:39,1445,t25
D9,50,RTG,43036,7PPD,Plate5,2024-10-25 10:50:39,1445,t25
A10,100,RTG,44018,7PPD,Plate6,2024-10-25 10:52:26,1444,t25
A11,200,RTG,42809,7PPD,Plate6,2024-10-25 10:52:26,1444,t25
A12,400,RTG,37626,7PPD,Plate6,2024-10-25 10:52:26,1444,t25
A3,0,RTG,45417,7PPD,Plate6,2024-10-25 10:52:26,1444,t25
A4,0.1,RTG,47778,7PPD,Plate6,2024-10-25 10:52:26,1444,t25
A5,1,RTG,47216,7PPD,Plate6,2024-10-25 10:52:26,1444,t25
A6,5,RTG,46958,7PPD,Plate6,2024-10-25 10:52:26,1444,t25
A7,10,RTG,47073,7PPD,Plate6,2024-10-25 10:52:26,1444,t25
A8,20,RTG,44624,7PPD,Plate6,2024-10-25 10:52:26,1444,t25
A9,50,RTG,44549,7PPD,Plate6,2024-10-25 10:52:26,1444,t25
B10,100,RTG,46407,7PPD,Plate6,2024-10-25 10:52:26,1444,t25
B11,200,RTG,49112,7PPD,Plate6,2024-10-25 10:52:26,1444,t25
B12,400,RTG,39334,7PPD,Plate6,2024-10-25 10:52:26,1444,t25
B3,0,RTG,46868,7PPD,Plate6,2024-10-25 10:52:26,1444,t25
B4,0.1,RTG,47340,7PPD,Plate6,2024-10-25 10:52:26,1444,t25
B5,1,RTG,48825,7PPD,Plate6,2024-10-25 10:52:26,1444,t25
B6,5,RTG,47701,7PPD,Plate6,2024-10-25 10:52:26,1444,t25
B7,10,RTG,47460,7PPD,Plate6,2024-10-25 10:52:26,1444,t25
B8,20,RTG,45912,7PPD,Plate6,2024-10-25 10:52:26,1444,t25
B9,50,RTG,46471,7PPD,Plate6,2024-10-25 10:52:26,1444,t25
C10,100,RTG,43678,7PPD,Plate6,2024-10-25 10:52:26,1444,t25
C11,200,RTG,43331,7PPD,Plate6,2024-10-25 10:52:26,1444,t25
C12,400,RTG,40483,7PPD,Plate6,2024-10-25 10:52:26,1444,t25
C3,0,RTG,45935,7PPD,Plate6,2024-10-25 10:52:26,1444,t25
C4,0.1,RTG,46180,7PPD,Plate6,2024-10-25 10:52:26,1444,t25
C5,1,RTG,43623,7PPD,Plate6,2024-10-25 10:52:26,1444,t25
C6,5,RTG,45008,7PPD,Plate6,2024-10-25 10:52:26,1444,t25
C7,10,RTG,45746,7PPD,Plate6,2024-10-25 10:52:26,1444,t25
C8,20,RTG,44055,7PPD,Plate6,2024-10-25 10:52:26,1444,t25
C9,50,RTG,45733,7PPD,Plate6,2024-10-25 10:52:26,1444,t25
D10,100,RTG,47236,7PPD,Plate6,2024-10-25 10:52:26,1444,t25
D11,200,RTG,46305,7PPD,Plate6,2024-10-25 10:52:26,1444,t25
D12,400,RTG,40737,7PPD,Plate6,2024-10-25 10:52:26,1444,t25
D3,0,RTG,47910,7PPD,Plate6,2024-10-25 10:52:26,1444,t25
D4,0.1,RTG,47698,7PPD,Plate6,2024-10-25 10:52:26,1444,t25
D5,1,RTG,51001,7PPD,Plate6,2024-10-25 10:52:26,1444,t25
D6,5,RTG,45949,7PPD,Plate6,2024-10-25 10:52:26,1444,t25
D7,10,RTG,49436,7PPD,Plate6,2024-10-25 10:52:26,1444,t25
D8,20,RTG,47243,7PPD,Plate6,2024-10-25 10:52:26,1444,t25
D9,50,RTG,48480,7PPD,Plate6,2024-10-25 10:52:26,1444,t25
A10,100,CSE,11209,7PPDQ,Plate1,2024-10-31 11:07:41,1440,
A11,200,CSE,10709,7PPDQ,Plate1,2024-10-31 11:07:41,1440,
A12,400,CSE,9765,7PPDQ,Plate1,2024-10-31 11:07:41,1440,
A3,0,CSE,11214,7PPDQ,Plate1,2024-10-31 11:07:41,1440,
A4,0.1,CSE,11358,7PPDQ,Plate1,2024-10-31 11:07:41,1440,
A5,1,CSE,11481,7PPDQ,Plate1,2024-10-31 11:07:41,1440,
A6,5,CSE,11382,7PPDQ,Plate1,2024-10-31 11:07:41,1440,
A7,10,CSE,10933,7PPDQ,Plate1,2024-10-31 11:07:41,1440,
A8,20,CSE,11408,7PPDQ,Plate1,2024-10-31 11:07:41,1440,
A9,50,CSE,11621,7PPDQ,Plate1,2024-10-31 11:07:41,1440,
B10,100,CSE,9792,7PPDQ,Plate1,2024-10-31 11:07:41,1440,
B11,200,CSE,10776,7PPDQ,Plate1,2024-10-31 11:07:41,1440,
B12,400,CSE,9854,7PPDQ,Plate1,2024-10-31 11:07:41,1440,
B3,0,CSE,10753,7PPDQ,Plate1,2024-10-31 11:07:41,1440,
B4,0.1,CSE,11578,7PPDQ,Plate1,2024-10-31 11:07:41,1440,
B5,1,CSE,10387,7PPDQ,Plate1,2024-10-31 11:07:41,1440,
B6,5,CSE,10417,7PPDQ,Plate1,2024-10-31 11:07:41,1440,
B7,10,CSE,10586,7PPDQ,Plate1,2024-10-31 11:07:41,1440,
B8,20,CSE,11101,7PPDQ,Plate1,2024-10-31 11:07:41,1440,
B9,50,CSE,11139,7PPDQ,Plate1,2024-10-31 11:07:41,1440,
C10,100,CSE,10895,7PPDQ,Plate1,2024-10-31 11:07:41,1440,
C11,200,CSE,10362,7PPDQ,Plate1,2024-10-31 11:07:41,1440,
C12,400,CSE,9651,7PPDQ,Plate1,2024-10-31 11:07:41,1440,
C3,0,CSE,10771,7PPDQ,Plate1,2024-10-31 11:07:41,1440,
C4,0.1,CSE,11104,7PPDQ,Plate1,2024-10-31 11:07:41,1440,
C5,1,CSE,10828,7PPDQ,Plate1,2024-10-31 11:07:41,1440,
C6,5,CSE,10758,7PPDQ,Plate1,2024-10-31 11:07:41,1440,
C7,10,CSE,11193,7PPDQ,Plate1,2024-10-31 11:07:41,1440,
C8,20,CSE,10947,7PPDQ,Plate1,2024-10-31 11:07:41,1440,
C9,50,CSE,10609,7PPDQ,Plate1,2024-10-31 11:07:41,1440,
D10,100,CSE,10692,7PPDQ,Plate1,2024-10-31 11:07:41,1440,
D11,200,CSE,10343,7PPDQ,Plate1,2024-10-31 11:07:41,1440,
D12,400,CSE,9964,7PPDQ,Plate1,2024-10-31 11:07:41,1440,
D3,0,CSE,10803,7PPDQ,Plate1,2024-10-31 11:07:41,1440,
D4,0.1,CSE,10933,7PPDQ,Plate1,2024-10-31 11:07:41,1440,
D5,1,CSE,10482,7PPDQ,Plate1,2024-10-31 11:07:41,1440,
D6,5,CSE,10495,7PPDQ,Plate1,2024-10-31 11:07:41,1440,
D7,10,CSE,10784,7PPDQ,Plate1,2024-10-31 11:07:41,1440,
D8,20,CSE,10968,7PPDQ,Plate1,2024-10-31 11:07:41,1440,
D9,50,CSE,10669,7PPDQ,Plate1,2024-10-31 11:07:41,1440,
E10,100,CHSE,14096,7PPDQ,Plate1,2024-10-31 11:07:41,1440,
E11,200,CHSE,14660,7PPDQ,Plate1,2024-10-31 11:07:41,1440,
E12,400,CHSE,14841,7PPDQ,Plate1,2024-10-31 11:07:41,1440,
E3,0,CHSE,15186,7PPDQ,Plate1,2024-10-31 11:07:41,1440,
E4,0.1,CHSE,15175,7PPDQ,Plate1,2024-10-31 11:07:41,1440,
E5,1,CHSE,14363,7PPDQ,Plate1,2024-10-31 11:07:41,1440,
E6,5,CHSE,14231,7PPDQ,Plate1,2024-10-31 11:07:41,1440,
E7,10,CHSE,13298,7PPDQ,Plate1,2024-10-31 11:07:41,1440,
E8,20,CHSE,14602,7PPDQ,Plate1,2024-10-31 11:07:41,1440,
E9,50,CHSE,14778,7PPDQ,Plate1,2024-10-31 11:07:41,1440,
F10,100,CHSE,12811,7PPDQ,Plate1,2024-10-31 11:07:41,1440,
F11,200,CHSE,13306,7PPDQ,Plate1,2024-10-31 11:07:41,1440,
F12,400,CHSE,13851,7PPDQ,Plate1,2024-10-31 11:07:41,1440,
F3,0,CHSE,13496,7PPDQ,Plate1,2024-10-31 11:07:41,1440,
F4,0.1,CHSE,13106,7PPDQ,Plate1,2024-10-31 11:07:41,1440,
F5,1,CHSE,13657,7PPDQ,Plate1,2024-10-31 11:07:41,1440,
F6,5,CHSE,12899,7PPDQ,Plate1,2024-10-31 11:07:41,1440,
F7,10,CHSE,12912,7PPDQ,Plate1,2024-10-31 11:07:41,1440,
F8,20,CHSE,13432,7PPDQ,Plate1,2024-10-31 11:07:41,1440,
F9,50,CHSE,13156,7PPDQ,Plate1,2024-10-31 11:07:41,1440,
G10,100,CHSE,12684,7PPDQ,Plate1,2024-10-31 11:07:41,1440,
G11,200,CHSE,12616,7PPDQ,Plate1,2024-10-31 11:07:41,1440,
G12,400,CHSE,14007,7PPDQ,Plate1,2024-10-31 11:07:41,1440,
G3,0,CHSE,12769,7PPDQ,Plate1,2024-10-31 11:07:41,1440,
G4,0.1,CHSE,13105,7PPDQ,Plate1,2024-10-31 11:07:41,1440,
G5,1,CHSE,12882,7PPDQ,Plate1,2024-10-31 11:07:41,1440,
G6,5,CHSE,12400,7PPDQ,Plate1,2024-10-31 11:07:41,1440,
G7,10,CHSE,12397,7PPDQ,Plate1,2024-10-31 11:07:41,1440,
G8,20,CHSE,12912,7PPDQ,Plate1,2024-10-31 11:07:41,1440,
G9,50,CHSE,12450,7PPDQ,Plate1,2024-10-31 11:07:41,1440,
H10,100,CHSE,11622,7PPDQ,Plate1,2024-10-31 11:07:41,1440,
H11,200,CHSE,12071,7PPDQ,Plate1,2024-10-31 11:07:41,1440,
H12,400,CHSE,12676,7PPDQ,Plate1,2024-10-31 11:07:41,1440,
H3,0,CHSE,12139,7PPDQ,Plate1,2024-10-31 11:07:41,1440,
H4,0.1,CHSE,12892,7PPDQ,Plate1,2024-10-31 11:07:41,1440,
H5,1,CHSE,11851,7PPDQ,Plate1,2024-10-31 11:07:41,1440,
H6,5,CHSE,11447,7PPDQ,Plate1,2024-10-31 11:07:41,1440,
H7,10,CHSE,10233,7PPDQ,Plate1,2024-10-31 11:07:41,1440,
H8,20,CHSE,12283,7PPDQ,Plate1,2024-10-31 11:07:41,1440,
H9,50,CHSE,12002,7PPDQ,Plate1,2024-10-31 11:07:41,1440,
A10,100,CSE,9901,7PPDQ,Plate2,2024-10-31 11:12:08,1439,
A11,200,CSE,9867,7PPDQ,Plate2,2024-10-31 11:12:08,1439,
A12,400,CSE,9350,7PPDQ,Plate2,2024-10-31 11:12:08,1439,
A3,0,CSE,10416,7PPDQ,Plate2,2024-10-31 11:12:08,1439,
A4,0.1,CSE,10324,7PPDQ,Plate2,2024-10-31 11:12:08,1439,
A5,1,CSE,10282,7PPDQ,Plate2,2024-10-31 11:12:08,1439,
A6,5,CSE,10126,7PPDQ,Plate2,2024-10-31 11:12:08,1439,
A7,10,CSE,10394,7PPDQ,Plate2,2024-10-31 11:12:08,1439,
A8,20,CSE,10796,7PPDQ,Plate2,2024-10-31 11:12:08,1439,
A9,50,CSE,9859,7PPDQ,Plate2,2024-10-31 11:12:08,1439,
B10,100,CSE,9597,7PPDQ,Plate2,2024-10-31 11:12:08,1439,
B11,200,CSE,9039,7PPDQ,Plate2,2024-10-31 11:12:08,1439,
B12,400,CSE,8615,7PPDQ,Plate2,2024-10-31 11:12:08,1439,
B3,0,CSE,9365,7PPDQ,Plate2,2024-10-31 11:12:08,1439,
B4,0.1,CSE,9586,7PPDQ,Plate2,2024-10-31 11:12:08,1439,
B5,1,CSE,9338,7PPDQ,Plate2,2024-10-31 11:12:08,1439,
B6,5,CSE,9566,7PPDQ,Plate2,2024-10-31 11:12:08,1439,
B7,10,CSE,10116,7PPDQ,Plate2,2024-10-31 11:12:08,1439,
B8,20,CSE,10079,7PPDQ,Plate2,2024-10-31 11:12:08,1439,
B9,50,CSE,9364,7PPDQ,Plate2,2024-10-31 11:12:08,1439,
C10,100,CSE,9598,7PPDQ,Plate2,2024-10-31 11:12:08,1439,
C11,200,CSE,9698,7PPDQ,Plate2,2024-10-31 11:12:08,1439,
C12,400,CSE,8199,7PPDQ,Plate2,2024-10-31 11:12:08,1439,
C3,0,CSE,9481,7PPDQ,Plate2,2024-10-31 11:12:08,1439,
C4,0.1,CSE,9414,7PPDQ,Plate2,2024-10-31 11:12:08,1439,
C5,1,CSE,9456,7PPDQ,Plate2,2024-10-31 11:12:08,1439,
C6,5,CSE,9512,7PPDQ,Plate2,2024-10-31 11:12:08,1439,
C7,10,CSE,10007,7PPDQ,Plate2,2024-10-31 11:12:08,1439,
C8,20,CSE,9505,7PPDQ,Plate2,2024-10-31 11:12:08,1439,
C9,50,CSE,9566,7PPDQ,Plate2,2024-10-31 11:12:08,1439,
D10,100,CSE,8535,7PPDQ,Plate2,2024-10-31 11:12:08,1439,
D11,200,CSE,7911,7PPDQ,Plate2,2024-10-31 11:12:08,1439,
D12,400,CSE,7422,7PPDQ,Plate2,2024-10-31 11:12:08,1439,
D3,0,CSE,8864,7PPDQ,Plate2,2024-10-31 11:12:08,1439,
D4,0.1,CSE,9372,7PPDQ,Plate2,2024-10-31 11:12:08,1439,
D5,1,CSE,9166,7PPDQ,Plate2,2024-10-31 11:12:08,1439,
D6,5,CSE,9104,7PPDQ,Plate2,2024-10-31 11:12:08,1439,
D7,10,CSE,9497,7PPDQ,Plate2,2024-10-31 11:12:08,1439,
D8,20,CSE,9286,7PPDQ,Plate2,2024-10-31 11:12:08,1439,
D9,50,CSE,8424,7PPDQ,Plate2,2024-10-31 11:12:08,1439,
E10,100,CHSE,13605,7PPDQ,Plate2,2024-10-31 11:12:08,1439,
E11,200,CHSE,13679,7PPDQ,Plate2,2024-10-31 11:12:08,1439,
E12,400,CHSE,13264,7PPDQ,Plate2,2024-10-31 11:12:08,1439,
E3,0,CHSE,13572,7PPDQ,Plate2,2024-10-31 11:12:08,1439,
E4,0.1,CHSE,13534,7PPDQ,Plate2,2024-10-31 11:12:08,1439,
E5,1,CHSE,13750,7PPDQ,Plate2,2024-10-31 11:12:08,1439,
E6,5,CHSE,13594,7PPDQ,Plate2,2024-10-31 11:12:08,1439,
E7,10,CHSE,13099,7PPDQ,Plate2,2024-10-31 11:12:08,1439,
E8,20,CHSE,14077,7PPDQ,Plate2,2024-10-31 11:12:08,1439,
E9,50,CHSE,13131,7PPDQ,Plate2,2024-10-31 11:12:08,1439,
F10,100,CHSE,12484,7PPDQ,Plate2,2024-10-31 11:12:08,1439,
F11,200,CHSE,13321,7PPDQ,Plate2,2024-10-31 11:12:08,1439,
F12,400,CHSE,12899,7PPDQ,Plate2,2024-10-31 11:12:08,1439,
F3,0,CHSE,13587,7PPDQ,Plate2,2024-10-31 11:12:08,1439,
F4,0.1,CHSE,13070,7PPDQ,Plate2,2024-10-31 11:12:08,1439,
F5,1,CHSE,13209,7PPDQ,Plate2,2024-10-31 11:12:08,1439,
F6,5,CHSE,12436,7PPDQ,Plate2,2024-10-31 11:12:08,1439,
F7,10,CHSE,13099,7PPDQ,Plate2,2024-10-31 11:12:08,1439,
F8,20,CHSE,13649,7PPDQ,Plate2,2024-10-31 11:12:08,1439,
F9,50,CHSE,12883,7PPDQ,Plate2,2024-10-31 11:12:08,1439,
G10,100,CHSE,13084,7PPDQ,Plate2,2024-10-31 11:12:08,1439,
G11,200,CHSE,13268,7PPDQ,Plate2,2024-10-31 11:12:08,1439,
G12,400,CHSE,12825,7PPDQ,Plate2,2024-10-31 11:12:08,1439,
G3,0,CHSE,14094,7PPDQ,Plate2,2024-10-31 11:12:08,1439,
G4,0.1,CHSE,13650,7PPDQ,Plate2,2024-10-31 11:12:08,1439,
G5,1,CHSE,13760,7PPDQ,Plate2,2024-10-31 11:12:08,1439,
G6,5,CHSE,13268,7PPDQ,Plate2,2024-10-31 11:12:08,1439,
G7,10,CHSE,12696,7PPDQ,Plate2,2024-10-31 11:12:08,1439,
G8,20,CHSE,13800,7PPDQ,Plate2,2024-10-31 11:12:08,1439,
G9,50,CHSE,13839,7PPDQ,Plate2,2024-10-31 11:12:08,1439,
H10,100,CHSE,14633,7PPDQ,Plate2,2024-10-31 11:12:08,1439,
H11,200,CHSE,14199,7PPDQ,Plate2,2024-10-31 11:12:08,1439,
H12,400,CHSE,13544,7PPDQ,Plate2,2024-10-31 11:12:08,1439,
H3,0,CHSE,14400,7PPDQ,Plate2,2024-10-31 11:12:08,1439,
H4,0.1,CHSE,14746,7PPDQ,Plate2,2024-10-31 11:12:08,1439,
H5,1,CHSE,14189,7PPDQ,Plate2,2024-10-31 11:12:08,1439,
H6,5,CHSE,14013,7PPDQ,Plate2,2024-10-31 11:12:08,1439,
H7,10,CHSE,13480,7PPDQ,Plate2,2024-10-31 11:12:08,1439,
H8,20,CHSE,15368,7PPDQ,Plate2,2024-10-31 11:12:08,1439,
H9,50,CHSE,14863,7PPDQ,Plate2,2024-10-31 11:12:08,1439,
A10,100,CSE,10275,7PPDQ,Plate3,2024-10-31 11:14:59,1438,
A11,200,CSE,10239,7PPDQ,Plate3,2024-10-31 11:14:59,1438,
A12,400,CSE,9503,7PPDQ,Plate3,2024-10-31 11:14:59,1438,
A3,0,CSE,10752,7PPDQ,Plate3,2024-10-31 11:14:59,1438,
A4,0.1,CSE,11146,7PPDQ,Plate3,2024-10-31 11:14:59,1438,
A5,1,CSE,10274,7PPDQ,Plate3,2024-10-31 11:14:59,1438,
A6,5,CSE,10260,7PPDQ,Plate3,2024-10-31 11:14:59,1438,
A7,10,CSE,10306,7PPDQ,Plate3,2024-10-31 11:14:59,1438,
A8,20,CSE,10903,7PPDQ,Plate3,2024-10-31 11:14:59,1438,
A9,50,CSE,10910,7PPDQ,Plate3,2024-10-31 11:14:59,1438,
B10,100,CSE,9624,7PPDQ,Plate3,2024-10-31 11:14:59,1438,
B11,200,CSE,9330,7PPDQ,Plate3,2024-10-31 11:14:59,1438,
B12,400,CSE,9025,7PPDQ,Plate3,2024-10-31 11:14:59,1438,
B3,0,CSE,10175,7PPDQ,Plate3,2024-10-31 11:14:59,1438,
B4,0.1,CSE,10372,7PPDQ,Plate3,2024-10-31 11:14:59,1438,
B5,1,CSE,10095,7PPDQ,Plate3,2024-10-31 11:14:59,1438,
B6,5,CSE,9944,7PPDQ,Plate3,2024-10-31 11:14:59,1438,
B7,10,CSE,9940,7PPDQ,Plate3,2024-10-31 11:14:59,1438,
B8,20,CSE,10022,7PPDQ,Plate3,2024-10-31 11:14:59,1438,
B9,50,CSE,9679,7PPDQ,Plate3,2024-10-31 11:14:59,1438,
C10,100,CSE,10019,7PPDQ,Plate3,2024-10-31 11:14:59,1438,
C11,200,CSE,9310,7PPDQ,Plate3,2024-10-31 11:14:59,1438,
C12,400,CSE,9295,7PPDQ,Plate3,2024-10-31 11:14:59,1438,
C3,0,CSE,9450,7PPDQ,Plate3,2024-10-31 11:14:59,1438,
C4,0.1,CSE,9632,7PPDQ,Plate3,2024-10-31 11:14:59,1438,
C5,1,CSE,9308,7PPDQ,Plate3,2024-10-31 11:14:59,1438,
C6,5,CSE,9967,7PPDQ,Plate3,2024-10-31 11:14:59,1438,
C7,10,CSE,9987,7PPDQ,Plate3,2024-10-31 11:14:59,1438,
C8,20,CSE,9999,7PPDQ,Plate3,2024-10-31 11:14:59,1438,
C9,50,CSE,9733,7PPDQ,Plate3,2024-10-31 11:14:59,1438,
D10,100,CSE,10084,7PPDQ,Plate3,2024-10-31 11:14:59,1438,
D11,200,CSE,9659,7PPDQ,Plate3,2024-10-31 11:14:59,1438,
D12,400,CSE,8998,7PPDQ,Plate3,2024-10-31 11:14:59,1438,
D3,0,CSE,9838,7PPDQ,Plate3,2024-10-31 11:14:59,1438,
D4,0.1,CSE,9957,7PPDQ,Plate3,2024-10-31 11:14:59,1438,
D5,1,CSE,9657,7PPDQ,Plate3,2024-10-31 11:14:59,1438,
D6,5,CSE,9390,7PPDQ,Plate3,2024-10-31 11:14:59,1438,
D7,10,CSE,9498,7PPDQ,Plate3,2024-10-31 11:14:59,1438,
D8,20,CSE,10106,7PPDQ,Plate3,2024-10-31 11:14:59,1438,
D9,50,CSE,9949,7PPDQ,Plate3,2024-10-31 11:14:59,1438,
E10,100,CHSE,14199,7PPDQ,Plate3,2024-10-31 11:14:59,1438,
E11,200,CHSE,13599,7PPDQ,Plate3,2024-10-31 11:14:59,1438,
E12,400,CHSE,13772,7PPDQ,Plate3,2024-10-31 11:14:59,1438,
E3,0,CHSE,13828,7PPDQ,Plate3,2024-10-31 11:14:59,1438,
E4,0.1,CHSE,13792,7PPDQ,Plate3,2024-10-31 11:14:59,1438,
E5,1,CHSE,13392,7PPDQ,Plate3,2024-10-31 11:14:59,1438,
E6,5,CHSE,12036,7PPDQ,Plate3,2024-10-31 11:14:59,1438,
E7,10,CHSE,12025,7PPDQ,Plate3,2024-10-31 11:14:59,1438,
E8,20,CHSE,14669,7PPDQ,Plate3,2024-10-31 11:14:59,1438,
E9,50,CHSE,14341,7PPDQ,Plate3,2024-10-31 11:14:59,1438,
F10,100,CHSE,13837,7PPDQ,Plate3,2024-10-31 11:14:59,1438,
F11,200,CHSE,13800,7PPDQ,Plate3,2024-10-31 11:14:59,1438,
F12,400,CHSE,14182,7PPDQ,Plate3,2024-10-31 11:14:59,1438,
F3,0,CHSE,13557,7PPDQ,Plate3,2024-10-31 11:14:59,1438,
F4,0.1,CHSE,14024,7PPDQ,Plate3,2024-10-31 11:14:59,1438,
F5,1,CHSE,13556,7PPDQ,Plate3,2024-10-31 11:14:59,1438,
F6,5,CHSE,12813,7PPDQ,Plate3,2024-10-31 11:14:59,1438,
F7,10,CHSE,13491,7PPDQ,Plate3,2024-10-31 11:14:59,1438,
F8,20,CHSE,13922,7PPDQ,Plate3,2024-10-31 11:14:59,1438,
F9,50,CHSE,14226,7PPDQ,Plate3,2024-10-31 11:14:59,1438,
G10,100,CHSE,14104,7PPDQ,Plate3,2024-10-31 11:14:59,1438,
G11,200,CHSE,14256,7PPDQ,Plate3,2024-10-31 11:14:59,1438,
G12,400,CHSE,14624,7PPDQ,Plate3,2024-10-31 11:14:59,1438,
G3,0,CHSE,14646,7PPDQ,Plate3,2024-10-31 11:14:59,1438,
G4,0.1,CHSE,14582,7PPDQ,Plate3,2024-10-31 11:14:59,1438,
G5,1,CHSE,14194,7PPDQ,Plate3,2024-10-31 11:14:59,1438,
G6,5,CHSE,13691,7PPDQ,Plate3,2024-10-31 11:14:59,1438,
G7,10,CHSE,13604,7PPDQ,Plate3,2024-10-31 11:14:59,1438,
G8,20,CHSE,14363,7PPDQ,Plate3,2024-10-31 11:14:59,1438,
G9,50,CHSE,14258,7PPDQ,Plate3,2024-10-31 11:14:59,1438,
H10,100,CHSE,14638,7PPDQ,Plate3,2024-10-31 11:14:59,1438,
H11,200,CHSE,14015,7PPDQ,Plate3,2024-10-31 11:14:59,1438,
H12,400,CHSE,13841,7PPDQ,Plate3,2024-10-31 11:14:59,1438,
H3,0,CHSE,13792,7PPDQ,Plate3,2024-10-31 11:14:59,1438,
H4,0.1,CHSE,13894,7PPDQ,Plate3,2024-10-31 11:14:59,1438,
H5,1,CHSE,14289,7PPDQ,Plate3,2024-10-31 11:14:59,1438,
H6,5,CHSE,13545,7PPDQ,Plate3,2024-10-31 11:14:59,1438,
H7,10,CHSE,13238,7PPDQ,Plate3,2024-10-31 11:14:59,1438,
H8,20,CHSE,14254,7PPDQ,Plate3,2024-10-31 11:14:59,1438,
H9,50,CHSE,13971,7PPDQ,Plate3,2024-10-31 11:14:59,1438,
A10,100,RTG,22012,7PPDQ,Plate4,2024-10-31 11:17:26,1437,
A11,200,RTG,22676,7PPDQ,Plate4,2024-10-31 11:17:26,1437,
A12,400,RTG,19425,7PPDQ,Plate4,2024-10-31 11:17:26,1437,
A3,0,RTG,21369,7PPDQ,Plate4,2024-10-31 11:17:26,1437,
A4,0.1,RTG,21879,7PPDQ,Plate4,2024-10-31 11:17:26,1437,
A5,1,RTG,23752,7PPDQ,Plate4,2024-10-31 11:17:26,1437,
A6,5,RTG,24883,7PPDQ,Plate4,2024-10-31 11:17:26,1437,
A7,10,RTG,22180,7PPDQ,Plate4,2024-10-31 11:17:26,1437,
A8,20,RTG,20689,7PPDQ,Plate4,2024-10-31 11:17:26,1437,
A9,50,RTG,20813,7PPDQ,Plate4,2024-10-31 11:17:26,1437,
B10,100,RTG,21310,7PPDQ,Plate4,2024-10-31 11:17:26,1437,
B11,200,RTG,22516,7PPDQ,Plate4,2024-10-31 11:17:26,1437,
B12,400,RTG,19759,7PPDQ,Plate4,2024-10-31 11:17:26,1437,
B3,0,RTG,21533,7PPDQ,Plate4,2024-10-31 11:17:26,1437,
B4,0.1,RTG,21366,7PPDQ,Plate4,2024-10-31 11:17:26,1437,
B5,1,RTG,22179,7PPDQ,Plate4,2024-10-31 11:17:26,1437,
B6,5,RTG,22507,7PPDQ,Plate4,2024-10-31 11:17:26,1437,
B7,10,RTG,22255,7PPDQ,Plate4,2024-10-31 11:17:26,1437,
B8,20,RTG,22764,7PPDQ,Plate4,2024-10-31 11:17:26,1437,
B9,50,RTG,21752,7PPDQ,Plate4,2024-10-31 11:17:26,1437,
C10,100,RTG,18584,7PPDQ,Plate4,2024-10-31 11:17:26,1437,
C11,200,RTG,21988,7PPDQ,Plate4,2024-10-31 11:17:26,1437,
C12,400,RTG,19030,7PPDQ,Plate4,2024-10-31 11:17:26,1437,
C3,0,RTG,19691,7PPDQ,Plate4,2024-10-31 11:17:26,1437,
C4,0.1,RTG,20345,7PPDQ,Plate4,2024-10-31 11:17:26,1437,
C5,1,RTG,20487,7PPDQ,Plate4,2024-10-31 11:17:26,1437,
C6,5,RTG,19588,7PPDQ,Plate4,2024-10-31 11:17:26,1437,
C7,10,RTG,21458,7PPDQ,Plate4,2024-10-31 11:17:26,1437,
C8,20,RTG,19327,7PPDQ,Plate4,2024-10-31 11:17:26,1437,
C9,50,RTG,21629,7PPDQ,Plate4,2024-10-31 11:17:26,1437,
D10,100,RTG,15933,7PPDQ,Plate4,2024-10-31 11:17:26,1437,
D11,200,RTG,16692,7PPDQ,Plate4,2024-10-31 11:17:26,1437,
D12,400,RTG,16493,7PPDQ,Plate4,2024-10-31 11:17:26,1437,
D3,0,RTG,18197,7PPDQ,Plate4,2024-10-31 11:17:26,1437,
D4,0.1,RTG,18689,7PPDQ,Plate4,2024-10-31 11:17:26,1437,
D5,1,RTG,18093,7PPDQ,Plate4,2024-10-31 11:17:26,1437,
D6,5,RTG,17978,7PPDQ,Plate4,2024-10-31 11:17:26,1437,
D7,10,RTG,17645,7PPDQ,Plate4,2024-10-31 11:17:26,1437,
D8,20,RTG,15242,7PPDQ,Plate4,2024-10-31 11:17:26,1437,
D9,50,RTG,14744,7PPDQ,Plate4,2024-10-31 11:17:26,1437,
A10,100,RTG,25260,7PPDQ,Plate5,2024-10-31 11:20:37,1436,
A11,200,RTG,26254,7PPDQ,Plate5,2024-10-31 11:20:37,1436,
A12,400,RTG,25078,7PPDQ,Plate5,2024-10-31 11:20:37,1436,
A3,0,RTG,22838,7PPDQ,Plate5,2024-10-31 11:20:37,1436,
A4,0.1,RTG,25946,7PPDQ,Plate5,2024-10-31 11:20:37,1436,
A5,1,RTG,25248,7PPDQ,Plate5,2024-10-31 11:20:37,1436,
A6,5,RTG,18243,7PPDQ,Plate5,2024-10-31 11:20:37,1436,
A7,10,RTG,24043,7PPDQ,Plate5,2024-10-31 11:20:37,1436,
A8,20,RTG,24723,7PPDQ,Plate5,2024-10-31 11:20:37,1436,
A9,50,RTG,24550,7PPDQ,Plate5,2024-10-31 11:20:37,1436,
B10,100,RTG,24516,7PPDQ,Plate5,2024-10-31 11:20:37,1436,
B11,200,RTG,24380,7PPDQ,Plate5,2024-10-31 11:20:37,1436,
B12,400,RTG,24222,7PPDQ,Plate5,2024-10-31 11:20:37,1436,
B3,0,RTG,24257,7PPDQ,Plate5,2024-10-31 11:20:37,1436,
B4,0.1,RTG,24667,7PPDQ,Plate5,2024-10-31 11:20:37,1436,
B5,1,RTG,25158,7PPDQ,Plate5,2024-10-31 11:20:37,1436,
B6,5,RTG,24446,7PPDQ,Plate5,2024-10-31 11:20:37,1436,
B7,10,RTG,23613,7PPDQ,Plate5,2024-10-31 11:20:37,1436,
B8,20,RTG,24100,7PPDQ,Plate5,2024-10-31 11:20:37,1436,
B9,50,RTG,24525,7PPDQ,Plate5,2024-10-31 11:20:37,1436,
C10,100,RTG,24936,7PPDQ,Plate5,2024-10-31 11:20:37,1436,
C11,200,RTG,24349,7PPDQ,Plate5,2024-10-31 11:20:37,1436,
C12,400,RTG,23283,7PPDQ,Plate5,2024-10-31 11:20:37,1436,
C3,0,RTG,22493,7PPDQ,Plate5,2024-10-31 11:20:37,1436,
C4,0.1,RTG,23892,7PPDQ,Plate5,2024-10-31 11:20:37,1436,
C5,1,RTG,24331,7PPDQ,Plate5,2024-10-31 11:20:37,1436,
C6,5,RTG,23856,7PPDQ,Plate5,2024-10-31 11:20:37,1436,
C7,10,RTG,23121,7PPDQ,Plate5,2024-10-31 11:20:37,1436,
C8,20,RTG,23122,7PPDQ,Plate5,2024-10-31 11:20:37,1436,
C9,50,RTG,26022,7PPDQ,Plate5,2024-10-31 11:20:37,1436,
D10,100,RTG,24261,7PPDQ,Plate5,2024-10-31 11:20:37,1436,
D11,200,RTG,23075,7PPDQ,Plate5,2024-10-31 11:20:37,1436,
D12,400,RTG,20846,7PPDQ,Plate5,2024-10-31 11:20:37,1436,
D3,0,RTG,24878,7PPDQ,Plate5,2024-10-31 11:20:37,1436,
D4,0.1,RTG,24320,7PPDQ,Plate5,2024-10-31 11:20:37,1436,
D5,1,RTG,25588,7PPDQ,Plate5,2024-10-31 11:20:37,1436,
D6,5,RTG,23678,7PPDQ,Plate5,2024-10-31 11:20:37,1436,
D7,10,RTG,22231,7PPDQ,Plate5,2024-10-31 11:20:37,1436,
D8,20,RTG,23682,7PPDQ,Plate5,2024-10-31 11:20:37,1436,
D9,50,RTG,23950,7PPDQ,Plate5,2024-10-31 11:20:37,1436,
A10,100,RTG,24913,7PPDQ,Plate6,2024-10-31 11:22:57,1435,
A11,200,RTG,25437,7PPDQ,Plate6,2024-10-31 11:22:57,1435,
A12,400,RTG,25457,7PPDQ,Plate6,2024-10-31 11:22:57,1435,
A3,0,RTG,24139,7PPDQ,Plate6,2024-10-31 11:22:57,1435,
A4,0.1,RTG,25332,7PPDQ,Plate6,2024-10-31 11:22:57,1435,
A5,1,RTG,26389,7PPDQ,Plate6,2024-10-31 11:22:57,1435,
A6,5,RTG,25864,7PPDQ,Plate6,2024-10-31 11:22:57,1435,
A7,10,RTG,26560,7PPDQ,Plate6,2024-10-31 11:22:57,1435,
A8,20,RTG,26000,7PPDQ,Plate6,2024-10-31 11:22:57,1435,
A9,50,RTG,25812,7PPDQ,Plate6,2024-10-31 11:22:57,1435,
B10,100,RTG,26038,7PPDQ,Plate6,2024-10-31 11:22:57,1435,
B11,200,RTG,25942,7PPDQ,Plate6,2024-10-31 11:22:57,1435,
B12,400,RTG,26149,7PPDQ,Plate6,2024-10-31 11:22:57,1435,
B3,0,RTG,26199,7PPDQ,Plate6,2024-10-31 11:22:57,1435,
B4,0.1,RTG,27106,7PPDQ,Plate6,2024-10-31 11:22:57,1435,
B5,1,RTG,27170,7PPDQ,Plate6,2024-10-31 11:22:57,1435,
B6,5,RTG,25706,7PPDQ,Plate6,2024-10-31 11:22:57,1435,
B7,10,RTG,25553,7PPDQ,Plate6,2024-10-31 11:22:57,1435,
B8,20,RTG,25087,7PPDQ,Plate6,2024-10-31 11:22:57,1435,
B9,50,RTG,26134,7PPDQ,Plate6,2024-10-31 11:22:57,1435,
C10,100,RTG,25490,7PPDQ,Plate6,2024-10-31 11:22:57,1435,
C11,200,RTG,25102,7PPDQ,Plate6,2024-10-31 11:22:57,1435,
C12,400,RTG,25732,7PPDQ,Plate6,2024-10-31 11:22:57,1435,
C3,0,RTG,25809,7PPDQ,Plate6,2024-10-31 11:22:57,1435,
C4,0.1,RTG,24429,7PPDQ,Plate6,2024-10-31 11:22:57,1435,
C5,1,RTG,24624,7PPDQ,Plate6,2024-10-31 11:22:57,1435,
C6,5,RTG,23797,7PPDQ,Plate6,2024-10-31 11:22:57,1435,
C7,10,RTG,24742,7PPDQ,Plate6,2024-10-31 11:22:57,1435,
C8,20,RTG,24653,7PPDQ,Plate6,2024-10-31 11:22:57,1435,
C9,50,RTG,24607,7PPDQ,Plate6,2024-10-31 11:22:57,1435,
D10,100,RTG,24905,7PPDQ,Plate6,2024-10-31 11:22:57,1435,
D11,200,RTG,25978,7PPDQ,Plate6,2024-10-31 11:22:57,1435,
D12,400,RTG,24345,7PPDQ,Plate6,2024-10-31 11:22:57,1435,
D3,0,RTG,25072,7PPDQ,Plate6,2024-10-31 11:22:57,1435,
D4,0.1,RTG,26276,7PPDQ,Plate6,2024-10-31 11:22:57,1435,
D5,1,RTG,26586,7PPDQ,Plate6,2024-10-31 11:22:57,1435,
D6,5,RTG,26312,7PPDQ,Plate6,2024-10-31 11:22:57,1435,
D7,10,RTG,25143,7PPDQ,Plate6,2024-10-31 11:22:57,1435,
D8,20,RTG,25333,7PPDQ,Plate6,2024-10-31 11:22:57,1435,
D9,50,RTG,26200,7PPDQ,Plate6,2024-10-31 11:22:57,1435,
A10,50,CSE,12297,CCPD,Plate1,2025-01-16 11:14:44,1457,
A11,100,CSE,12276,CCPD,Plate1,2025-01-16 11:14:44,1457,
A12,200,CSE,10830,CCPD,Plate1,2025-01-16 11:14:44,1457,
A3,0,CSE,12841,CCPD,Plate1,2025-01-16 11:14:44,1457,
A4,0.1,CSE,13335,CCPD,Plate1,2025-01-16 11:14:44,1457,
A5,0.5,CSE,13599,CCPD,Plate1,2025-01-16 11:14:44,1457,
A6,1,CSE,13689,CCPD,Plate1,2025-01-16 11:14:44,1457,
A7,5,CSE,12722,CCPD,Plate1,2025-01-16 11:14:44,1457,
A8,10,CSE,12951,CCPD,Plate1,2025-01-16 11:14:44,1457,
A9,20,CSE,13510,CCPD,Plate1,2025-01-16 11:14:44,1457,
B10,50,CSE,10893,CCPD,Plate1,2025-01-16 11:14:44,1457,
B11,100,CSE,11481,CCPD,Plate1,2025-01-16 11:14:44,1457,
B12,200,CSE,11572,CCPD,Plate1,2025-01-16 11:14:44,1457,
B3,0,CSE,11967,CCPD,Plate1,2025-01-16 11:14:44,1457,
B4,0.1,CSE,11580,CCPD,Plate1,2025-01-16 11:14:44,1457,
B5,0.5,CSE,12031,CCPD,Plate1,2025-01-16 11:14:44,1457,
B6,1,CSE,11692,CCPD,Plate1,2025-01-16 11:14:44,1457,
B7,5,CSE,11224,CCPD,Plate1,2025-01-16 11:14:44,1457,
B8,10,CSE,11043,CCPD,Plate1,2025-01-16 11:14:44,1457,
B9,20,CSE,11427,CCPD,Plate1,2025-01-16 11:14:44,1457,
C10,50,CSE,10740,CCPD,Plate1,2025-01-16 11:14:44,1457,
C11,100,CSE,11980,CCPD,Plate1,2025-01-16 11:14:44,1457,
C12,200,CSE,10034,CCPD,Plate1,2025-01-16 11:14:44,1457,
C3,0,CSE,12340,CCPD,Plate1,2025-01-16 11:14:44,1457,
C4,0.1,CSE,11973,CCPD,Plate1,2025-01-16 11:14:44,1457,
C5,0.5,CSE,11482,CCPD,Plate1,2025-01-16 11:14:44,1457,
C6,1,CSE,11550,CCPD,Plate1,2025-01-16 11:14:44,1457,
C7,5,CSE,11392,CCPD,Plate1,2025-01-16 11:14:44,1457,
C8,10,CSE,11138,CCPD,Plate1,2025-01-16 11:14:44,1457,
C9,20,CSE,11710,CCPD,Plate1,2025-01-16 11:14:44,1457,
D10,50,CSE,9522,CCPD,Plate1,2025-01-16 11:14:44,1457,
D11,100,CSE,10796,CCPD,Plate1,2025-01-16 11:14:44,1457,
D12,200,CSE,9874,CCPD,Plate1,2025-01-16 11:14:44,1457,
D3,0,CSE,9441,CCPD,Plate1,2025-01-16 11:14:44,1457,
D4,0.1,CSE,11040,CCPD,Plate1,2025-01-16 11:14:44,1457,
D5,0.5,CSE,10928,CCPD,Plate1,2025-01-16 11:14:44,1457,
D6,1,CSE,11575,CCPD,Plate1,2025-01-16 11:14:44,1457,
D7,5,CSE,10775,CCPD,Plate1,2025-01-16 11:14:44,1457,
D8,10,CSE,10178,CCPD,Plate1,2025-01-16 11:14:44,1457,
D9,20,CSE,10882,CCPD,Plate1,2025-01-16 11:14:44,1457,
E10,50,CHSE,18459,CCPD,Plate1,2025-01-16 11:14:44,1457,
E11,100,CHSE,19340,CCPD,Plate1,2025-01-16 11:14:44,1457,
E12,200,CHSE,19414,CCPD,Plate1,2025-01-16 11:14:44,1457,
E3,0,CHSE,18558,CCPD,Plate1,2025-01-16 11:14:44,1457,
E4,0.1,CHSE,19539,CCPD,Plate1,2025-01-16 11:14:44,1457,
E5,0.5,CHSE,19366,CCPD,Plate1,2025-01-16 11:14:44,1457,
E6,1,CHSE,19001,CCPD,Plate1,2025-01-16 11:14:44,1457,
E7,5,CHSE,19821,CCPD,Plate1,2025-01-16 11:14:44,1457,
E8,10,CHSE,18936,CCPD,Plate1,2025-01-16 11:14:44,1457,
E9,20,CHSE,18752,CCPD,Plate1,2025-01-16 11:14:44,1457,
F10,50,CHSE,18585,CCPD,Plate1,2025-01-16 11:14:44,1457,
F11,100,CHSE,18901,CCPD,Plate1,2025-01-16 11:14:44,1457,
F12,200,CHSE,19556,CCPD,Plate1,2025-01-16 11:14:44,1457,
F3,0,CHSE,19244,CCPD,Plate1,2025-01-16 11:14:44,1457,
F4,0.1,CHSE,19900,CCPD,Plate1,2025-01-16 11:14:44,1457,
F5,0.5,CHSE,18904,CCPD,Plate1,2025-01-16 11:14:44,1457,
F6,1,CHSE,19366,CCPD,Plate1,2025-01-16 11:14:44,1457,
F7,5,CHSE,19755,CCPD,Plate1,2025-01-16 11:14:44,1457,
F8,10,CHSE,19537,CCPD,Plate1,2025-01-16 11:14:44,1457,
F9,20,CHSE,19313,CCPD,Plate1,2025-01-16 11:14:44,1457,
G10,50,CHSE,18808,CCPD,Plate1,2025-01-16 11:14:44,1457,
G11,100,CHSE,19316,CCPD,Plate1,2025-01-16 11:14:44,1457,
G12,200,CHSE,19215,CCPD,Plate1,2025-01-16 11:14:44,1457,
G3,0,CHSE,18788,CCPD,Plate1,2025-01-16 11:14:44,1457,
G4,0.1,CHSE,19531,CCPD,Plate1,2025-01-16 11:14:44,1457,
G5,0.5,CHSE,19912,CCPD,Plate1,2025-01-16 11:14:44,1457,
G6,1,CHSE,19322,CCPD,Plate1,2025-01-16 11:14:44,1457,
G7,5,CHSE,19460,CCPD,Plate1,2025-01-16 11:14:44,1457,
G8,10,CHSE,19245,CCPD,Plate1,2025-01-16 11:14:44,1457,
G9,20,CHSE,19399,CCPD,Plate1,2025-01-16 11:14:44,1457,
H10,50,CHSE,19762,CCPD,Plate1,2025-01-16 11:14:44,1457,
H11,100,CHSE,20187,CCPD,Plate1,2025-01-16 11:14:44,1457,
H12,200,CHSE,19796,CCPD,Plate1,2025-01-16 11:14:44,1457,
H3,0,CHSE,19596,CCPD,Plate1,2025-01-16 11:14:44,1457,
H4,0.1,CHSE,19149,CCPD,Plate1,2025-01-16 11:14:44,1457,
H5,0.5,CHSE,20394,CCPD,Plate1,2025-01-16 11:14:44,1457,
H6,1,CHSE,20243,CCPD,Plate1,2025-01-16 11:14:44,1457,
H7,5,CHSE,19945,CCPD,Plate1,2025-01-16 11:14:44,1457,
H8,10,CHSE,20224,CCPD,Plate1,2025-01-16 11:14:44,1457,
H9,20,CHSE,19517,CCPD,Plate1,2025-01-16 11:14:44,1457,
A10,50,CSE,13047,CCPD,Plate2,2025-01-16 11:17:05,1456,
A11,100,CSE,12466,CCPD,Plate2,2025-01-16 11:17:05,1456,
A12,200,CSE,12566,CCPD,Plate2,2025-01-16 11:17:05,1456,
A3,0,CSE,14062,CCPD,Plate2,2025-01-16 11:17:05,1456,
A4,0.1,CSE,13690,CCPD,Plate2,2025-01-16 11:17:05,1456,
A5,0.5,CSE,13659,CCPD,Plate2,2025-01-16 11:17:05,1456,
A6,1,CSE,14639,CCPD,Plate2,2025-01-16 11:17:05,1456,
A7,5,CSE,13877,CCPD,Plate2,2025-01-16 11:17:05,1456,
A8,10,CSE,13486,CCPD,Plate2,2025-01-16 11:17:05,1456,
A9,20,CSE,13718,CCPD,Plate2,2025-01-16 11:17:05,1456,
B10,50,CSE,12026,CCPD,Plate2,2025-01-16 11:17:05,1456,
B11,100,CSE,12744,CCPD,Plate2,2025-01-16 11:17:05,1456,
B12,200,CSE,12878,CCPD,Plate2,2025-01-16 11:17:05,1456,
B3,0,CSE,12985,CCPD,Plate2,2025-01-16 11:17:05,1456,
B4,0.1,CSE,12519,CCPD,Plate2,2025-01-16 11:17:05,1456,
B5,0.5,CSE,13121,CCPD,Plate2,2025-01-16 11:17:05,1456,
B6,1,CSE,13296,CCPD,Plate2,2025-01-16 11:17:05,1456,
B7,5,CSE,13272,CCPD,Plate2,2025-01-16 11:17:05,1456,
B8,10,CSE,12850,CCPD,Plate2,2025-01-16 11:17:05,1456,
B9,20,CSE,12452,CCPD,Plate2,2025-01-16 11:17:05,1456,
C10,50,CSE,11563,CCPD,Plate2,2025-01-16 11:17:05,1456,
C11,100,CSE,12020,CCPD,Plate2,2025-01-16 11:17:05,1456,
C12,200,CSE,12202,CCPD,Plate2,2025-01-16 11:17:05,1456,
C3,0,CSE,13155,CCPD,Plate2,2025-01-16 11:17:05,1456,
C4,0.1,CSE,13546,CCPD,Plate2,2025-01-16 11:17:05,1456,
C5,0.5,CSE,13394,CCPD,Plate2,2025-01-16 11:17:05,1456,
C6,1,CSE,13065,CCPD,Plate2,2025-01-16 11:17:05,1456,
C7,5,CSE,12865,CCPD,Plate2,2025-01-16 11:17:05,1456,
C8,10,CSE,12460,CCPD,Plate2,2025-01-16 11:17:05,1456,
C9,20,CSE,12101,CCPD,Plate2,2025-01-16 11:17:05,1456,
D10,50,CSE,11884,CCPD,Plate2,2025-01-16 11:17:05,1456,
D11,100,CSE,11711,CCPD,Plate2,2025-01-16 11:17:05,1456,
D12,200,CSE,12406,CCPD,Plate2,2025-01-16 11:17:05,1456,
D3,0,CSE,11986,CCPD,Plate2,2025-01-16 11:17:05,1456,
D4,0.1,CSE,12430,CCPD,Plate2,2025-01-16 11:17:05,1456,
D5,0.5,CSE,12638,CCPD,Plate2,2025-01-16 11:17:05,1456,
D6,1,CSE,13301,CCPD,Plate2,2025-01-16 11:17:05,1456,
D7,5,CSE,13215,CCPD,Plate2,2025-01-16 11:17:05,1456,
D8,10,CSE,11800,CCPD,Plate2,2025-01-16 11:17:05,1456,
D9,20,CSE,12518,CCPD,Plate2,2025-01-16 11:17:05,1456,
E10,50,CHSE,18434,CCPD,Plate2,2025-01-16 11:17:05,1456,
E11,100,CHSE,18600,CCPD,Plate2,2025-01-16 11:17:05,1456,
E12,200,CHSE,18411,CCPD,Plate2,2025-01-16 11:17:05,1456,
E3,0,CHSE,19177,CCPD,Plate2,2025-01-16 11:17:05,1456,
E4,0.1,CHSE,19151,CCPD,Plate2,2025-01-16 11:17:05,1456,
E5,0.5,CHSE,19556,CCPD,Plate2,2025-01-16 11:17:05,1456,
E6,1,CHSE,20054,CCPD,Plate2,2025-01-16 11:17:05,1456,
E7,5,CHSE,19695,CCPD,Plate2,2025-01-16 11:17:05,1456,
E8,10,CHSE,19916,CCPD,Plate2,2025-01-16 11:17:05,1456,
E9,20,CHSE,19496,CCPD,Plate2,2025-01-16 11:17:05,1456,
F10,50,CHSE,18161,CCPD,Plate2,2025-01-16 11:17:05,1456,
F11,100,CHSE,18016,CCPD,Plate2,2025-01-16 11:17:05,1456,
F12,200,CHSE,18901,CCPD,Plate2,2025-01-16 11:17:05,1456,
F3,0,CHSE,18874,CCPD,Plate2,2025-01-16 11:17:05,1456,
F4,0.1,CHSE,18773,CCPD,Plate2,2025-01-16 11:17:05,1456,
F5,0.5,CHSE,19461,CCPD,Plate2,2025-01-16 11:17:05,1456,
F6,1,CHSE,19765,CCPD,Plate2,2025-01-16 11:17:05,1456,
F7,5,CHSE,18374,CCPD,Plate2,2025-01-16 11:17:05,1456,
F8,10,CHSE,18230,CCPD,Plate2,2025-01-16 11:17:05,1456,
F9,20,CHSE,18419,CCPD,Plate2,2025-01-16 11:17:05,1456,
G10,50,CHSE,18178,CCPD,Plate2,2025-01-16 11:17:05,1456,
G11,100,CHSE,18465,CCPD,Plate2,2025-01-16 11:17:05,1456,
G12,200,CHSE,18551,CCPD,Plate2,2025-01-16 11:17:05,1456,
G3,0,CHSE,19368,CCPD,Plate2,2025-01-16 11:17:05,1456,
G4,0.1,CHSE,18806,CCPD,Plate2,2025-01-16 11:17:05,1456,
G5,0.5,CHSE,19666,CCPD,Plate2,2025-01-16 11:17:05,1456,
G6,1,CHSE,19007,CCPD,Plate2,2025-01-16 11:17:05,1456,
G7,5,CHSE,19463,CCPD,Plate2,2025-01-16 11:17:05,1456,
G8,10,CHSE,19342,CCPD,Plate2,2025-01-16 11:17:05,1456,
G9,20,CHSE,18952,CCPD,Plate2,2025-01-16 11:17:05,1456,
H10,50,CHSE,19234,CCPD,Plate2,2025-01-16 11:17:05,1456,
H11,100,CHSE,18157,CCPD,Plate2,2025-01-16 11:17:05,1456,
H12,200,CHSE,19964,CCPD,Plate2,2025-01-16 11:17:05,1456,
H3,0,CHSE,19344,CCPD,Plate2,2025-01-16 11:17:05,1456,
H4,0.1,CHSE,20180,CCPD,Plate2,2025-01-16 11:17:05,1456,
H5,0.5,CHSE,19819,CCPD,Plate2,2025-01-16 11:17:05,1456,
H6,1,CHSE,18989,CCPD,Plate2,2025-01-16 11:17:05,1456,
H7,5,CHSE,19368,CCPD,Plate2,2025-01-16 11:17:05,1456,
H8,10,CHSE,19527,CCPD,Plate2,2025-01-16 11:17:05,1456,
H9,20,CHSE,19603,CCPD,Plate2,2025-01-16 11:17:05,1456,
A10,50,CSE,13459,CCPD,Plate3,2025-01-16 11:18:57,1456,
A11,100,CSE,13551,CCPD,Plate3,2025-01-16 11:18:57,1456,
A12,200,CSE,12776,CCPD,Plate3,2025-01-16 11:18:57,1456,
A3,0,CSE,13882,CCPD,Plate3,2025-01-16 11:18:57,1456,
A4,0.1,CSE,13956,CCPD,Plate3,2025-01-16 11:18:57,1456,
A5,0.5,CSE,13984,CCPD,Plate3,2025-01-16 11:18:57,1456,
A6,1,CSE,13971,CCPD,Plate3,2025-01-16 11:18:57,1456,
A7,5,CSE,14312,CCPD,Plate3,2025-01-16 11:18:57,1456,
A8,10,CSE,13737,CCPD,Plate3,2025-01-16 11:18:57,1456,
A9,20,CSE,12808,CCPD,Plate3,2025-01-16 11:18:57,1456,
B10,50,CSE,13573,CCPD,Plate3,2025-01-16 11:18:57,1456,
B11,100,CSE,13094,CCPD,Plate3,2025-01-16 11:18:57,1456,
B12,200,CSE,13494,CCPD,Plate3,2025-01-16 11:18:57,1456,
B3,0,CSE,14175,CCPD,Plate3,2025-01-16 11:18:57,1456,
B4,0.1,CSE,14135,CCPD,Plate3,2025-01-16 11:18:57,1456,
B5,0.5,CSE,14268,CCPD,Plate3,2025-01-16 11:18:57,1456,
B6,1,CSE,13627,CCPD,Plate3,2025-01-16 11:18:57,1456,
B7,5,CSE,13812,CCPD,Plate3,2025-01-16 11:18:57,1456,
B8,10,CSE,13759,CCPD,Plate3,2025-01-16 11:18:57,1456,
B9,20,CSE,12895,CCPD,Plate3,2025-01-16 11:18:57,1456,
C10,50,CSE,12276,CCPD,Plate3,2025-01-16 11:18:57,1456,
C11,100,CSE,12552,CCPD,Plate3,2025-01-16 11:18:57,1456,
C12,200,CSE,13014,CCPD,Plate3,2025-01-16 11:18:57,1456,
C3,0,CSE,13285,CCPD,Plate3,2025-01-16 11:18:57,1456,
C4,0.1,CSE,13414,CCPD,Plate3,2025-01-16 11:18:57,1456,
C5,0.5,CSE,12893,CCPD,Plate3,2025-01-16 11:18:57,1456,
C6,1,CSE,13367,CCPD,Plate3,2025-01-16 11:18:57,1456,
C7,5,CSE,13367,CCPD,Plate3,2025-01-16 11:18:57,1456,
C8,10,CSE,13089,CCPD,Plate3,2025-01-16 11:18:57,1456,
C9,20,CSE,12940,CCPD,Plate3,2025-01-16 11:18:57,1456,
D10,50,CSE,12667,CCPD,Plate3,2025-01-16 11:18:57,1456,
D11,100,CSE,13006,CCPD,Plate3,2025-01-16 11:18:57,1456,
D12,200,CSE,13137,CCPD,Plate3,2025-01-16 11:18:57,1456,
D3,0,CSE,13300,CCPD,Plate3,2025-01-16 11:18:57,1456,
D4,0.1,CSE,11162,CCPD,Plate3,2025-01-16 11:18:57,1456,
D5,0.5,CSE,13827,CCPD,Plate3,2025-01-16 11:18:57,1456,
D6,1,CSE,14030,CCPD,Plate3,2025-01-16 11:18:57,1456,
D7,5,CSE,13536,CCPD,Plate3,2025-01-16 11:18:57,1456,
D8,10,CSE,13892,CCPD,Plate3,2025-01-16 11:18:57,1456,
D9,20,CSE,12711,CCPD,Plate3,2025-01-16 11:18:57,1456,
E10,50,CHSE,18353,CCPD,Plate3,2025-01-16 11:18:57,1456,
E11,100,CHSE,18723,CCPD,Plate3,2025-01-16 11:18:57,1456,
E12,200,CHSE,18540,CCPD,Plate3,2025-01-16 11:18:57,1456,
E3,0,CHSE,18858,CCPD,Plate3,2025-01-16 11:18:57,1456,
E4,0.1,CHSE,20117,CCPD,Plate3,2025-01-16 11:18:57,1456,
E5,0.5,CHSE,19715,CCPD,Plate3,2025-01-16 11:18:57,1456,
E6,1,CHSE,18685,CCPD,Plate3,2025-01-16 11:18:57,1456,
E7,5,CHSE,19157,CCPD,Plate3,2025-01-16 11:18:57,1456,
E8,10,CHSE,19392,CCPD,Plate3,2025-01-16 11:18:57,1456,
E9,20,CHSE,19365,CCPD,Plate3,2025-01-16 11:18:57,1456,
F10,50,CHSE,18886,CCPD,Plate3,2025-01-16 11:18:57,1456,
F11,100,CHSE,19272,CCPD,Plate3,2025-01-16 11:18:57,1456,
F12,200,CHSE,18912,CCPD,Plate3,2025-01-16 11:18:57,1456,
F3,0,CHSE,19107,CCPD,Plate3,2025-01-16 11:18:57,1456,
F4,0.1,CHSE,19416,CCPD,Plate3,2025-01-16 11:18:57,1456,
F5,0.5,CHSE,20204,CCPD,Plate3,2025-01-16 11:18:57,1456,
F6,1,CHSE,20148,CCPD,Plate3,2025-01-16 11:18:57,1456,
F7,5,CHSE,19541,CCPD,Plate3,2025-01-16 11:18:57,1456,
F8,10,CHSE,19623,CCPD,Plate3,2025-01-16 11:18:57,1456,
F9,20,CHSE,19181,CCPD,Plate3,2025-01-16 11:18:57,1456,
G10,50,CHSE,17794,CCPD,Plate3,2025-01-16 11:18:57,1456,
G11,100,CHSE,17791,CCPD,Plate3,2025-01-16 11:18:57,1456,
G12,200,CHSE,16932,CCPD,Plate3,2025-01-16 11:18:57,1456,
G3,0,CHSE,17183,CCPD,Plate3,2025-01-16 11:18:57,1456,
G4,0.1,CHSE,18673,CCPD,Plate3,2025-01-16 11:18:57,1456,
G5,0.5,CHSE,18713,CCPD,Plate3,2025-01-16 11:18:57,1456,
G6,1,CHSE,18629,CCPD,Plate3,2025-01-16 11:18:57,1456,
G7,5,CHSE,18018,CCPD,Plate3,2025-01-16 11:18:57,1456,
G8,10,CHSE,17729,CCPD,Plate3,2025-01-16 11:18:57,1456,
G9,20,CHSE,17419,CCPD,Plate3,2025-01-16 11:18:57,1456,
H10,50,CHSE,16670,CCPD,Plate3,2025-01-16 11:18:57,1456,
H11,100,CHSE,17875,CCPD,Plate3,2025-01-16 11:18:57,1456,
H12,200,CHSE,13885,CCPD,Plate3,2025-01-16 11:18:57,1456,
H3,0,CHSE,18053,CCPD,Plate3,2025-01-16 11:18:57,1456,
H4,0.1,CHSE,16902,CCPD,Plate3,2025-01-16 11:18:57,1456,
H5,0.5,CHSE,17542,CCPD,Plate3,2025-01-16 11:18:57,1456,
H6,1,CHSE,17520,CCPD,Plate3,2025-01-16 11:18:57,1456,
H7,5,CHSE,17574,CCPD,Plate3,2025-01-16 11:18:57,1456,
H8,10,CHSE,17648,CCPD,Plate3,2025-01-16 11:18:57,1456,
H9,20,CHSE,17070,CCPD,Plate3,2025-01-16 11:18:57,1456,
A10,50,RTG,24646,CCPD,Plate4,2025-01-16 11:20:33,1448,
A11,100,RTG,22792,CCPD,Plate4,2025-01-16 11:20:33,1448,
A12,200,RTG,20576,CCPD,Plate4,2025-01-16 11:20:33,1448,
A3,0,RTG,26763,CCPD,Plate4,2025-01-16 11:20:33,1448,
A4,0.1,RTG,25676,CCPD,Plate4,2025-01-16 11:20:33,1448,
A5,0.5,RTG,26184,CCPD,Plate4,2025-01-16 11:20:33,1448,
A6,1,RTG,23488,CCPD,Plate4,2025-01-16 11:20:33,1448,
A7,5,RTG,24864,CCPD,Plate4,2025-01-16 11:20:33,1448,
A8,10,RTG,24382,CCPD,Plate4,2025-01-16 11:20:33,1448,
A9,20,RTG,22170,CCPD,Plate4,2025-01-16 11:20:33,1448,
B10,50,RTG,23588,CCPD,Plate4,2025-01-16 11:20:33,1448,
B11,100,RTG,21870,CCPD,Plate4,2025-01-16 11:20:33,1448,
B12,200,RTG,20200,CCPD,Plate4,2025-01-16 11:20:33,1448,
B3,0,RTG,24026,CCPD,Plate4,2025-01-16 11:20:33,1448,
B4,0.1,RTG,24039,CCPD,Plate4,2025-01-16 11:20:33,1448,
B5,0.5,RTG,24597,CCPD,Plate4,2025-01-16 11:20:33,1448,
B6,1,RTG,22368,CCPD,Plate4,2025-01-16 11:20:33,1448,
B7,5,RTG,24308,CCPD,Plate4,2025-01-16 11:20:33,1448,
B8,10,RTG,23091,CCPD,Plate4,2025-01-16 11:20:33,1448,
B9,20,RTG,23555,CCPD,Plate4,2025-01-16 11:20:33,1448,
C10,50,RTG,24019,CCPD,Plate4,2025-01-16 11:20:33,1448,
C11,100,RTG,22744,CCPD,Plate4,2025-01-16 11:20:33,1448,
C12,200,RTG,21435,CCPD,Plate4,2025-01-16 11:20:33,1448,
C3,0,RTG,24533,CCPD,Plate4,2025-01-16 11:20:33,1448,
C4,0.1,RTG,24084,CCPD,Plate4,2025-01-16 11:20:33,1448,
C5,0.5,RTG,22496,CCPD,Plate4,2025-01-16 11:20:33,1448,
C6,1,RTG,22721,CCPD,Plate4,2025-01-16 11:20:33,1448,
C7,5,RTG,23132,CCPD,Plate4,2025-01-16 11:20:33,1448,
C8,10,RTG,24416,CCPD,Plate4,2025-01-16 11:20:33,1448,
C9,20,RTG,23968,CCPD,Plate4,2025-01-16 11:20:33,1448,
D10,50,RTG,21689,CCPD,Plate4,2025-01-16 11:20:33,1448,
D11,100,RTG,20614,CCPD,Plate4,2025-01-16 11:20:33,1448,
D12,200,RTG,18520,CCPD,Plate4,2025-01-16 11:20:33,1448,
D3,0,RTG,21258,CCPD,Plate4,2025-01-16 11:20:33,1448,
D4,0.1,RTG,21546,CCPD,Plate4,2025-01-16 11:20:33,1448,
D5,0.5,RTG,26256,CCPD,Plate4,2025-01-16 11:20:33,1448,
D6,1,RTG,20704,CCPD,Plate4,2025-01-16 11:20:33,1448,
D7,5,RTG,20560,CCPD,Plate4,2025-01-16 11:20:33,1448,
D8,10,RTG,22080,CCPD,Plate4,2025-01-16 11:20:33,1448,
D9,20,RTG,19771,CCPD,Plate4,2025-01-16 11:20:33,1448,
A10,50,RTG,25938,CCPD,Plate5,2025-01-16 11:22:42,1453,
A11,100,RTG,26489,CCPD,Plate5,2025-01-16 11:22:42,1453,
A12,200,RTG,24030,CCPD,Plate5,2025-01-16 11:22:42,1453,
A3,0,RTG,26052,CCPD,Plate5,2025-01-16 11:22:42,1453,
A4,0.1,RTG,26810,CCPD,Plate5,2025-01-16 11:22:42,1453,
A5,0.5,RTG,26674,CCPD,Plate5,2025-01-16 11:22:42,1453,
A6,1,RTG,25975,CCPD,Plate5,2025-01-16 11:22:42,1453,
A7,5,RTG,26648,CCPD,Plate5,2025-01-16 11:22:42,1453,
A8,10,RTG,25386,CCPD,Plate5,2025-01-16 11:22:42,1453,
A9,20,RTG,26288,CCPD,Plate5,2025-01-16 11:22:42,1453,
B10,50,RTG,25820,CCPD,Plate5,2025-01-16 11:22:42,1453,
B11,100,RTG,24788,CCPD,Plate5,2025-01-16 11:22:42,1453,
B12,200,RTG,24642,CCPD,Plate5,2025-01-16 11:22:42,1453,
B3,0,RTG,25292,CCPD,Plate5,2025-01-16 11:22:42,1453,
B4,0.1,RTG,26395,CCPD,Plate5,2025-01-16 11:22:42,1453,
B5,0.5,RTG,26125,CCPD,Plate5,2025-01-16 11:22:42,1453,
B6,1,RTG,24578,CCPD,Plate5,2025-01-16 11:22:42,1453,
B7,5,RTG,25868,CCPD,Plate5,2025-01-16 11:22:42,1453,
B8,10,RTG,25472,CCPD,Plate5,2025-01-16 11:22:42,1453,
B9,20,RTG,25741,CCPD,Plate5,2025-01-16 11:22:42,1453,
C10,50,RTG,25807,CCPD,Plate5,2025-01-16 11:22:42,1453,
C11,100,RTG,24559,CCPD,Plate5,2025-01-16 11:22:42,1453,
C12,200,RTG,22455,CCPD,Plate5,2025-01-16 11:22:42,1453,
C3,0,RTG,26503,CCPD,Plate5,2025-01-16 11:22:42,1453,
C4,0.1,RTG,24573,CCPD,Plate5,2025-01-16 11:22:42,1453,
C5,0.5,RTG,25037,CCPD,Plate5,2025-01-16 11:22:42,1453,
C6,1,RTG,25182,CCPD,Plate5,2025-01-16 11:22:42,1453,
C7,5,RTG,24865,CCPD,Plate5,2025-01-16 11:22:42,1453,
C8,10,RTG,25020,CCPD,Plate5,2025-01-16 11:22:42,1453,
C9,20,RTG,25385,CCPD,Plate5,2025-01-16 11:22:42,1453,
D10,50,RTG,27077,CCPD,Plate5,2025-01-16 11:22:42,1453,
D11,100,RTG,26037,CCPD,Plate5,2025-01-16 11:22:42,1453,
D12,200,RTG,23932,CCPD,Plate5,2025-01-16 11:22:42,1453,
D3,0,RTG,27394,CCPD,Plate5,2025-01-16 11:22:42,1453,
D4,0.1,RTG,26620,CCPD,Plate5,2025-01-16 11:22:42,1453,
D5,0.5,RTG,26696,CCPD,Plate5,2025-01-16 11:22:42,1453,
D6,1,RTG,25179,CCPD,Plate5,2025-01-16 11:22:42,1453,
D7,5,RTG,25558,CCPD,Plate5,2025-01-16 11:22:42,1453,
D8,10,RTG,26296,CCPD,Plate5,2025-01-16 11:22:42,1453,
D9,20,RTG,27230,CCPD,Plate5,2025-01-16 11:22:42,1453,
A10,50,RTG,26778,CCPD,Plate6,2025-01-16 11:24:13,1449,
A11,100,RTG,26038,CCPD,Plate6,2025-01-16 11:24:13,1449,
A12,200,RTG,24323,CCPD,Plate6,2025-01-16 11:24:13,1449,
A3,0,RTG,27542,CCPD,Plate6,2025-01-16 11:24:13,1449,
A4,0.1,RTG,28029,CCPD,Plate6,2025-01-16 11:24:13,1449,
A5,0.5,RTG,28523,CCPD,Plate6,2025-01-16 11:24:13,1449,
A6,1,RTG,27225,CCPD,Plate6,2025-01-16 11:24:13,1449,
A7,5,RTG,27277,CCPD,Plate6,2025-01-16 11:24:13,1449,
A8,10,RTG,27219,CCPD,Plate6,2025-01-16 11:24:13,1449,
A9,20,RTG,27617,CCPD,Plate6,2025-01-16 11:24:13,1449,
B10,50,RTG,25752,CCPD,Plate6,2025-01-16 11:24:13,1449,
B11,100,RTG,26372,CCPD,Plate6,2025-01-16 11:24:13,1449,
B12,200,RTG,26137,CCPD,Plate6,2025-01-16 11:24:13,1449,
B3,0,RTG,26589,CCPD,Plate6,2025-01-16 11:24:13,1449,
B4,0.1,RTG,27361,CCPD,Plate6,2025-01-16 11:24:13,1449,
B5,0.5,RTG,28308,CCPD,Plate6,2025-01-16 11:24:13,1449,
B6,1,RTG,27153,CCPD,Plate6,2025-01-16 11:24:13,1449,
B7,5,RTG,26504,CCPD,Plate6,2025-01-16 11:24:13,1449,
B8,10,RTG,27668,CCPD,Plate6,2025-01-16 11:24:13,1449,
B9,20,RTG,26975,CCPD,Plate6,2025-01-16 11:24:13,1449,
C10,50,RTG,26661,CCPD,Plate6,2025-01-16 11:24:13,1449,
C11,100,RTG,26445,CCPD,Plate6,2025-01-16 11:24:13,1449,
C12,200,RTG,26425,CCPD,Plate6,2025-01-16 11:24:13,1449,
C3,0,RTG,25593,CCPD,Plate6,2025-01-16 11:24:13,1449,
C4,0.1,RTG,27421,CCPD,Plate6,2025-01-16 11:24:13,1449,
C5,0.5,RTG,25699,CCPD,Plate6,2025-01-16 11:24:13,1449,
C6,1,RTG,26865,CCPD,Plate6,2025-01-16 11:24:13,1449,
C7,5,RTG,27397,CCPD,Plate6,2025-01-16 11:24:13,1449,
C8,10,RTG,26420,CCPD,Plate6,2025-01-16 11:24:13,1449,
C9,20,RTG,27129,CCPD,Plate6,2025-01-16 11:24:13,1449,
D10,50,RTG,27935,CCPD,Plate6,2025-01-16 11:24:13,1449,
D11,100,RTG,25899,CCPD,Plate6,2025-01-16 11:24:13,1449,
D12,200,RTG,24407,CCPD,Plate6,2025-01-16 11:24:13,1449,
D3,0,RTG,27254,CCPD,Plate6,2025-01-16 11:24:13,1449,
D4,0.1,RTG,26250,CCPD,Plate6,2025-01-16 11:24:13,1449,
D5,0.5,RTG,28025,CCPD,Plate6,2025-01-16 11:24:13,1449,
D6,1,RTG,27381,CCPD,Plate6,2025-01-16 11:24:13,1449,
D7,5,RTG,26528,CCPD,Plate6,2025-01-16 11:24:13,1449,
D8,10,RTG,26867,CCPD,Plate6,2025-01-16 11:24:13,1449,
D9,20,RTG,27566,CCPD,Plate6,2025-01-16 11:24:13,1449,
A10,500,CSE,10750,CCPDQ,Plate1,2025-06-06 11:10:14,1434,
A11,750,CSE,10911,CCPDQ,Plate1,2025-06-06 11:10:14,1434,
A12,1000,CSE,11338,CCPDQ,Plate1,2025-06-06 11:10:14,1434,
A3,0,CSE,10871,CCPDQ,Plate1,2025-06-06 11:10:14,1434,
A4,1,CSE,11027,CCPDQ,Plate1,2025-06-06 11:10:14,1434,
A5,5,CSE,11004,CCPDQ,Plate1,2025-06-06 11:10:14,1434,
A6,20,CSE,11225,CCPDQ,Plate1,2025-06-06 11:10:14,1434,
A7,50,CSE,10986,CCPDQ,Plate1,2025-06-06 11:10:14,1434,
A8,100,CSE,10933,CCPDQ,Plate1,2025-06-06 11:10:14,1434,
A9,250,CSE,11163,CCPDQ,Plate1,2025-06-06 11:10:14,1434,
B10,500,CSE,10421,CCPDQ,Plate1,2025-06-06 11:10:14,1434,
B11,750,CSE,10585,CCPDQ,Plate1,2025-06-06 11:10:14,1434,
B12,1000,CSE,11365,CCPDQ,Plate1,2025-06-06 11:10:14,1434,
B3,0,CSE,9815,CCPDQ,Plate1,2025-06-06 11:10:14,1434,
B4,1,CSE,10027,CCPDQ,Plate1,2025-06-06 11:10:14,1434,
B5,5,CSE,9640,CCPDQ,Plate1,2025-06-06 11:10:14,1434,
B6,20,CSE,10286,CCPDQ,Plate1,2025-06-06 11:10:14,1434,
B7,50,CSE,10165,CCPDQ,Plate1,2025-06-06 11:10:14,1434,
B8,100,CSE,10148,CCPDQ,Plate1,2025-06-06 11:10:14,1434,
B9,250,CSE,10396,CCPDQ,Plate1,2025-06-06 11:10:14,1434,
C10,500,CSE,10244,CCPDQ,Plate1,2025-06-06 11:10:14,1434,
C11,750,CSE,9981,CCPDQ,Plate1,2025-06-06 11:10:14,1434,
C12,1000,CSE,10957,CCPDQ,Plate1,2025-06-06 11:10:14,1434,
C3,0,CSE,9886,CCPDQ,Plate1,2025-06-06 11:10:14,1434,
C4,1,CSE,9722,CCPDQ,Plate1,2025-06-06 11:10:14,1434,
C5,5,CSE,10816,CCPDQ,Plate1,2025-06-06 11:10:14,1434,
C6,20,CSE,9864,CCPDQ,Plate1,2025-06-06 11:10:14,1434,
C7,50,CSE,9838,CCPDQ,Plate1,2025-06-06 11:10:14,1434,
C8,100,CSE,9446,CCPDQ,Plate1,2025-06-06 11:10:14,1434,
C9,250,CSE,9856,CCPDQ,Plate1,2025-06-06 11:10:14,1434,
D10,500,CSE,10081,CCPDQ,Plate1,2025-06-06 11:10:14,1434,
D11,750,CSE,10014,CCPDQ,Plate1,2025-06-06 11:10:14,1434,
D12,1000,CSE,11810,CCPDQ,Plate1,2025-06-06 11:10:14,1434,
D3,0,CSE,10067,CCPDQ,Plate1,2025-06-06 11:10:14,1434,
D4,1,CSE,10748,CCPDQ,Plate1,2025-06-06 11:10:14,1434,
D5,5,CSE,10284,CCPDQ,Plate1,2025-06-06 11:10:14,1434,
D6,20,CSE,10243,CCPDQ,Plate1,2025-06-06 11:10:14,1434,
D7,50,CSE,10093,CCPDQ,Plate1,2025-06-06 11:10:14,1434,
D8,100,CSE,10202,CCPDQ,Plate1,2025-06-06 11:10:14,1434,
D9,250,CSE,10255,CCPDQ,Plate1,2025-06-06 11:10:14,1434,
E10,500,CHSE,15825,CCPDQ,Plate1,2025-06-06 11:10:14,1434,
E11,750,CHSE,16356,CCPDQ,Plate1,2025-06-06 11:10:14,1434,
E12,1000,CHSE,17543,CCPDQ,Plate1,2025-06-06 11:10:14,1434,
E3,0,CHSE,17127,CCPDQ,Plate1,2025-06-06 11:10:14,1434,
E4,1,CHSE,16605,CCPDQ,Plate1,2025-06-06 11:10:14,1434,
E5,5,CHSE,15984,CCPDQ,Plate1,2025-06-06 11:10:14,1434,
E6,20,CHSE,16109,CCPDQ,Plate1,2025-06-06 11:10:14,1434,
E7,50,CHSE,15852,CCPDQ,Plate1,2025-06-06 11:10:14,1434,
E8,100,CHSE,16381,CCPDQ,Plate1,2025-06-06 11:10:14,1434,
E9,250,CHSE,16252,CCPDQ,Plate1,2025-06-06 11:10:14,1434,
F10,500,CHSE,16367,CCPDQ,Plate1,2025-06-06 11:10:14,1434,
F11,750,CHSE,16027,CCPDQ,Plate1,2025-06-06 11:10:14,1434,
F12,1000,CHSE,18119,CCPDQ,Plate1,2025-06-06 11:10:14,1434,
F3,0,CHSE,16406,CCPDQ,Plate1,2025-06-06 11:10:14,1434,
F4,1,CHSE,16062,CCPDQ,Plate1,2025-06-06 11:10:14,1434,
F5,5,CHSE,16575,CCPDQ,Plate1,2025-06-06 11:10:14,1434,
F6,20,CHSE,16046,CCPDQ,Plate1,2025-06-06 11:10:14,1434,
F7,50,CHSE,15899,CCPDQ,Plate1,2025-06-06 11:10:14,1434,
F8,100,CHSE,16266,CCPDQ,Plate1,2025-06-06 11:10:14,1434,
F9,250,CHSE,15824,CCPDQ,Plate1,2025-06-06 11:10:14,1434,
G10,500,CHSE,16760,CCPDQ,Plate1,2025-06-06 11:10:14,1434,
G11,750,CHSE,16177,CCPDQ,Plate1,2025-06-06 11:10:14,1434,
G12,1000,CHSE,18385,CCPDQ,Plate1,2025-06-06 11:10:14,1434,
G3,0,CHSE,16847,CCPDQ,Plate1,2025-06-06 11:10:14,1434,
G4,1,CHSE,16602,CCPDQ,Plate1,2025-06-06 11:10:14,1434,
G5,5,CHSE,16319,CCPDQ,Plate1,2025-06-06 11:10:14,1434,
G6,20,CHSE,15675,CCPDQ,Plate1,2025-06-06 11:10:14,1434,
G7,50,CHSE,16560,CCPDQ,Plate1,2025-06-06 11:10:14,1434,
G8,100,CHSE,16719,CCPDQ,Plate1,2025-06-06 11:10:14,1434,
G9,250,CHSE,16874,CCPDQ,Plate1,2025-06-06 11:10:14,1434,
H10,500,CHSE,17524,CCPDQ,Plate1,2025-06-06 11:10:14,1434,
H11,750,CHSE,17503,CCPDQ,Plate1,2025-06-06 11:10:14,1434,
H12,1000,CHSE,18337,CCPDQ,Plate1,2025-06-06 11:10:14,1434,
H3,0,CHSE,17935,CCPDQ,Plate1,2025-06-06 11:10:14,1434,
H4,1,CHSE,17847,CCPDQ,Plate1,2025-06-06 11:10:14,1434,
H5,5,CHSE,17584,CCPDQ,Plate1,2025-06-06 11:10:14,1434,
H6,20,CHSE,17002,CCPDQ,Plate1,2025-06-06 11:10:14,1434,
H7,50,CHSE,17324,CCPDQ,Plate1,2025-06-06 11:10:14,1434,
H8,100,CHSE,17312,CCPDQ,Plate1,2025-06-06 11:10:14,1434,
H9,250,CHSE,17239,CCPDQ,Plate1,2025-06-06 11:10:14,1434,
A10,500,CSE,10231,CCPDQ,Plate2,2025-06-06 11:12:15,1432,
A11,750,CSE,10294,CCPDQ,Plate2,2025-06-06 11:12:15,1432,
A12,1000,CSE,10953,CCPDQ,Plate2,2025-06-06 11:12:15,1432,
A3,0,CSE,11229,CCPDQ,Plate2,2025-06-06 11:12:15,1432,
A4,1,CSE,10481,CCPDQ,Plate2,2025-06-06 11:12:15,1432,
A5,5,CSE,10593,CCPDQ,Plate2,2025-06-06 11:12:15,1432,
A6,20,CSE,11320,CCPDQ,Plate2,2025-06-06 11:12:15,1432,
A7,50,CSE,10820,CCPDQ,Plate2,2025-06-06 11:12:15,1432,
A8,100,CSE,11145,CCPDQ,Plate2,2025-06-06 11:12:15,1432,
A9,250,CSE,10999,CCPDQ,Plate2,2025-06-06 11:12:15,1432,
B10,500,CSE,9887,CCPDQ,Plate2,2025-06-06 11:12:15,1432,
B11,750,CSE,9733,CCPDQ,Plate2,2025-06-06 11:12:15,1432,
B12,1000,CSE,10566,CCPDQ,Plate2,2025-06-06 11:12:15,1432,
B3,0,CSE,10019,CCPDQ,Plate2,2025-06-06 11:12:15,1432,
B4,1,CSE,9815,CCPDQ,Plate2,2025-06-06 11:12:15,1432,
B5,5,CSE,9916,CCPDQ,Plate2,2025-06-06 11:12:15,1432,
B6,20,CSE,9911,CCPDQ,Plate2,2025-06-06 11:12:15,1432,
B7,50,CSE,10013,CCPDQ,Plate2,2025-06-06 11:12:15,1432,
B8,100,CSE,9595,CCPDQ,Plate2,2025-06-06 11:12:15,1432,
B9,250,CSE,9937,CCPDQ,Plate2,2025-06-06 11:12:15,1432,
C10,500,CSE,10530,CCPDQ,Plate2,2025-06-06 11:12:15,1432,
C11,750,CSE,10024,CCPDQ,Plate2,2025-06-06 11:12:15,1432,
C12,1000,CSE,11300,CCPDQ,Plate2,2025-06-06 11:12:15,1432,
C3,0,CSE,10020,CCPDQ,Plate2,2025-06-06 11:12:15,1432,
C4,1,CSE,9778,CCPDQ,Plate2,2025-06-06 11:12:15,1432,
C5,5,CSE,10244,CCPDQ,Plate2,2025-06-06 11:12:15,1432,
C6,20,CSE,10142,CCPDQ,Plate2,2025-06-06 11:12:15,1432,
C7,50,CSE,10242,CCPDQ,Plate2,2025-06-06 11:12:15,1432,
C8,100,CSE,9961,CCPDQ,Plate2,2025-06-06 11:12:15,1432,
C9,250,CSE,10180,CCPDQ,Plate2,2025-06-06 11:12:15,1432,
D10,500,CSE,10070,CCPDQ,Plate2,2025-06-06 11:12:15,1432,
D11,750,CSE,9988,CCPDQ,Plate2,2025-06-06 11:12:15,1432,
D12,1000,CSE,11386,CCPDQ,Plate2,2025-06-06 11:12:15,1432,
D3,0,CSE,10009,CCPDQ,Plate2,2025-06-06 11:12:15,1432,
D4,1,CSE,10103,CCPDQ,Plate2,2025-06-06 11:12:15,1432,
D5,5,CSE,9588,CCPDQ,Plate2,2025-06-06 11:12:15,1432,
D6,20,CSE,9744,CCPDQ,Plate2,2025-06-06 11:12:15,1432,
D7,50,CSE,10081,CCPDQ,Plate2,2025-06-06 11:12:15,1432,
D8,100,CSE,10419,CCPDQ,Plate2,2025-06-06 11:12:15,1432,
D9,250,CSE,10557,CCPDQ,Plate2,2025-06-06 11:12:15,1432,
E10,500,CHSE,17898,CCPDQ,Plate2,2025-06-06 11:12:15,1432,
E11,750,CHSE,17759,CCPDQ,Plate2,2025-06-06 11:12:15,1432,
E12,1000,CHSE,19444,CCPDQ,Plate2,2025-06-06 11:12:15,1432,
E3,0,CHSE,17979,CCPDQ,Plate2,2025-06-06 11:12:15,1432,
E4,1,CHSE,17877,CCPDQ,Plate2,2025-06-06 11:12:15,1432,
E5,5,CHSE,17885,CCPDQ,Plate2,2025-06-06 11:12:15,1432,
E6,20,CHSE,18205,CCPDQ,Plate2,2025-06-06 11:12:15,1432,
E7,50,CHSE,17761,CCPDQ,Plate2,2025-06-06 11:12:15,1432,
E8,100,CHSE,17841,CCPDQ,Plate2,2025-06-06 11:12:15,1432,
E9,250,CHSE,16822,CCPDQ,Plate2,2025-06-06 11:12:15,1432,
F10,500,CHSE,17774,CCPDQ,Plate2,2025-06-06 11:12:15,1432,
F11,750,CHSE,17287,CCPDQ,Plate2,2025-06-06 11:12:15,1432,
F12,1000,CHSE,19295,CCPDQ,Plate2,2025-06-06 11:12:15,1432,
F3,0,CHSE,17376,CCPDQ,Plate2,2025-06-06 11:12:15,1432,
F4,1,CHSE,17763,CCPDQ,Plate2,2025-06-06 11:12:15,1432,
F5,5,CHSE,18224,CCPDQ,Plate2,2025-06-06 11:12:15,1432,
F6,20,CHSE,18249,CCPDQ,Plate2,2025-06-06 11:12:15,1432,
F7,50,CHSE,18659,CCPDQ,Plate2,2025-06-06 11:12:15,1432,
F8,100,CHSE,18001,CCPDQ,Plate2,2025-06-06 11:12:15,1432,
F9,250,CHSE,17868,CCPDQ,Plate2,2025-06-06 11:12:15,1432,
G10,500,CHSE,18401,CCPDQ,Plate2,2025-06-06 11:12:15,1432,
G11,750,CHSE,18709,CCPDQ,Plate2,2025-06-06 11:12:15,1432,
G12,1000,CHSE,19334,CCPDQ,Plate2,2025-06-06 11:12:15,1432,
G3,0,CHSE,17132,CCPDQ,Plate2,2025-06-06 11:12:15,1432,
G4,1,CHSE,17633,CCPDQ,Plate2,2025-06-06 11:12:15,1432,
G5,5,CHSE,18469,CCPDQ,Plate2,2025-06-06 11:12:15,1432,
G6,20,CHSE,17801,CCPDQ,Plate2,2025-06-06 11:12:15,1432,
G7,50,CHSE,17972,CCPDQ,Plate2,2025-06-06 11:12:15,1432,
G8,100,CHSE,18056,CCPDQ,Plate2,2025-06-06 11:12:15,1432,
G9,250,CHSE,18066,CCPDQ,Plate2,2025-06-06 11:12:15,1432,
H10,500,CHSE,18618,CCPDQ,Plate2,2025-06-06 11:12:15,1432,
H11,750,CHSE,18815,CCPDQ,Plate2,2025-06-06 11:12:15,1432,
H12,1000,CHSE,19799,CCPDQ,Plate2,2025-06-06 11:12:15,1432,
H3,0,CHSE,18572,CCPDQ,Plate2,2025-06-06 11:12:15,1432,
H4,1,CHSE,18511,CCPDQ,Plate2,2025-06-06 11:12:15,1432,
H5,5,CHSE,18641,CCPDQ,Plate2,2025-06-06 11:12:15,1432,
H6,20,CHSE,18213,CCPDQ,Plate2,2025-06-06 11:12:15,1432,
H7,50,CHSE,18492,CCPDQ,Plate2,2025-06-06 11:12:15,1432,
H8,100,CHSE,19042,CCPDQ,Plate2,2025-06-06 11:12:15,1432,
H9,250,CHSE,18896,CCPDQ,Plate2,2025-06-06 11:12:15,1432,
A10,500,CSE,10274,CCPDQ,Plate3,2025-06-06 11:14:24,1431,
A11,750,CSE,10346,CCPDQ,Plate3,2025-06-06 11:14:24,1431,
A12,1000,CSE,10147,CCPDQ,Plate3,2025-06-06 11:14:24,1431,
A3,0,CSE,9985,CCPDQ,Plate3,2025-06-06 11:14:24,1431,
A4,1,CSE,10284,CCPDQ,Plate3,2025-06-06 11:14:24,1431,
A5,5,CSE,10113,CCPDQ,Plate3,2025-06-06 11:14:24,1431,
A6,20,CSE,10593,CCPDQ,Plate3,2025-06-06 11:14:24,1431,
A7,50,CSE,10555,CCPDQ,Plate3,2025-06-06 11:14:24,1431,
A8,100,CSE,10442,CCPDQ,Plate3,2025-06-06 11:14:24,1431,
A9,250,CSE,10217,CCPDQ,Plate3,2025-06-06 11:14:24,1431,
B10,500,CSE,9119,CCPDQ,Plate3,2025-06-06 11:14:24,1431,
B11,750,CSE,9317,CCPDQ,Plate3,2025-06-06 11:14:24,1431,
B12,1000,CSE,10315,CCPDQ,Plate3,2025-06-06 11:14:24,1431,
B3,0,CSE,9123,CCPDQ,Plate3,2025-06-06 11:14:24,1431,
B4,1,CSE,9516,CCPDQ,Plate3,2025-06-06 11:14:24,1431,
B5,5,CSE,8922,CCPDQ,Plate3,2025-06-06 11:14:24,1431,
B6,20,CSE,9428,CCPDQ,Plate3,2025-06-06 11:14:24,1431,
B7,50,CSE,9726,CCPDQ,Plate3,2025-06-06 11:14:24,1431,
B8,100,CSE,9412,CCPDQ,Plate3,2025-06-06 11:14:24,1431,
B9,250,CSE,6317,CCPDQ,Plate3,2025-06-06 11:14:24,1431,
C10,500,CSE,9289,CCPDQ,Plate3,2025-06-06 11:14:24,1431,
C11,750,CSE,9970,CCPDQ,Plate3,2025-06-06 11:14:24,1431,
C12,1000,CSE,11050,CCPDQ,Plate3,2025-06-06 11:14:24,1431,
C3,0,CSE,9299,CCPDQ,Plate3,2025-06-06 11:14:24,1431,
C4,1,CSE,9791,CCPDQ,Plate3,2025-06-06 11:14:24,1431,
C5,5,CSE,9118,CCPDQ,Plate3,2025-06-06 11:14:24,1431,
C6,20,CSE,9615,CCPDQ,Plate3,2025-06-06 11:14:24,1431,
C7,50,CSE,7432,CCPDQ,Plate3,2025-06-06 11:14:24,1431,
C8,100,CSE,7176,CCPDQ,Plate3,2025-06-06 11:14:24,1431,
C9,250,CSE,9138,CCPDQ,Plate3,2025-06-06 11:14:24,1431,
D10,500,CSE,9585,CCPDQ,Plate3,2025-06-06 11:14:24,1431,
D11,750,CSE,9431,CCPDQ,Plate3,2025-06-06 11:14:24,1431,
D12,1000,CSE,11418,CCPDQ,Plate3,2025-06-06 11:14:24,1431,
D3,0,CSE,9220,CCPDQ,Plate3,2025-06-06 11:14:24,1431,
D4,1,CSE,9317,CCPDQ,Plate3,2025-06-06 11:14:24,1431,
D5,5,CSE,8934,CCPDQ,Plate3,2025-06-06 11:14:24,1431,
D6,20,CSE,9531,CCPDQ,Plate3,2025-06-06 11:14:24,1431,
D7,50,CSE,9647,CCPDQ,Plate3,2025-06-06 11:14:24,1431,
D8,100,CSE,9602,CCPDQ,Plate3,2025-06-06 11:14:24,1431,
D9,250,CSE,9825,CCPDQ,Plate3,2025-06-06 11:14:24,1431,
E10,500,CHSE,19656,CCPDQ,Plate3,2025-06-06 11:14:24,1431,
E11,750,CHSE,20020,CCPDQ,Plate3,2025-06-06 11:14:24,1431,
E12,1000,CHSE,21667,CCPDQ,Plate3,2025-06-06 11:14:24,1431,
E3,0,CHSE,19663,CCPDQ,Plate3,2025-06-06 11:14:24,1431,
E4,1,CHSE,19572,CCPDQ,Plate3,2025-06-06 11:14:24,1431,
E5,5,CHSE,19215,CCPDQ,Plate3,2025-06-06 11:14:24,1431,
E6,20,CHSE,19331,CCPDQ,Plate3,2025-06-06 11:14:24,1431,
E7,50,CHSE,20473,CCPDQ,Plate3,2025-06-06 11:14:24,1431,
E8,100,CHSE,20700,CCPDQ,Plate3,2025-06-06 11:14:24,1431,
E9,250,CHSE,19371,CCPDQ,Plate3,2025-06-06 11:14:24,1431,
F10,500,CHSE,19085,CCPDQ,Plate3,2025-06-06 11:14:24,1431,
F11,750,CHSE,19786,CCPDQ,Plate3,2025-06-06 11:14:24,1431,
F12,1000,CHSE,21336,CCPDQ,Plate3,2025-06-06 11:14:24,1431,
F3,0,CHSE,20130,CCPDQ,Plate3,2025-06-06 11:14:24,1431,
F4,1,CHSE,19953,CCPDQ,Plate3,2025-06-06 11:14:24,1431,
F5,5,CHSE,20406,CCPDQ,Plate3,2025-06-06 11:14:24,1431,
F6,20,CHSE,19938,CCPDQ,Plate3,2025-06-06 11:14:24,1431,
F7,50,CHSE,20278,CCPDQ,Plate3,2025-06-06 11:14:24,1431,
F8,100,CHSE,20163,CCPDQ,Plate3,2025-06-06 11:14:24,1431,
F9,250,CHSE,18965,CCPDQ,Plate3,2025-06-06 11:14:24,1431,
G10,500,CHSE,18683,CCPDQ,Plate3,2025-06-06 11:14:24,1431,
G11,750,CHSE,19885,CCPDQ,Plate3,2025-06-06 11:14:24,1431,
G12,1000,CHSE,21367,CCPDQ,Plate3,2025-06-06 11:14:24,1431,
G3,0,CHSE,19580,CCPDQ,Plate3,2025-06-06 11:14:24,1431,
G4,1,CHSE,19184,CCPDQ,Plate3,2025-06-06 11:14:24,1431,
G5,5,CHSE,19111,CCPDQ,Plate3,2025-06-06 11:14:24,1431,
G6,20,CHSE,19521,CCPDQ,Plate3,2025-06-06 11:14:24,1431,
G7,50,CHSE,19171,CCPDQ,Plate3,2025-06-06 11:14:24,1431,
G8,100,CHSE,21086,CCPDQ,Plate3,2025-06-06 11:14:24,1431,
G9,250,CHSE,19615,CCPDQ,Plate3,2025-06-06 11:14:24,1431,
H10,500,CHSE,19758,CCPDQ,Plate3,2025-06-06 11:14:24,1431,
H11,750,CHSE,20592,CCPDQ,Plate3,2025-06-06 11:14:24,1431,
H12,1000,CHSE,20958,CCPDQ,Plate3,2025-06-06 11:14:24,1431,
H3,0,CHSE,20130,CCPDQ,Plate3,2025-06-06 11:14:24,1431,
H4,1,CHSE,19886,CCPDQ,Plate3,2025-06-06 11:14:24,1431,
H5,5,CHSE,19929,CCPDQ,Plate3,2025-06-06 11:14:24,1431,
H6,20,CHSE,19500,CCPDQ,Plate3,2025-06-06 11:14:24,1431,
H7,50,CHSE,20063,CCPDQ,Plate3,2025-06-06 11:14:24,1431,
H8,100,CHSE,20098,CCPDQ,Plate3,2025-06-06 11:14:24,1431,
H9,250,CHSE,19488,CCPDQ,Plate3,2025-06-06 11:14:24,1431,
A10,500,CSE,10275,DPPD,Plate1,2025-06-19 10:49:16,1459,
A11,750,CSE,9562,DPPD,Plate1,2025-06-19 10:49:16,1459,
A12,1000,CSE,9837,DPPD,Plate1,2025-06-19 10:49:16,1459,
A3,0,CSE,9718,DPPD,Plate1,2025-06-19 10:49:16,1459,
A4,1,CSE,9713,DPPD,Plate1,2025-06-19 10:49:16,1459,
A5,5,CSE,9884,DPPD,Plate1,2025-06-19 10:49:16,1459,
A6,20,CSE,10500,DPPD,Plate1,2025-06-19 10:49:16,1459,
A7,50,CSE,9727,DPPD,Plate1,2025-06-19 10:49:16,1459,
A8,100,CSE,9990,DPPD,Plate1,2025-06-19 10:49:16,1459,
A9,250,CSE,9098,DPPD,Plate1,2025-06-19 10:49:16,1459,
B10,500,CSE,9267,DPPD,Plate1,2025-06-19 10:49:16,1459,
B11,750,CSE,9002,DPPD,Plate1,2025-06-19 10:49:16,1459,
B12,1000,CSE,9892,DPPD,Plate1,2025-06-19 10:49:16,1459,
B3,0,CSE,9130,DPPD,Plate1,2025-06-19 10:49:16,1459,
B4,1,CSE,8914,DPPD,Plate1,2025-06-19 10:49:16,1459,
B5,5,CSE,9170,DPPD,Plate1,2025-06-19 10:49:16,1459,
B6,20,CSE,9439,DPPD,Plate1,2025-06-19 10:49:16,1459,
B7,50,CSE,9257,DPPD,Plate1,2025-06-19 10:49:16,1459,
B8,100,CSE,9105,DPPD,Plate1,2025-06-19 10:49:16,1459,
B9,250,CSE,9452,DPPD,Plate1,2025-06-19 10:49:16,1459,
C10,500,CSE,9885,DPPD,Plate1,2025-06-19 10:49:16,1459,
C11,750,CSE,9270,DPPD,Plate1,2025-06-19 10:49:16,1459,
C12,1000,CSE,9617,DPPD,Plate1,2025-06-19 10:49:16,1459,
C3,0,CSE,8945,DPPD,Plate1,2025-06-19 10:49:16,1459,
C4,1,CSE,8630,DPPD,Plate1,2025-06-19 10:49:16,1459,
C5,5,CSE,9138,DPPD,Plate1,2025-06-19 10:49:16,1459,
C6,20,CSE,9244,DPPD,Plate1,2025-06-19 10:49:16,1459,
C7,50,CSE,9115,DPPD,Plate1,2025-06-19 10:49:16,1459,
C8,100,CSE,9138,DPPD,Plate1,2025-06-19 10:49:16,1459,
C9,250,CSE,9855,DPPD,Plate1,2025-06-19 10:49:16,1459,
D10,500,CSE,9092,DPPD,Plate1,2025-06-19 10:49:16,1459,
D11,750,CSE,8765,DPPD,Plate1,2025-06-19 10:49:16,1459,
D12,1000,CSE,9656,DPPD,Plate1,2025-06-19 10:49:16,1459,
D3,0,CSE,8957,DPPD,Plate1,2025-06-19 10:49:16,1459,
D4,1,CSE,8667,DPPD,Plate1,2025-06-19 10:49:16,1459,
D5,5,CSE,9027,DPPD,Plate1,2025-06-19 10:49:16,1459,
D6,20,CSE,9335,DPPD,Plate1,2025-06-19 10:49:16,1459,
D7,50,CSE,9010,DPPD,Plate1,2025-06-19 10:49:16,1459,
D8,100,CSE,9415,DPPD,Plate1,2025-06-19 10:49:16,1459,
D9,250,CSE,9487,DPPD,Plate1,2025-06-19 10:49:16,1459,
E10,500,CHSE,12568,DPPD,Plate1,2025-06-19 10:49:16,1459,
E11,750,CHSE,11343,DPPD,Plate1,2025-06-19 10:49:16,1459,
E12,1000,CHSE,11079,DPPD,Plate1,2025-06-19 10:49:16,1459,
E3,0,CHSE,11366,DPPD,Plate1,2025-06-19 10:49:16,1459,
E4,1,CHSE,11713,DPPD,Plate1,2025-06-19 10:49:16,1459,
E5,5,CHSE,11839,DPPD,Plate1,2025-06-19 10:49:16,1459,
E6,20,CHSE,12421,DPPD,Plate1,2025-06-19 10:49:16,1459,
E7,50,CHSE,12494,DPPD,Plate1,2025-06-19 10:49:16,1459,
E8,100,CHSE,12663,DPPD,Plate1,2025-06-19 10:49:16,1459,
E9,250,CHSE,13135,DPPD,Plate1,2025-06-19 10:49:16,1459,
F10,500,CHSE,12654,DPPD,Plate1,2025-06-19 10:49:16,1459,
F11,750,CHSE,12205,DPPD,Plate1,2025-06-19 10:49:16,1459,
F12,1000,CHSE,11764,DPPD,Plate1,2025-06-19 10:49:16,1459,
F3,0,CHSE,11844,DPPD,Plate1,2025-06-19 10:49:16,1459,
F4,1,CHSE,11336,DPPD,Plate1,2025-06-19 10:49:16,1459,
F5,5,CHSE,9143,DPPD,Plate1,2025-06-19 10:49:16,1459,
F6,20,CHSE,12377,DPPD,Plate1,2025-06-19 10:49:16,1459,
F7,50,CHSE,12440,DPPD,Plate1,2025-06-19 10:49:16,1459,
F8,100,CHSE,12709,DPPD,Plate1,2025-06-19 10:49:16,1459,
F9,250,CHSE,13104,DPPD,Plate1,2025-06-19 10:49:16,1459,
G10,500,CHSE,12880,DPPD,Plate1,2025-06-19 10:49:16,1459,
G11,750,CHSE,13386,DPPD,Plate1,2025-06-19 10:49:16,1459,
G12,1000,CHSE,12895,DPPD,Plate1,2025-06-19 10:49:16,1459,
G3,0,CHSE,12600,DPPD,Plate1,2025-06-19 10:49:16,1459,
G4,1,CHSE,12501,DPPD,Plate1,2025-06-19 10:49:16,1459,
G5,5,CHSE,12568,DPPD,Plate1,2025-06-19 10:49:16,1459,
G6,20,CHSE,13723,DPPD,Plate1,2025-06-19 10:49:16,1459,
G7,50,CHSE,13109,DPPD,Plate1,2025-06-19 10:49:16,1459,
G8,100,CHSE,13309,DPPD,Plate1,2025-06-19 10:49:16,1459,
G9,250,CHSE,13719,DPPD,Plate1,2025-06-19 10:49:16,1459,
H10,500,CHSE,12004,DPPD,Plate1,2025-06-19 10:49:16,1459,
H11,750,CHSE,12912,DPPD,Plate1,2025-06-19 10:49:16,1459,
H12,1000,CHSE,11630,DPPD,Plate1,2025-06-19 10:49:16,1459,
H3,0,CHSE,12332,DPPD,Plate1,2025-06-19 10:49:16,1459,
H4,1,CHSE,12781,DPPD,Plate1,2025-06-19 10:49:16,1459,
H5,5,CHSE,12637,DPPD,Plate1,2025-06-19 10:49:16,1459,
H6,20,CHSE,13387,DPPD,Plate1,2025-06-19 10:49:16,1459,
H7,50,CHSE,12429,DPPD,Plate1,2025-06-19 10:49:16,1459,
H8,100,CHSE,12429,DPPD,Plate1,2025-06-19 10:49:16,1459,
H9,250,CHSE,11628,DPPD,Plate1,2025-06-19 10:49:16,1459,
A10,500,CSE,9522,DPPD,Plate2,2025-06-19 10:52:12,1459,
A11,750,CSE,8934,DPPD,Plate2,2025-06-19 10:52:12,1459,
A12,1000,CSE,9011,DPPD,Plate2,2025-06-19 10:52:12,1459,
A3,0,CSE,9658,DPPD,Plate2,2025-06-19 10:52:12,1459,
A4,1,CSE,9469,DPPD,Plate2,2025-06-19 10:52:12,1459,
A5,5,CSE,9489,DPPD,Plate2,2025-06-19 10:52:12,1459,
A6,20,CSE,9886,DPPD,Plate2,2025-06-19 10:52:12,1459,
A7,50,CSE,9614,DPPD,Plate2,2025-06-19 10:52:12,1459,
A8,100,CSE,9785,DPPD,Plate2,2025-06-19 10:52:12,1459,
A9,250,CSE,9995,DPPD,Plate2,2025-06-19 10:52:12,1459,
B10,500,CSE,9340,DPPD,Plate2,2025-06-19 10:52:12,1459,
B11,750,CSE,8247,DPPD,Plate2,2025-06-19 10:52:12,1459,
B12,1000,CSE,9274,DPPD,Plate2,2025-06-19 10:52:12,1459,
B3,0,CSE,9121,DPPD,Plate2,2025-06-19 10:52:12,1459,
B4,1,CSE,8852,DPPD,Plate2,2025-06-19 10:52:12,1459,
B5,5,CSE,9196,DPPD,Plate2,2025-06-19 10:52:12,1459,
B6,20,CSE,9618,DPPD,Plate2,2025-06-19 10:52:12,1459,
B7,50,CSE,9391,DPPD,Plate2,2025-06-19 10:52:12,1459,
B8,100,CSE,9722,DPPD,Plate2,2025-06-19 10:52:12,1459,
B9,250,CSE,9717,DPPD,Plate2,2025-06-19 10:52:12,1459,
C10,500,CSE,9261,DPPD,Plate2,2025-06-19 10:52:12,1459,
C11,750,CSE,6426,DPPD,Plate2,2025-06-19 10:52:12,1459,
C12,1000,CSE,8979,DPPD,Plate2,2025-06-19 10:52:12,1459,
C3,0,CSE,8925,DPPD,Plate2,2025-06-19 10:52:12,1459,
C4,1,CSE,8453,DPPD,Plate2,2025-06-19 10:52:12,1459,
C5,5,CSE,9025,DPPD,Plate2,2025-06-19 10:52:12,1459,
C6,20,CSE,9343,DPPD,Plate2,2025-06-19 10:52:12,1459,
C7,50,CSE,8967,DPPD,Plate2,2025-06-19 10:52:12,1459,
C8,100,CSE,9128,DPPD,Plate2,2025-06-19 10:52:12,1459,
C9,250,CSE,9210,DPPD,Plate2,2025-06-19 10:52:12,1459,
D10,500,CSE,9425,DPPD,Plate2,2025-06-19 10:52:12,1459,
D11,750,CSE,8652,DPPD,Plate2,2025-06-19 10:52:12,1459,
D12,1000,CSE,9159,DPPD,Plate2,2025-06-19 10:52:12,1459,
D3,0,CSE,9141,DPPD,Plate2,2025-06-19 10:52:12,1459,
D4,1,CSE,6755,DPPD,Plate2,2025-06-19 10:52:12,1459,
D5,5,CSE,8973,DPPD,Plate2,2025-06-19 10:52:12,1459,
D6,20,CSE,8937,DPPD,Plate2,2025-06-19 10:52:12,1459,
D7,50,CSE,8892,DPPD,Plate2,2025-06-19 10:52:12,1459,
D8,100,CSE,9254,DPPD,Plate2,2025-06-19 10:52:12,1459,
D9,250,CSE,9481,DPPD,Plate2,2025-06-19 10:52:12,1459,
E10,500,CHSE,13213,DPPD,Plate2,2025-06-19 10:52:12,1459,
E11,750,CHSE,11612,DPPD,Plate2,2025-06-19 10:52:12,1459,
E12,1000,CHSE,11774,DPPD,Plate2,2025-06-19 10:52:12,1459,
E3,0,CHSE,11695,DPPD,Plate2,2025-06-19 10:52:12,1459,
E4,1,CHSE,7898,DPPD,Plate2,2025-06-19 10:52:12,1459,
E5,5,CHSE,9785,DPPD,Plate2,2025-06-19 10:52:12,1459,
E6,20,CHSE,10349,DPPD,Plate2,2025-06-19 10:52:12,1459,
E7,50,CHSE,12764,DPPD,Plate2,2025-06-19 10:52:12,1459,
E8,100,CHSE,12419,DPPD,Plate2,2025-06-19 10:52:12,1459,
E9,250,CHSE,12629,DPPD,Plate2,2025-06-19 10:52:12,1459,
F10,500,CHSE,12766,DPPD,Plate2,2025-06-19 10:52:12,1459,
F11,750,CHSE,11069,DPPD,Plate2,2025-06-19 10:52:12,1459,
F12,1000,CHSE,11164,DPPD,Plate2,2025-06-19 10:52:12,1459,
F3,0,CHSE,11683,DPPD,Plate2,2025-06-19 10:52:12,1459,
F4,1,CHSE,11282,DPPD,Plate2,2025-06-19 10:52:12,1459,
F5,5,CHSE,11602,DPPD,Plate2,2025-06-19 10:52:12,1459,
F6,20,CHSE,11902,DPPD,Plate2,2025-06-19 10:52:12,1459,
F7,50,CHSE,11876,DPPD,Plate2,2025-06-19 10:52:12,1459,
F8,100,CHSE,13089,DPPD,Plate2,2025-06-19 10:52:12,1459,
F9,250,CHSE,12853,DPPD,Plate2,2025-06-19 10:52:12,1459,
G10,500,CHSE,13750,DPPD,Plate2,2025-06-19 10:52:12,1459,
G11,750,CHSE,12667,DPPD,Plate2,2025-06-19 10:52:12,1459,
G12,1000,CHSE,12234,DPPD,Plate2,2025-06-19 10:52:12,1459,
G3,0,CHSE,12733,DPPD,Plate2,2025-06-19 10:52:12,1459,
G4,1,CHSE,12931,DPPD,Plate2,2025-06-19 10:52:12,1459,
G5,5,CHSE,12884,DPPD,Plate2,2025-06-19 10:52:12,1459,
G6,20,CHSE,13479,DPPD,Plate2,2025-06-19 10:52:12,1459,
G7,50,CHSE,12831,DPPD,Plate2,2025-06-19 10:52:12,1459,
G8,100,CHSE,13297,DPPD,Plate2,2025-06-19 10:52:12,1459,
G9,250,CHSE,13511,DPPD,Plate2,2025-06-19 10:52:12,1459,
H10,500,CHSE,13385,DPPD,Plate2,2025-06-19 10:52:12,1459,
H11,750,CHSE,12482,DPPD,Plate2,2025-06-19 10:52:12,1459,
H12,1000,CHSE,11582,DPPD,Plate2,2025-06-19 10:52:12,1459,
H3,0,CHSE,12961,DPPD,Plate2,2025-06-19 10:52:12,1459,
H4,1,CHSE,12475,DPPD,Plate2,2025-06-19 10:52:12,1459,
H5,5,CHSE,12794,DPPD,Plate2,2025-06-19 10:52:12,1459,
H6,20,CHSE,13353,DPPD,Plate2,2025-06-19 10:52:12,1459,
H7,50,CHSE,12715,DPPD,Plate2,2025-06-19 10:52:12,1459,
H8,100,CHSE,13567,DPPD,Plate2,2025-06-19 10:52:12,1459,
H9,250,CHSE,13803,DPPD,Plate2,2025-06-19 10:52:12,1459,
A10,500,CSE,10443,DPPD,Plate3,2025-06-19 10:55:07,1455,
A11,750,CSE,10322,DPPD,Plate3,2025-06-19 10:55:07,1455,
A12,1000,CSE,10283,DPPD,Plate3,2025-06-19 10:55:07,1455,
A3,0,CSE,10047,DPPD,Plate3,2025-06-19 10:55:07,1455,
A4,1,CSE,9954,DPPD,Plate3,2025-06-19 10:55:07,1455,
A5,5,CSE,9912,DPPD,Plate3,2025-06-19 10:55:07,1455,
A6,20,CSE,10403,DPPD,Plate3,2025-06-19 10:55:07,1455,
A7,50,CSE,10210,DPPD,Plate3,2025-06-19 10:55:07,1455,
A8,100,CSE,10422,DPPD,Plate3,2025-06-19 10:55:07,1455,
A9,250,CSE,10522,DPPD,Plate3,2025-06-19 10:55:07,1455,
B10,500,CSE,9366,DPPD,Plate3,2025-06-19 10:55:07,1455,
B11,750,CSE,8517,DPPD,Plate3,2025-06-19 10:55:07,1455,
B12,1000,CSE,10071,DPPD,Plate3,2025-06-19 10:55:07,1455,
B3,0,CSE,9728,DPPD,Plate3,2025-06-19 10:55:07,1455,
B4,1,CSE,9088,DPPD,Plate3,2025-06-19 10:55:07,1455,
B5,5,CSE,9611,DPPD,Plate3,2025-06-19 10:55:07,1455,
B6,20,CSE,9848,DPPD,Plate3,2025-06-19 10:55:07,1455,
B7,50,CSE,9495,DPPD,Plate3,2025-06-19 10:55:07,1455,
B8,100,CSE,9353,DPPD,Plate3,2025-06-19 10:55:07,1455,
B9,250,CSE,10257,DPPD,Plate3,2025-06-19 10:55:07,1455,
C10,500,CSE,9795,DPPD,Plate3,2025-06-19 10:55:07,1455,
C11,750,CSE,9065,DPPD,Plate3,2025-06-19 10:55:07,1455,
C12,1000,CSE,9126,DPPD,Plate3,2025-06-19 10:55:07,1455,
C3,0,CSE,9308,DPPD,Plate3,2025-06-19 10:55:07,1455,
C4,1,CSE,6104,DPPD,Plate3,2025-06-19 10:55:07,1455,
C5,5,CSE,9212,DPPD,Plate3,2025-06-19 10:55:07,1455,
C6,20,CSE,9543,DPPD,Plate3,2025-06-19 10:55:07,1455,
C7,50,CSE,9418,DPPD,Plate3,2025-06-19 10:55:07,1455,
C8,100,CSE,9398,DPPD,Plate3,2025-06-19 10:55:07,1455,
C9,250,CSE,9675,DPPD,Plate3,2025-06-19 10:55:07,1455,
D10,500,CSE,9701,DPPD,Plate3,2025-06-19 10:55:07,1455,
D11,750,CSE,8744,DPPD,Plate3,2025-06-19 10:55:07,1455,
D12,1000,CSE,9706,DPPD,Plate3,2025-06-19 10:55:07,1455,
D3,0,CSE,9853,DPPD,Plate3,2025-06-19 10:55:07,1455,
D4,1,CSE,9358,DPPD,Plate3,2025-06-19 10:55:07,1455,
D5,5,CSE,9084,DPPD,Plate3,2025-06-19 10:55:07,1455,
D6,20,CSE,9460,DPPD,Plate3,2025-06-19 10:55:07,1455,
D7,50,CSE,9783,DPPD,Plate3,2025-06-19 10:55:07,1455,
D8,100,CSE,9303,DPPD,Plate3,2025-06-19 10:55:07,1455,
D9,250,CSE,9662,DPPD,Plate3,2025-06-19 10:55:07,1455,
E10,500,CHSE,13383,DPPD,Plate3,2025-06-19 10:55:07,1455,
E11,750,CHSE,8924,DPPD,Plate3,2025-06-19 10:55:07,1455,
E12,1000,CHSE,12745,DPPD,Plate3,2025-06-19 10:55:07,1455,
E3,0,CHSE,12728,DPPD,Plate3,2025-06-19 10:55:07,1455,
E4,1,CHSE,12141,DPPD,Plate3,2025-06-19 10:55:07,1455,
E5,5,CHSE,7856,DPPD,Plate3,2025-06-19 10:55:07,1455,
E6,20,CHSE,12042,DPPD,Plate3,2025-06-19 10:55:07,1455,
E7,50,CHSE,8379,DPPD,Plate3,2025-06-19 10:55:07,1455,
E8,100,CHSE,8332,DPPD,Plate3,2025-06-19 10:55:07,1455,
E9,250,CHSE,10707,DPPD,Plate3,2025-06-19 10:55:07,1455,
F10,500,CHSE,13084,DPPD,Plate3,2025-06-19 10:55:07,1455,
F11,750,CHSE,12490,DPPD,Plate3,2025-06-19 10:55:07,1455,
F12,1000,CHSE,12189,DPPD,Plate3,2025-06-19 10:55:07,1455,
F3,0,CHSE,12124,DPPD,Plate3,2025-06-19 10:55:07,1455,
F4,1,CHSE,10081,DPPD,Plate3,2025-06-19 10:55:07,1455,
F5,5,CHSE,11735,DPPD,Plate3,2025-06-19 10:55:07,1455,
F6,20,CHSE,12673,DPPD,Plate3,2025-06-19 10:55:07,1455,
F7,50,CHSE,12313,DPPD,Plate3,2025-06-19 10:55:07,1455,
F8,100,CHSE,12771,DPPD,Plate3,2025-06-19 10:55:07,1455,
F9,250,CHSE,13090,DPPD,Plate3,2025-06-19 10:55:07,1455,
G10,500,CHSE,13211,DPPD,Plate3,2025-06-19 10:55:07,1455,
G11,750,CHSE,12383,DPPD,Plate3,2025-06-19 10:55:07,1455,
G12,1000,CHSE,12871,DPPD,Plate3,2025-06-19 10:55:07,1455,
G3,0,CHSE,12995,DPPD,Plate3,2025-06-19 10:55:07,1455,
G4,1,CHSE,11501,DPPD,Plate3,2025-06-19 10:55:07,1455,
G5,5,CHSE,12384,DPPD,Plate3,2025-06-19 10:55:07,1455,
G6,20,CHSE,12921,DPPD,Plate3,2025-06-19 10:55:07,1455,
G7,50,CHSE,12570,DPPD,Plate3,2025-06-19 10:55:07,1455,
G8,100,CHSE,13057,DPPD,Plate3,2025-06-19 10:55:07,1455,
G9,250,CHSE,13769,DPPD,Plate3,2025-06-19 10:55:07,1455,
H10,500,CHSE,14594,DPPD,Plate3,2025-06-19 10:55:07,1455,
H11,750,CHSE,13817,DPPD,Plate3,2025-06-19 10:55:07,1455,
H12,1000,CHSE,13024,DPPD,Plate3,2025-06-19 10:55:07,1455,
H3,0,CHSE,13717,DPPD,Plate3,2025-06-19 10:55:07,1455,
H4,1,CHSE,13185,DPPD,Plate3,2025-06-19 10:55:07,1455,
H5,5,CHSE,13271,DPPD,Plate3,2025-06-19 10:55:07,1455,
H6,20,CHSE,14026,DPPD,Plate3,2025-06-19 10:55:07,1455,
H7,50,CHSE,13935,DPPD,Plate3,2025-06-19 10:55:07,1455,
H8,100,CHSE,13893,DPPD,Plate3,2025-06-19 10:55:07,1455,
H9,250,CHSE,14065,DPPD,Plate3,2025-06-19 10:55:07,1455,
A10,500,CSE,8429,DPPDQ,Plate1,2025-06-19 10:57:42,1438,
A11,750,CSE,8609,DPPDQ,Plate1,2025-06-19 10:57:42,1438,
A12,1000,CSE,8907,DPPDQ,Plate1,2025-06-19 10:57:42,1438,
A3,0,CSE,9116,DPPDQ,Plate1,2025-06-19 10:57:42,1438,
A4,1,CSE,7749,DPPDQ,Plate1,2025-06-19 10:57:42,1438,
A5,5,CSE,8462,DPPDQ,Plate1,2025-06-19 10:57:42,1438,
A6,20,CSE,8615,DPPDQ,Plate1,2025-06-19 10:57:42,1438,
A7,50,CSE,8643,DPPDQ,Plate1,2025-06-19 10:57:42,1438,
A8,100,CSE,8384,DPPDQ,Plate1,2025-06-19 10:57:42,1438,
A9,250,CSE,8381,DPPDQ,Plate1,2025-06-19 10:57:42,1438,
B10,500,CSE,7761,DPPDQ,Plate1,2025-06-19 10:57:42,1438,
B11,750,CSE,7708,DPPDQ,Plate1,2025-06-19 10:57:42,1438,
B12,1000,CSE,9084,DPPDQ,Plate1,2025-06-19 10:57:42,1438,
B3,0,CSE,8753,DPPDQ,Plate1,2025-06-19 10:57:42,1438,
B4,1,CSE,7741,DPPDQ,Plate1,2025-06-19 10:57:42,1438,
B5,5,CSE,8361,DPPDQ,Plate1,2025-06-19 10:57:42,1438,
B6,20,CSE,8782,DPPDQ,Plate1,2025-06-19 10:57:42,1438,
B7,50,CSE,7759,DPPDQ,Plate1,2025-06-19 10:57:42,1438,
B8,100,CSE,7792,DPPDQ,Plate1,2025-06-19 10:57:42,1438,
B9,250,CSE,7761,DPPDQ,Plate1,2025-06-19 10:57:42,1438,
C10,500,CSE,7816,DPPDQ,Plate1,2025-06-19 10:57:42,1438,
C11,750,CSE,7999,DPPDQ,Plate1,2025-06-19 10:57:42,1438,
C12,1000,CSE,8783,DPPDQ,Plate1,2025-06-19 10:57:42,1438,
C3,0,CSE,8072,DPPDQ,Plate1,2025-06-19 10:57:42,1438,
C4,1,CSE,7758,DPPDQ,Plate1,2025-06-19 10:57:42,1438,
C5,5,CSE,7993,DPPDQ,Plate1,2025-06-19 10:57:42,1438,
C6,20,CSE,8154,DPPDQ,Plate1,2025-06-19 10:57:42,1438,
C7,50,CSE,8104,DPPDQ,Plate1,2025-06-19 10:57:42,1438,
C8,100,CSE,8076,DPPDQ,Plate1,2025-06-19 10:57:42,1438,
C9,250,CSE,7746,DPPDQ,Plate1,2025-06-19 10:57:42,1438,
D10,500,CSE,7941,DPPDQ,Plate1,2025-06-19 10:57:42,1438,
D11,750,CSE,8138,DPPDQ,Plate1,2025-06-19 10:57:42,1438,
D12,1000,CSE,8651,DPPDQ,Plate1,2025-06-19 10:57:42,1438,
D3,0,CSE,7885,DPPDQ,Plate1,2025-06-19 10:57:42,1438,
D4,1,CSE,7606,DPPDQ,Plate1,2025-06-19 10:57:42,1438,
D5,5,CSE,7763,DPPDQ,Plate1,2025-06-19 10:57:42,1438,
D6,20,CSE,8206,DPPDQ,Plate1,2025-06-19 10:57:42,1438,
D7,50,CSE,7778,DPPDQ,Plate1,2025-06-19 10:57:42,1438,
D8,100,CSE,7826,DPPDQ,Plate1,2025-06-19 10:57:42,1438,
D9,250,CSE,7652,DPPDQ,Plate1,2025-06-19 10:57:42,1438,
E10,500,CHSE,11050,DPPDQ,Plate1,2025-06-19 10:57:42,1438,
E11,750,CHSE,11177,DPPDQ,Plate1,2025-06-19 10:57:42,1438,
E12,1000,CHSE,11994,DPPDQ,Plate1,2025-06-19 10:57:42,1438,
E3,0,CHSE,11142,DPPDQ,Plate1,2025-06-19 10:57:42,1438,
E4,1,CHSE,11121,DPPDQ,Plate1,2025-06-19 10:57:42,1438,
E5,5,CHSE,11151,DPPDQ,Plate1,2025-06-19 10:57:42,1438,
E6,20,CHSE,11386,DPPDQ,Plate1,2025-06-19 10:57:42,1438,
E7,50,CHSE,11294,DPPDQ,Plate1,2025-06-19 10:57:42,1438,
E8,100,CHSE,10976,DPPDQ,Plate1,2025-06-19 10:57:42,1438,
E9,250,CHSE,11323,DPPDQ,Plate1,2025-06-19 10:57:42,1438,
F10,500,CHSE,11345,DPPDQ,Plate1,2025-06-19 10:57:42,1438,
F11,750,CHSE,11589,DPPDQ,Plate1,2025-06-19 10:57:42,1438,
F12,1000,CHSE,12079,DPPDQ,Plate1,2025-06-19 10:57:42,1438,
F3,0,CHSE,11162,DPPDQ,Plate1,2025-06-19 10:57:42,1438,
F4,1,CHSE,11727,DPPDQ,Plate1,2025-06-19 10:57:42,1438,
F5,5,CHSE,11133,DPPDQ,Plate1,2025-06-19 10:57:42,1438,
F6,20,CHSE,10945,DPPDQ,Plate1,2025-06-19 10:57:42,1438,
F7,50,CHSE,8946,DPPDQ,Plate1,2025-06-19 10:57:42,1438,
F8,100,CHSE,11394,DPPDQ,Plate1,2025-06-19 10:57:42,1438,
F9,250,CHSE,11272,DPPDQ,Plate1,2025-06-19 10:57:42,1438,
G10,500,CHSE,12762,DPPDQ,Plate1,2025-06-19 10:57:42,1438,
G11,750,CHSE,11990,DPPDQ,Plate1,2025-06-19 10:57:42,1438,
G12,1000,CHSE,12161,DPPDQ,Plate1,2025-06-19 10:57:42,1438,
G3,0,CHSE,11028,DPPDQ,Plate1,2025-06-19 10:57:42,1438,
G4,1,CHSE,8176,DPPDQ,Plate1,2025-06-19 10:57:42,1438,
G5,5,CHSE,11370,DPPDQ,Plate1,2025-06-19 10:57:42,1438,
G6,20,CHSE,12291,DPPDQ,Plate1,2025-06-19 10:57:42,1438,
G7,50,CHSE,11784,DPPDQ,Plate1,2025-06-19 10:57:42,1438,
G8,100,CHSE,11677,DPPDQ,Plate1,2025-06-19 10:57:42,1438,
G9,250,CHSE,11758,DPPDQ,Plate1,2025-06-19 10:57:42,1438,
H10,500,CHSE,13465,DPPDQ,Plate1,2025-06-19 10:57:42,1438,
H11,750,CHSE,9212,DPPDQ,Plate1,2025-06-19 10:57:42,1438,
H12,1000,CHSE,12757,DPPDQ,Plate1,2025-06-19 10:57:42,1438,
H3,0,CHSE,12099,DPPDQ,Plate1,2025-06-19 10:57:42,1438,
H4,1,CHSE,11780,DPPDQ,Plate1,2025-06-19 10:57:42,1438,
H5,5,CHSE,12463,DPPDQ,Plate1,2025-06-19 10:57:42,1438,
H6,20,CHSE,13049,DPPDQ,Plate1,2025-06-19 10:57:42,1438,
H7,50,CHSE,12104,DPPDQ,Plate1,2025-06-19 10:57:42,1438,
H8,100,CHSE,12169,DPPDQ,Plate1,2025-06-19 10:57:42,1438,
H9,250,CHSE,9213,DPPDQ,Plate1,2025-06-19 10:57:42,1438,
A10,500,CSE,8539,DPPDQ,Plate2,2025-06-19 11:00:02,1436,
A11,750,CSE,8614,DPPDQ,Plate2,2025-06-19 11:00:02,1436,
A12,1000,CSE,9185,DPPDQ,Plate2,2025-06-19 11:00:02,1436,
A3,0,CSE,8845,DPPDQ,Plate2,2025-06-19 11:00:02,1436,
A4,1,CSE,8392,DPPDQ,Plate2,2025-06-19 11:00:02,1436,
A5,5,CSE,5963,DPPDQ,Plate2,2025-06-19 11:00:02,1436,
A6,20,CSE,9354,DPPDQ,Plate2,2025-06-19 11:00:02,1436,
A7,50,CSE,8710,DPPDQ,Plate2,2025-06-19 11:00:02,1436,
A8,100,CSE,9209,DPPDQ,Plate2,2025-06-19 11:00:02,1436,
A9,250,CSE,8740,DPPDQ,Plate2,2025-06-19 11:00:02,1436,
B10,500,CSE,8322,DPPDQ,Plate2,2025-06-19 11:00:02,1436,
B11,750,CSE,8474,DPPDQ,Plate2,2025-06-19 11:00:02,1436,
B12,1000,CSE,9939,DPPDQ,Plate2,2025-06-19 11:00:02,1436,
B3,0,CSE,8303,DPPDQ,Plate2,2025-06-19 11:00:02,1436,
B4,1,CSE,7829,DPPDQ,Plate2,2025-06-19 11:00:02,1436,
B5,5,CSE,8406,DPPDQ,Plate2,2025-06-19 11:00:02,1436,
B6,20,CSE,8454,DPPDQ,Plate2,2025-06-19 11:00:02,1436,
B7,50,CSE,8404,DPPDQ,Plate2,2025-06-19 11:00:02,1436,
B8,100,CSE,8364,DPPDQ,Plate2,2025-06-19 11:00:02,1436,
B9,250,CSE,8271,DPPDQ,Plate2,2025-06-19 11:00:02,1436,
C10,500,CSE,8179,DPPDQ,Plate2,2025-06-19 11:00:02,1436,
C11,750,CSE,7848,DPPDQ,Plate2,2025-06-19 11:00:02,1436,
C12,1000,CSE,8952,DPPDQ,Plate2,2025-06-19 11:00:02,1436,
C3,0,CSE,8216,DPPDQ,Plate2,2025-06-19 11:00:02,1436,
C4,1,CSE,8995,DPPDQ,Plate2,2025-06-19 11:00:02,1436,
C5,5,CSE,6190,DPPDQ,Plate2,2025-06-19 11:00:02,1436,
C6,20,CSE,8522,DPPDQ,Plate2,2025-06-19 11:00:02,1436,
C7,50,CSE,8015,DPPDQ,Plate2,2025-06-19 11:00:02,1436,
C8,100,CSE,8188,DPPDQ,Plate2,2025-06-19 11:00:02,1436,
C9,250,CSE,7915,DPPDQ,Plate2,2025-06-19 11:00:02,1436,
D10,500,CSE,8250,DPPDQ,Plate2,2025-06-19 11:00:02,1436,
D11,750,CSE,8515,DPPDQ,Plate2,2025-06-19 11:00:02,1436,
D12,1000,CSE,9011,DPPDQ,Plate2,2025-06-19 11:00:02,1436,
D3,0,CSE,8299,DPPDQ,Plate2,2025-06-19 11:00:02,1436,
D4,1,CSE,8027,DPPDQ,Plate2,2025-06-19 11:00:02,1436,
D5,5,CSE,8157,DPPDQ,Plate2,2025-06-19 11:00:02,1436,
D6,20,CSE,8296,DPPDQ,Plate2,2025-06-19 11:00:02,1436,
D7,50,CSE,8178,DPPDQ,Plate2,2025-06-19 11:00:02,1436,
D8,100,CSE,8481,DPPDQ,Plate2,2025-06-19 11:00:02,1436,
D9,250,CSE,8289,DPPDQ,Plate2,2025-06-19 11:00:02,1436,
E10,500,CHSE,10941,DPPDQ,Plate2,2025-06-19 11:00:02,1436,
E11,750,CHSE,11230,DPPDQ,Plate2,2025-06-19 11:00:02,1436,
E12,1000,CHSE,11961,DPPDQ,Plate2,2025-06-19 11:00:02,1436,
E3,0,CHSE,11211,DPPDQ,Plate2,2025-06-19 11:00:02,1436,
E4,1,CHSE,8629,DPPDQ,Plate2,2025-06-19 11:00:02,1436,
E5,5,CHSE,10082,DPPDQ,Plate2,2025-06-19 11:00:02,1436,
E6,20,CHSE,10931,DPPDQ,Plate2,2025-06-19 11:00:02,1436,
E7,50,CHSE,11014,DPPDQ,Plate2,2025-06-19 11:00:02,1436,
E8,100,CHSE,11218,DPPDQ,Plate2,2025-06-19 11:00:02,1436,
E9,250,CHSE,10997,DPPDQ,Plate2,2025-06-19 11:00:02,1436,
F10,500,CHSE,11012,DPPDQ,Plate2,2025-06-19 11:00:02,1436,
F11,750,CHSE,11250,DPPDQ,Plate2,2025-06-19 11:00:02,1436,
F12,1000,CHSE,11547,DPPDQ,Plate2,2025-06-19 11:00:02,1436,
F3,0,CHSE,10986,DPPDQ,Plate2,2025-06-19 11:00:02,1436,
F4,1,CHSE,10713,DPPDQ,Plate2,2025-06-19 11:00:02,1436,
F5,5,CHSE,10710,DPPDQ,Plate2,2025-06-19 11:00:02,1436,
F6,20,CHSE,10959,DPPDQ,Plate2,2025-06-19 11:00:02,1436,
F7,50,CHSE,10865,DPPDQ,Plate2,2025-06-19 11:00:02,1436,
F8,100,CHSE,11121,DPPDQ,Plate2,2025-06-19 11:00:02,1436,
F9,250,CHSE,11176,DPPDQ,Plate2,2025-06-19 11:00:02,1436,
G10,500,CHSE,11461,DPPDQ,Plate2,2025-06-19 11:00:02,1436,
G11,750,CHSE,11284,DPPDQ,Plate2,2025-06-19 11:00:02,1436,
G12,1000,CHSE,11790,DPPDQ,Plate2,2025-06-19 11:00:02,1436,
G3,0,CHSE,11717,DPPDQ,Plate2,2025-06-19 11:00:02,1436,
G4,1,CHSE,10896,DPPDQ,Plate2,2025-06-19 11:00:02,1436,
G5,5,CHSE,11474,DPPDQ,Plate2,2025-06-19 11:00:02,1436,
G6,20,CHSE,10953,DPPDQ,Plate2,2025-06-19 11:00:02,1436,
G7,50,CHSE,11075,DPPDQ,Plate2,2025-06-19 11:00:02,1436,
G8,100,CHSE,11286,DPPDQ,Plate2,2025-06-19 11:00:02,1436,
G9,250,CHSE,11367,DPPDQ,Plate2,2025-06-19 11:00:02,1436,
H10,500,CHSE,11926,DPPDQ,Plate2,2025-06-19 11:00:02,1436,
H11,750,CHSE,12038,DPPDQ,Plate2,2025-06-19 11:00:02,1436,
H12,1000,CHSE,12148,DPPDQ,Plate2,2025-06-19 11:00:02,1436,
H3,0,CHSE,12517,DPPDQ,Plate2,2025-06-19 11:00:02,1436,
H4,1,CHSE,11680,DPPDQ,Plate2,2025-06-19 11:00:02,1436,
H5,5,CHSE,11819,DPPDQ,Plate2,2025-06-19 11:00:02,1436,
H6,20,CHSE,12209,DPPDQ,Plate2,2025-06-19 11:00:02,1436,
H7,50,CHSE,12428,DPPDQ,Plate2,2025-06-19 11:00:02,1436,
H8,100,CHSE,12010,DPPDQ,Plate2,2025-06-19 11:00:02,1436,
H9,250,CHSE,11988,DPPDQ,Plate2,2025-06-19 11:00:02,1436,
A10,500,CSE,9047,DPPDQ,Plate3,2025-06-19 11:02:17,1434,
A11,750,CSE,9341,DPPDQ,Plate3,2025-06-19 11:02:17,1434,
A12,1000,CSE,10200,DPPDQ,Plate3,2025-06-19 11:02:17,1434,
A3,0,CSE,9399,DPPDQ,Plate3,2025-06-19 11:02:17,1434,
A4,1,CSE,9666,DPPDQ,Plate3,2025-06-19 11:02:17,1434,
A5,5,CSE,9218,DPPDQ,Plate3,2025-06-19 11:02:17,1434,
A6,20,CSE,10435,DPPDQ,Plate3,2025-06-19 11:02:17,1434,
A7,50,CSE,10087,DPPDQ,Plate3,2025-06-19 11:02:17,1434,
A8,100,CSE,8906,DPPDQ,Plate3,2025-06-19 11:02:17,1434,
A9,250,CSE,9432,DPPDQ,Plate3,2025-06-19 11:02:17,1434,
B10,500,CSE,8397,DPPDQ,Plate3,2025-06-19 11:02:17,1434,
B11,750,CSE,8530,DPPDQ,Plate3,2025-06-19 11:02:17,1434,
B12,1000,CSE,9739,DPPDQ,Plate3,2025-06-19 11:02:17,1434,
B3,0,CSE,8974,DPPDQ,Plate3,2025-06-19 11:02:17,1434,
B4,1,CSE,8478,DPPDQ,Plate3,2025-06-19 11:02:17,1434,
B5,5,CSE,8801,DPPDQ,Plate3,2025-06-19 11:02:17,1434,
B6,20,CSE,8992,DPPDQ,Plate3,2025-06-19 11:02:17,1434,
B7,50,CSE,8343,DPPDQ,Plate3,2025-06-19 11:02:17,1434,
B8,100,CSE,8712,DPPDQ,Plate3,2025-06-19 11:02:17,1434,
B9,250,CSE,8568,DPPDQ,Plate3,2025-06-19 11:02:17,1434,
C10,500,CSE,8399,DPPDQ,Plate3,2025-06-19 11:02:17,1434,
C11,750,CSE,8227,DPPDQ,Plate3,2025-06-19 11:02:17,1434,
C12,1000,CSE,8938,DPPDQ,Plate3,2025-06-19 11:02:17,1434,
C3,0,CSE,8300,DPPDQ,Plate3,2025-06-19 11:02:17,1434,
C4,1,CSE,8129,DPPDQ,Plate3,2025-06-19 11:02:17,1434,
C5,5,CSE,8228,DPPDQ,Plate3,2025-06-19 11:02:17,1434,
C6,20,CSE,8696,DPPDQ,Plate3,2025-06-19 11:02:17,1434,
C7,50,CSE,8389,DPPDQ,Plate3,2025-06-19 11:02:17,1434,
C8,100,CSE,8372,DPPDQ,Plate3,2025-06-19 11:02:17,1434,
C9,250,CSE,8079,DPPDQ,Plate3,2025-06-19 11:02:17,1434,
D10,500,CSE,8336,DPPDQ,Plate3,2025-06-19 11:02:17,1434,
D11,750,CSE,8253,DPPDQ,Plate3,2025-06-19 11:02:17,1434,
D12,1000,CSE,9105,DPPDQ,Plate3,2025-06-19 11:02:17,1434,
D3,0,CSE,9046,DPPDQ,Plate3,2025-06-19 11:02:17,1434,
D4,1,CSE,6333,DPPDQ,Plate3,2025-06-19 11:02:17,1434,
D5,5,CSE,8498,DPPDQ,Plate3,2025-06-19 11:02:17,1434,
D6,20,CSE,8340,DPPDQ,Plate3,2025-06-19 11:02:17,1434,
D7,50,CSE,8075,DPPDQ,Plate3,2025-06-19 11:02:17,1434,
D8,100,CSE,8555,DPPDQ,Plate3,2025-06-19 11:02:17,1434,
D9,250,CSE,8316,DPPDQ,Plate3,2025-06-19 11:02:17,1434,
E10,500,CHSE,10733,DPPDQ,Plate3,2025-06-19 11:02:17,1434,
E11,750,CHSE,11570,DPPDQ,Plate3,2025-06-19 11:02:17,1434,
E12,1000,CHSE,12271,DPPDQ,Plate3,2025-06-19 11:02:17,1434,
E3,0,CHSE,10483,DPPDQ,Plate3,2025-06-19 11:02:17,1434,
E4,1,CHSE,11414,DPPDQ,Plate3,2025-06-19 11:02:17,1434,
E5,5,CHSE,11762,DPPDQ,Plate3,2025-06-19 11:02:17,1434,
E6,20,CHSE,11535,DPPDQ,Plate3,2025-06-19 11:02:17,1434,
E7,50,CHSE,11379,DPPDQ,Plate3,2025-06-19 11:02:17,1434,
E8,100,CHSE,11497,DPPDQ,Plate3,2025-06-19 11:02:17,1434,
E9,250,CHSE,11291,DPPDQ,Plate3,2025-06-19 11:02:17,1434,
F10,500,CHSE,10868,DPPDQ,Plate3,2025-06-19 11:02:17,1434,
F11,750,CHSE,10739,DPPDQ,Plate3,2025-06-19 11:02:17,1434,
F12,1000,CHSE,11697,DPPDQ,Plate3,2025-06-19 11:02:17,1434,
F3,0,CHSE,11398,DPPDQ,Plate3,2025-06-19 11:02:17,1434,
F4,1,CHSE,10306,DPPDQ,Plate3,2025-06-19 11:02:17,1434,
F5,5,CHSE,9697,DPPDQ,Plate3,2025-06-19 11:02:17,1434,
F6,20,CHSE,10796,DPPDQ,Plate3,2025-06-19 11:02:17,1434,
F7,50,CHSE,10977,DPPDQ,Plate3,2025-06-19 11:02:17,1434,
F8,100,CHSE,11072,DPPDQ,Plate3,2025-06-19 11:02:17,1434,
F9,250,CHSE,11111,DPPDQ,Plate3,2025-06-19 11:02:17,1434,
G10,500,CHSE,11709,DPPDQ,Plate3,2025-06-19 11:02:17,1434,
G11,750,CHSE,11844,DPPDQ,Plate3,2025-06-19 11:02:17,1434,
G12,1000,CHSE,11833,DPPDQ,Plate3,2025-06-19 11:02:17,1434,
G3,0,CHSE,11241,DPPDQ,Plate3,2025-06-19 11:02:17,1434,
G4,1,CHSE,10595,DPPDQ,Plate3,2025-06-19 11:02:17,1434,
G5,5,CHSE,11128,DPPDQ,Plate3,2025-06-19 11:02:17,1434,
G6,20,CHSE,11753,DPPDQ,Plate3,2025-06-19 11:02:17,1434,
G7,50,CHSE,11552,DPPDQ,Plate3,2025-06-19 11:02:17,1434,
G8,100,CHSE,11954,DPPDQ,Plate3,2025-06-19 11:02:17,1434,
G9,250,CHSE,11795,DPPDQ,Plate3,2025-06-19 11:02:17,1434,
H10,500,CHSE,12146,DPPDQ,Plate3,2025-06-19 11:02:17,1434,
H11,750,CHSE,11487,DPPDQ,Plate3,2025-06-19 11:02:17,1434,
H12,1000,CHSE,12138,DPPDQ,Plate3,2025-06-19 11:02:17,1434,
H3,0,CHSE,12744,DPPDQ,Plate3,2025-06-19 11:02:17,1434,
H4,1,CHSE,11609,DPPDQ,Plate3,2025-06-19 11:02:17,1434,
H5,5,CHSE,11606,DPPDQ,Plate3,2025-06-19 11:02:17,1434,
H6,20,CHSE,12419,DPPDQ,Plate3,2025-06-19 11:02:17,1434,
H7,50,CHSE,10873,DPPDQ,Plate3,2025-06-19 11:02:17,1434,
H8,100,CHSE,11936,DPPDQ,Plate3,2025-06-19 11:02:17,1434,
H9,250,CHSE,12186,DPPDQ,Plate3,2025-06-19 11:02:17,1434,
A10,50,CSE,14700,IPPD,Plate1,2024-04-18 10:25:57,1429,
A11,100,CSE,15211,IPPD,Plate1,2024-04-18 10:25:57,1429,
A12,200,CSE,15315,IPPD,Plate1,2024-04-18 10:25:57,1429,
A3,0,CSE,15479,IPPD,Plate1,2024-04-18 10:25:57,1429,
A4,0.1,CSE,14975,IPPD,Plate1,2024-04-18 10:25:57,1429,
A5,0.5,CSE,15078,IPPD,Plate1,2024-04-18 10:25:57,1429,
A6,1,CSE,15054,IPPD,Plate1,2024-04-18 10:25:57,1429,
A7,5,CSE,15487,IPPD,Plate1,2024-04-18 10:25:57,1429,
A8,10,CSE,15260,IPPD,Plate1,2024-04-18 10:25:57,1429,
A9,20,CSE,14797,IPPD,Plate1,2024-04-18 10:25:57,1429,
B10,50,CSE,13257,IPPD,Plate1,2024-04-18 10:25:57,1429,
B11,100,CSE,12916,IPPD,Plate1,2024-04-18 10:25:57,1429,
B12,200,CSE,13977,IPPD,Plate1,2024-04-18 10:25:57,1429,
B3,0,CSE,13701,IPPD,Plate1,2024-04-18 10:25:57,1429,
B4,0.1,CSE,14416,IPPD,Plate1,2024-04-18 10:25:57,1429,
B5,0.5,CSE,13895,IPPD,Plate1,2024-04-18 10:25:57,1429,
B6,1,CSE,14101,IPPD,Plate1,2024-04-18 10:25:57,1429,
B7,5,CSE,13374,IPPD,Plate1,2024-04-18 10:25:57,1429,
B8,10,CSE,13520,IPPD,Plate1,2024-04-18 10:25:57,1429,
B9,20,CSE,13492,IPPD,Plate1,2024-04-18 10:25:57,1429,
C10,50,CSE,12832,IPPD,Plate1,2024-04-18 10:25:57,1429,
C11,100,CSE,12667,IPPD,Plate1,2024-04-18 10:25:57,1429,
C12,200,CSE,14299,IPPD,Plate1,2024-04-18 10:25:57,1429,
C3,0,CSE,14017,IPPD,Plate1,2024-04-18 10:25:57,1429,
C4,0.1,CSE,12776,IPPD,Plate1,2024-04-18 10:25:57,1429,
C5,0.5,CSE,13322,IPPD,Plate1,2024-04-18 10:25:57,1429,
C6,1,CSE,13332,IPPD,Plate1,2024-04-18 10:25:57,1429,
C7,5,CSE,12293,IPPD,Plate1,2024-04-18 10:25:57,1429,
C8,10,CSE,12821,IPPD,Plate1,2024-04-18 10:25:57,1429,
C9,20,CSE,13127,IPPD,Plate1,2024-04-18 10:25:57,1429,
D10,50,CSE,13403,IPPD,Plate1,2024-04-18 10:25:57,1429,
D11,100,CSE,12532,IPPD,Plate1,2024-04-18 10:25:57,1429,
D12,200,CSE,14378,IPPD,Plate1,2024-04-18 10:25:57,1429,
D3,0,CSE,12716,IPPD,Plate1,2024-04-18 10:25:57,1429,
D4,0.1,CSE,13039,IPPD,Plate1,2024-04-18 10:25:57,1429,
D5,0.5,CSE,12103,IPPD,Plate1,2024-04-18 10:25:57,1429,
D6,1,CSE,12610,IPPD,Plate1,2024-04-18 10:25:57,1429,
D7,5,CSE,13275,IPPD,Plate1,2024-04-18 10:25:57,1429,
D8,10,CSE,13812,IPPD,Plate1,2024-04-18 10:25:57,1429,
D9,20,CSE,13511,IPPD,Plate1,2024-04-18 10:25:57,1429,
E10,50,CHSE,12796,IPPD,Plate1,2024-04-18 10:25:57,1429,
E11,100,CHSE,13960,IPPD,Plate1,2024-04-18 10:25:57,1429,
E12,200,CHSE,15483,IPPD,Plate1,2024-04-18 10:25:57,1429,
E3,0,CHSE,13836,IPPD,Plate1,2024-04-18 10:25:57,1429,
E4,0.1,CHSE,13602,IPPD,Plate1,2024-04-18 10:25:57,1429,
E5,0.5,CHSE,13367,IPPD,Plate1,2024-04-18 10:25:57,1429,
E6,1,CHSE,13944,IPPD,Plate1,2024-04-18 10:25:57,1429,
E7,5,CHSE,14137,IPPD,Plate1,2024-04-18 10:25:57,1429,
E8,10,CHSE,14297,IPPD,Plate1,2024-04-18 10:25:57,1429,
E9,20,CHSE,12951,IPPD,Plate1,2024-04-18 10:25:57,1429,
F10,50,CHSE,13081,IPPD,Plate1,2024-04-18 10:25:57,1429,
F11,100,CHSE,13897,IPPD,Plate1,2024-04-18 10:25:57,1429,
F12,200,CHSE,15867,IPPD,Plate1,2024-04-18 10:25:57,1429,
F3,0,CHSE,13784,IPPD,Plate1,2024-04-18 10:25:57,1429,
F4,0.1,CHSE,13573,IPPD,Plate1,2024-04-18 10:25:57,1429,
F5,0.5,CHSE,13996,IPPD,Plate1,2024-04-18 10:25:57,1429,
F6,1,CHSE,13571,IPPD,Plate1,2024-04-18 10:25:57,1429,
F7,5,CHSE,13336,IPPD,Plate1,2024-04-18 10:25:57,1429,
F8,10,CHSE,13450,IPPD,Plate1,2024-04-18 10:25:57,1429,
F9,20,CHSE,13046,IPPD,Plate1,2024-04-18 10:25:57,1429,
G10,50,CHSE,13485,IPPD,Plate1,2024-04-18 10:25:57,1429,
G11,100,CHSE,13558,IPPD,Plate1,2024-04-18 10:25:57,1429,
G12,200,CHSE,14946,IPPD,Plate1,2024-04-18 10:25:57,1429,
G3,0,CHSE,13988,IPPD,Plate1,2024-04-18 10:25:57,1429,
G4,0.1,CHSE,13958,IPPD,Plate1,2024-04-18 10:25:57,1429,
G5,0.5,CHSE,13538,IPPD,Plate1,2024-04-18 10:25:57,1429,
G6,1,CHSE,13429,IPPD,Plate1,2024-04-18 10:25:57,1429,
G7,5,CHSE,13858,IPPD,Plate1,2024-04-18 10:25:57,1429,
G8,10,CHSE,13624,IPPD,Plate1,2024-04-18 10:25:57,1429,
G9,20,CHSE,13410,IPPD,Plate1,2024-04-18 10:25:57,1429,
H10,50,CHSE,14979,IPPD,Plate1,2024-04-18 10:25:57,1429,
H11,100,CHSE,15153,IPPD,Plate1,2024-04-18 10:25:57,1429,
H12,200,CHSE,15917,IPPD,Plate1,2024-04-18 10:25:57,1429,
H3,0,CHSE,15061,IPPD,Plate1,2024-04-18 10:25:57,1429,
H4,0.1,CHSE,16380,IPPD,Plate1,2024-04-18 10:25:57,1429,
H5,0.5,CHSE,15487,IPPD,Plate1,2024-04-18 10:25:57,1429,
H6,1,CHSE,15564,IPPD,Plate1,2024-04-18 10:25:57,1429,
H7,5,CHSE,14693,IPPD,Plate1,2024-04-18 10:25:57,1429,
H8,10,CHSE,14460,IPPD,Plate1,2024-04-18 10:25:57,1429,
H9,20,CHSE,14641,IPPD,Plate1,2024-04-18 10:25:57,1429,
A10,50,RTG,40319,IPPD,Plate1,2024-10-18 10:34:11,1446,
A11,100,RTG,39548,IPPD,Plate1,2024-10-18 10:34:11,1446,
A12,200,RTG,38919,IPPD,Plate1,2024-10-18 10:34:11,1446,
A3,0,RTG,40777,IPPD,Plate1,2024-10-18 10:34:11,1446,
A4,0.1,RTG,39903,IPPD,Plate1,2024-10-18 10:34:11,1446,
A5,0.5,RTG,38814,IPPD,Plate1,2024-10-18 10:34:11,1446,
A6,1,RTG,37538,IPPD,Plate1,2024-10-18 10:34:11,1446,
A7,5,RTG,39088,IPPD,Plate1,2024-10-18 10:34:11,1446,
A8,10,RTG,40304,IPPD,Plate1,2024-10-18 10:34:11,1446,
A9,20,RTG,42070,IPPD,Plate1,2024-10-18 10:34:11,1446,
B10,50,RTG,37804,IPPD,Plate1,2024-10-18 10:34:11,1446,
B11,100,RTG,38655,IPPD,Plate1,2024-10-18 10:34:11,1446,
B12,200,RTG,39314,IPPD,Plate1,2024-10-18 10:34:11,1446,
B3,0,RTG,37002,IPPD,Plate1,2024-10-18 10:34:11,1446,
B4,0.1,RTG,36426,IPPD,Plate1,2024-10-18 10:34:11,1446,
B5,0.5,RTG,37641,IPPD,Plate1,2024-10-18 10:34:11,1446,
B6,1,RTG,36768,IPPD,Plate1,2024-10-18 10:34:11,1446,
B7,5,RTG,39502,IPPD,Plate1,2024-10-18 10:34:11,1446,
B8,10,RTG,41653,IPPD,Plate1,2024-10-18 10:34:11,1446,
B9,20,RTG,38637,IPPD,Plate1,2024-10-18 10:34:11,1446,
C10,50,RTG,40230,IPPD,Plate1,2024-10-18 10:34:11,1446,
C11,100,RTG,40133,IPPD,Plate1,2024-10-18 10:34:11,1446,
C12,200,RTG,38905,IPPD,Plate1,2024-10-18 10:34:11,1446,
C3,0,RTG,39444,IPPD,Plate1,2024-10-18 10:34:11,1446,
C4,0.1,RTG,39215,IPPD,Plate1,2024-10-18 10:34:11,1446,
C5,0.5,RTG,38499,IPPD,Plate1,2024-10-18 10:34:11,1446,
C6,1,RTG,35816,IPPD,Plate1,2024-10-18 10:34:11,1446,
C7,5,RTG,38160,IPPD,Plate1,2024-10-18 10:34:11,1446,
C8,10,RTG,39644,IPPD,Plate1,2024-10-18 10:34:11,1446,
C9,20,RTG,41487,IPPD,Plate1,2024-10-18 10:34:11,1446,
D10,50,RTG,40078,IPPD,Plate1,2024-10-18 10:34:11,1446,
D11,100,RTG,38969,IPPD,Plate1,2024-10-18 10:34:11,1446,
D12,200,RTG,39683,IPPD,Plate1,2024-10-18 10:34:11,1446,
D3,0,RTG,40042,IPPD,Plate1,2024-10-18 10:34:11,1446,
D4,0.1,RTG,40163,IPPD,Plate1,2024-10-18 10:34:11,1446,
D5,0.5,RTG,37578,IPPD,Plate1,2024-10-18 10:34:11,1446,
D6,1,RTG,37036,IPPD,Plate1,2024-10-18 10:34:11,1446,
D7,5,RTG,38300,IPPD,Plate1,2024-10-18 10:34:11,1446,
D8,10,RTG,40419,IPPD,Plate1,2024-10-18 10:34:11,1446,
D9,20,RTG,41495,IPPD,Plate1,2024-10-18 10:34:11,1446,
A10,50,CSE,14259,IPPD,Plate2,2024-04-18 10:27:56,1429,
A11,100,CSE,14800,IPPD,Plate2,2024-04-18 10:27:56,1429,
A12,200,CSE,14066,IPPD,Plate2,2024-04-18 10:27:56,1429,
A3,0,CSE,15025,IPPD,Plate2,2024-04-18 10:27:56,1429,
A4,0.1,CSE,15166,IPPD,Plate2,2024-04-18 10:27:56,1429,
A5,0.5,CSE,14881,IPPD,Plate2,2024-04-18 10:27:56,1429,
A6,1,CSE,14738,IPPD,Plate2,2024-04-18 10:27:56,1429,
A7,5,CSE,14788,IPPD,Plate2,2024-04-18 10:27:56,1429,
A8,10,CSE,14701,IPPD,Plate2,2024-04-18 10:27:56,1429,
A9,20,CSE,14436,IPPD,Plate2,2024-04-18 10:27:56,1429,
B10,50,CSE,13924,IPPD,Plate2,2024-04-18 10:27:56,1429,
B11,100,CSE,13712,IPPD,Plate2,2024-04-18 10:27:56,1429,
B12,200,CSE,14291,IPPD,Plate2,2024-04-18 10:27:56,1429,
B3,0,CSE,12996,IPPD,Plate2,2024-04-18 10:27:56,1429,
B4,0.1,CSE,13315,IPPD,Plate2,2024-04-18 10:27:56,1429,
B5,0.5,CSE,13138,IPPD,Plate2,2024-04-18 10:27:56,1429,
B6,1,CSE,12983,IPPD,Plate2,2024-04-18 10:27:56,1429,
B7,5,CSE,12649,IPPD,Plate2,2024-04-18 10:27:56,1429,
B8,10,CSE,13482,IPPD,Plate2,2024-04-18 10:27:56,1429,
B9,20,CSE,12640,IPPD,Plate2,2024-04-18 10:27:56,1429,
C10,50,CSE,13019,IPPD,Plate2,2024-04-18 10:27:56,1429,
C11,100,CSE,13276,IPPD,Plate2,2024-04-18 10:27:56,1429,
C12,200,CSE,13903,IPPD,Plate2,2024-04-18 10:27:56,1429,
C3,0,CSE,13368,IPPD,Plate2,2024-04-18 10:27:56,1429,
C4,0.1,CSE,13318,IPPD,Plate2,2024-04-18 10:27:56,1429,
C5,0.5,CSE,13680,IPPD,Plate2,2024-04-18 10:27:56,1429,
C6,1,CSE,13938,IPPD,Plate2,2024-04-18 10:27:56,1429,
C7,5,CSE,12885,IPPD,Plate2,2024-04-18 10:27:56,1429,
C8,10,CSE,12437,IPPD,Plate2,2024-04-18 10:27:56,1429,
C9,20,CSE,11934,IPPD,Plate2,2024-04-18 10:27:56,1429,
D10,50,CSE,12255,IPPD,Plate2,2024-04-18 10:27:56,1429,
D11,100,CSE,13420,IPPD,Plate2,2024-04-18 10:27:56,1429,
D12,200,CSE,14119,IPPD,Plate2,2024-04-18 10:27:56,1429,
D3,0,CSE,13197,IPPD,Plate2,2024-04-18 10:27:56,1429,
D4,0.1,CSE,13545,IPPD,Plate2,2024-04-18 10:27:56,1429,
D5,0.5,CSE,12568,IPPD,Plate2,2024-04-18 10:27:56,1429,
D6,1,CSE,13559,IPPD,Plate2,2024-04-18 10:27:56,1429,
D7,5,CSE,12451,IPPD,Plate2,2024-04-18 10:27:56,1429,
D8,10,CSE,12429,IPPD,Plate2,2024-04-18 10:27:56,1429,
D9,20,CSE,13053,IPPD,Plate2,2024-04-18 10:27:56,1429,
E10,50,CHSE,12721,IPPD,Plate2,2024-04-18 10:27:56,1429,
E11,100,CHSE,13976,IPPD,Plate2,2024-04-18 10:27:56,1429,
E12,200,CHSE,14451,IPPD,Plate2,2024-04-18 10:27:56,1429,
E3,0,CHSE,13943,IPPD,Plate2,2024-04-18 10:27:56,1429,
E4,0.1,CHSE,14265,IPPD,Plate2,2024-04-18 10:27:56,1429,
E5,0.5,CHSE,14155,IPPD,Plate2,2024-04-18 10:27:56,1429,
E6,1,CHSE,13810,IPPD,Plate2,2024-04-18 10:27:56,1429,
E7,5,CHSE,14302,IPPD,Plate2,2024-04-18 10:27:56,1429,
E8,10,CHSE,13206,IPPD,Plate2,2024-04-18 10:27:56,1429,
E9,20,CHSE,13633,IPPD,Plate2,2024-04-18 10:27:56,1429,
F10,50,CHSE,14237,IPPD,Plate2,2024-04-18 10:27:56,1429,
F11,100,CHSE,14616,IPPD,Plate2,2024-04-18 10:27:56,1429,
F12,200,CHSE,15733,IPPD,Plate2,2024-04-18 10:27:56,1429,
F3,0,CHSE,13702,IPPD,Plate2,2024-04-18 10:27:56,1429,
F4,0.1,CHSE,14173,IPPD,Plate2,2024-04-18 10:27:56,1429,
F5,0.5,CHSE,13816,IPPD,Plate2,2024-04-18 10:27:56,1429,
F6,1,CHSE,13937,IPPD,Plate2,2024-04-18 10:27:56,1429,
F7,5,CHSE,12778,IPPD,Plate2,2024-04-18 10:27:56,1429,
F8,10,CHSE,13780,IPPD,Plate2,2024-04-18 10:27:56,1429,
F9,20,CHSE,14577,IPPD,Plate2,2024-04-18 10:27:56,1429,
G10,50,CHSE,13684,IPPD,Plate2,2024-04-18 10:27:56,1429,
G11,100,CHSE,14664,IPPD,Plate2,2024-04-18 10:27:56,1429,
G12,200,CHSE,15704,IPPD,Plate2,2024-04-18 10:27:56,1429,
G3,0,CHSE,14320,IPPD,Plate2,2024-04-18 10:27:56,1429,
G4,0.1,CHSE,13983,IPPD,Plate2,2024-04-18 10:27:56,1429,
G5,0.5,CHSE,14314,IPPD,Plate2,2024-04-18 10:27:56,1429,
G6,1,CHSE,13892,IPPD,Plate2,2024-04-18 10:27:56,1429,
G7,5,CHSE,13934,IPPD,Plate2,2024-04-18 10:27:56,1429,
G8,10,CHSE,13402,IPPD,Plate2,2024-04-18 10:27:56,1429,
G9,20,CHSE,14219,IPPD,Plate2,2024-04-18 10:27:56,1429,
H10,50,CHSE,15380,IPPD,Plate2,2024-04-18 10:27:56,1429,
H11,100,CHSE,15574,IPPD,Plate2,2024-04-18 10:27:56,1429,
H12,200,CHSE,16277,IPPD,Plate2,2024-04-18 10:27:56,1429,
H3,0,CHSE,14864,IPPD,Plate2,2024-04-18 10:27:56,1429,
H4,0.1,CHSE,15333,IPPD,Plate2,2024-04-18 10:27:56,1429,
H5,0.5,CHSE,15194,IPPD,Plate2,2024-04-18 10:27:56,1429,
H6,1,CHSE,16050,IPPD,Plate2,2024-04-18 10:27:56,1429,
H7,5,CHSE,15251,IPPD,Plate2,2024-04-18 10:27:56,1429,
H8,10,CHSE,14602,IPPD,Plate2,2024-04-18 10:27:56,1429,
H9,20,CHSE,14752,IPPD,Plate2,2024-04-18 10:27:56,1429,
A10,50,RTG,39367,IPPD,Plate2,2024-10-18 10:36:04,1444,
A11,100,RTG,39929,IPPD,Plate2,2024-10-18 10:36:04,1444,
A12,200,RTG,40074,IPPD,Plate2,2024-10-18 10:36:04,1444,
A3,0,RTG,40393,IPPD,Plate2,2024-10-18 10:36:04,1444,
A4,0.1,RTG,40220,IPPD,Plate2,2024-10-18 10:36:04,1444,
A5,0.5,RTG,33667,IPPD,Plate2,2024-10-18 10:36:04,1444,
A6,1,RTG,36115,IPPD,Plate2,2024-10-18 10:36:04,1444,
A7,5,RTG,37466,IPPD,Plate2,2024-10-18 10:36:04,1444,
A8,10,RTG,40702,IPPD,Plate2,2024-10-18 10:36:04,1444,
A9,20,RTG,38859,IPPD,Plate2,2024-10-18 10:36:04,1444,
B10,50,RTG,39294,IPPD,Plate2,2024-10-18 10:36:04,1444,
B11,100,RTG,39681,IPPD,Plate2,2024-10-18 10:36:04,1444,
B12,200,RTG,37674,IPPD,Plate2,2024-10-18 10:36:04,1444,
B3,0,RTG,39157,IPPD,Plate2,2024-10-18 10:36:04,1444,
B4,0.1,RTG,39221,IPPD,Plate2,2024-10-18 10:36:04,1444,
B5,0.5,RTG,35105,IPPD,Plate2,2024-10-18 10:36:04,1444,
B6,1,RTG,38679,IPPD,Plate2,2024-10-18 10:36:04,1444,
B7,5,RTG,38566,IPPD,Plate2,2024-10-18 10:36:04,1444,
B8,10,RTG,38814,IPPD,Plate2,2024-10-18 10:36:04,1444,
B9,20,RTG,38436,IPPD,Plate2,2024-10-18 10:36:04,1444,
C10,50,RTG,39739,IPPD,Plate2,2024-10-18 10:36:04,1444,
C11,100,RTG,39483,IPPD,Plate2,2024-10-18 10:36:04,1444,
C12,200,RTG,38795,IPPD,Plate2,2024-10-18 10:36:04,1444,
C3,0,RTG,39387,IPPD,Plate2,2024-10-18 10:36:04,1444,
C4,0.1,RTG,37944,IPPD,Plate2,2024-10-18 10:36:04,1444,
C5,0.5,RTG,36529,IPPD,Plate2,2024-10-18 10:36:04,1444,
C6,1,RTG,38189,IPPD,Plate2,2024-10-18 10:36:04,1444,
C7,5,RTG,36560,IPPD,Plate2,2024-10-18 10:36:04,1444,
C8,10,RTG,38279,IPPD,Plate2,2024-10-18 10:36:04,1444,
C9,20,RTG,37849,IPPD,Plate2,2024-10-18 10:36:04,1444,
D10,50,RTG,40207,IPPD,Plate2,2024-10-18 10:36:04,1444,
D11,100,RTG,39458,IPPD,Plate2,2024-10-18 10:36:04,1444,
D12,200,RTG,37627,IPPD,Plate2,2024-10-18 10:36:04,1444,
D3,0,RTG,40602,IPPD,Plate2,2024-10-18 10:36:04,1444,
D4,0.1,RTG,40396,IPPD,Plate2,2024-10-18 10:36:04,1444,
D5,0.5,RTG,36628,IPPD,Plate2,2024-10-18 10:36:04,1444,
D6,1,RTG,39921,IPPD,Plate2,2024-10-18 10:36:04,1444,
D7,5,RTG,39672,IPPD,Plate2,2024-10-18 10:36:04,1444,
D8,10,RTG,39354,IPPD,Plate2,2024-10-18 10:36:04,1444,
D9,20,RTG,40360,IPPD,Plate2,2024-10-18 10:36:04,1444,
A10,50,CSE,14946,IPPD,Plate3,2024-04-18 10:29:56,1428,
A11,100,CSE,14979,IPPD,Plate3,2024-04-18 10:29:56,1428,
A12,200,CSE,14537,IPPD,Plate3,2024-04-18 10:29:56,1428,
A3,0,CSE,21873,IPPD,Plate3,2024-04-18 10:29:56,1428,
A4,0.1,CSE,15681,IPPD,Plate3,2024-04-18 10:29:56,1428,
A5,0.5,CSE,15124,IPPD,Plate3,2024-04-18 10:29:56,1428,
A6,1,CSE,15062,IPPD,Plate3,2024-04-18 10:29:56,1428,
A7,5,CSE,15154,IPPD,Plate3,2024-04-18 10:29:56,1428,
A8,10,CSE,15071,IPPD,Plate3,2024-04-18 10:29:56,1428,
A9,20,CSE,14940,IPPD,Plate3,2024-04-18 10:29:56,1428,
B10,50,CSE,13879,IPPD,Plate3,2024-04-18 10:29:56,1428,
B11,100,CSE,13377,IPPD,Plate3,2024-04-18 10:29:56,1428,
B12,200,CSE,14820,IPPD,Plate3,2024-04-18 10:29:56,1428,
B3,0,CSE,13988,IPPD,Plate3,2024-04-18 10:29:56,1428,
B4,0.1,CSE,16641,IPPD,Plate3,2024-04-18 10:29:56,1428,
B5,0.5,CSE,14124,IPPD,Plate3,2024-04-18 10:29:56,1428,
B6,1,CSE,13396,IPPD,Plate3,2024-04-18 10:29:56,1428,
B7,5,CSE,15101,IPPD,Plate3,2024-04-18 10:29:56,1428,
B8,10,CSE,13838,IPPD,Plate3,2024-04-18 10:29:56,1428,
B9,20,CSE,14092,IPPD,Plate3,2024-04-18 10:29:56,1428,
C10,50,CSE,13565,IPPD,Plate3,2024-04-18 10:29:56,1428,
C11,100,CSE,13614,IPPD,Plate3,2024-04-18 10:29:56,1428,
C12,200,CSE,14294,IPPD,Plate3,2024-04-18 10:29:56,1428,
C3,0,CSE,13686,IPPD,Plate3,2024-04-18 10:29:56,1428,
C4,0.1,CSE,13704,IPPD,Plate3,2024-04-18 10:29:56,1428,
C5,0.5,CSE,13360,IPPD,Plate3,2024-04-18 10:29:56,1428,
C6,1,CSE,13094,IPPD,Plate3,2024-04-18 10:29:56,1428,
C7,5,CSE,13520,IPPD,Plate3,2024-04-18 10:29:56,1428,
C8,10,CSE,12955,IPPD,Plate3,2024-04-18 10:29:56,1428,
C9,20,CSE,13941,IPPD,Plate3,2024-04-18 10:29:56,1428,
D10,50,CSE,13050,IPPD,Plate3,2024-04-18 10:29:56,1428,
D11,100,CSE,13477,IPPD,Plate3,2024-04-18 10:29:56,1428,
D12,200,CSE,14026,IPPD,Plate3,2024-04-18 10:29:56,1428,
D3,0,CSE,13525,IPPD,Plate3,2024-04-18 10:29:56,1428,
D4,0.1,CSE,14820,IPPD,Plate3,2024-04-18 10:29:56,1428,
D5,0.5,CSE,13805,IPPD,Plate3,2024-04-18 10:29:56,1428,
D6,1,CSE,13760,IPPD,Plate3,2024-04-18 10:29:56,1428,
D7,5,CSE,14197,IPPD,Plate3,2024-04-18 10:29:56,1428,
D8,10,CSE,13352,IPPD,Plate3,2024-04-18 10:29:56,1428,
D9,20,CSE,12788,IPPD,Plate3,2024-04-18 10:29:56,1428,
E10,50,CHSE,14191,IPPD,Plate3,2024-04-18 10:29:56,1428,
E11,100,CHSE,14744,IPPD,Plate3,2024-04-18 10:29:56,1428,
E12,200,CHSE,15743,IPPD,Plate3,2024-04-18 10:29:56,1428,
E3,0,CHSE,13743,IPPD,Plate3,2024-04-18 10:29:56,1428,
E4,0.1,CHSE,11760,IPPD,Plate3,2024-04-18 10:29:56,1428,
E5,0.5,CHSE,13364,IPPD,Plate3,2024-04-18 10:29:56,1428,
E6,1,CHSE,13656,IPPD,Plate3,2024-04-18 10:29:56,1428,
E7,5,CHSE,15872,IPPD,Plate3,2024-04-18 10:29:56,1428,
E8,10,CHSE,14693,IPPD,Plate3,2024-04-18 10:29:56,1428,
E9,20,CHSE,15143,IPPD,Plate3,2024-04-18 10:29:56,1428,
F10,50,CHSE,14382,IPPD,Plate3,2024-04-18 10:29:56,1428,
F11,100,CHSE,14421,IPPD,Plate3,2024-04-18 10:29:56,1428,
F12,200,CHSE,16320,IPPD,Plate3,2024-04-18 10:29:56,1428,
F3,0,CHSE,14374,IPPD,Plate3,2024-04-18 10:29:56,1428,
F4,0.1,CHSE,14346,IPPD,Plate3,2024-04-18 10:29:56,1428,
F5,0.5,CHSE,14019,IPPD,Plate3,2024-04-18 10:29:56,1428,
F6,1,CHSE,14139,IPPD,Plate3,2024-04-18 10:29:56,1428,
F7,5,CHSE,14254,IPPD,Plate3,2024-04-18 10:29:56,1428,
F8,10,CHSE,15603,IPPD,Plate3,2024-04-18 10:29:56,1428,
F9,20,CHSE,14941,IPPD,Plate3,2024-04-18 10:29:56,1428,
G10,50,CHSE,14828,IPPD,Plate3,2024-04-18 10:29:56,1428,
G11,100,CHSE,15692,IPPD,Plate3,2024-04-18 10:29:56,1428,
G12,200,CHSE,16348,IPPD,Plate3,2024-04-18 10:29:56,1428,
G3,0,CHSE,15197,IPPD,Plate3,2024-04-18 10:29:56,1428,
G4,0.1,CHSE,15004,IPPD,Plate3,2024-04-18 10:29:56,1428,
G5,0.5,CHSE,15278,IPPD,Plate3,2024-04-18 10:29:56,1428,
G6,1,CHSE,14980,IPPD,Plate3,2024-04-18 10:29:56,1428,
G7,5,CHSE,15104,IPPD,Plate3,2024-04-18 10:29:56,1428,
G8,10,CHSE,15376,IPPD,Plate3,2024-04-18 10:29:56,1428,
G9,20,CHSE,14131,IPPD,Plate3,2024-04-18 10:29:56,1428,
H10,50,CHSE,15848,IPPD,Plate3,2024-04-18 10:29:56,1428,
H11,100,CHSE,16070,IPPD,Plate3,2024-04-18 10:29:56,1428,
H12,200,CHSE,16657,IPPD,Plate3,2024-04-18 10:29:56,1428,
H3,0,CHSE,15493,IPPD,Plate3,2024-04-18 10:29:56,1428,
H4,0.1,CHSE,15773,IPPD,Plate3,2024-04-18 10:29:56,1428,
H5,0.5,CHSE,15293,IPPD,Plate3,2024-04-18 10:29:56,1428,
H6,1,CHSE,15653,IPPD,Plate3,2024-04-18 10:29:56,1428,
H7,5,CHSE,15375,IPPD,Plate3,2024-04-18 10:29:56,1428,
H8,10,CHSE,15882,IPPD,Plate3,2024-04-18 10:29:56,1428,
H9,20,CHSE,15995,IPPD,Plate3,2024-04-18 10:29:56,1428,
A10,50,RTG,39800,IPPD,Plate3,2024-10-18 10:38:03,1442,
A11,100,RTG,40241,IPPD,Plate3,2024-10-18 10:38:03,1442,
A12,200,RTG,38604,IPPD,Plate3,2024-10-18 10:38:03,1442,
A3,0,RTG,37533,IPPD,Plate3,2024-10-18 10:38:03,1442,
A4,0.1,RTG,39709,IPPD,Plate3,2024-10-18 10:38:03,1442,
A5,0.5,RTG,39670,IPPD,Plate3,2024-10-18 10:38:03,1442,
A6,1,RTG,39008,IPPD,Plate3,2024-10-18 10:38:03,1442,
A7,5,RTG,38640,IPPD,Plate3,2024-10-18 10:38:03,1442,
A8,10,RTG,40182,IPPD,Plate3,2024-10-18 10:38:03,1442,
A9,20,RTG,40514,IPPD,Plate3,2024-10-18 10:38:03,1442,
B10,50,RTG,38444,IPPD,Plate3,2024-10-18 10:38:03,1442,
B11,100,RTG,39263,IPPD,Plate3,2024-10-18 10:38:03,1442,
B12,200,RTG,38684,IPPD,Plate3,2024-10-18 10:38:03,1442,
B3,0,RTG,38055,IPPD,Plate3,2024-10-18 10:38:03,1442,
B4,0.1,RTG,38288,IPPD,Plate3,2024-10-18 10:38:03,1442,
B5,0.5,RTG,37733,IPPD,Plate3,2024-10-18 10:38:03,1442,
B6,1,RTG,37474,IPPD,Plate3,2024-10-18 10:38:03,1442,
B7,5,RTG,37907,IPPD,Plate3,2024-10-18 10:38:03,1442,
B8,10,RTG,38276,IPPD,Plate3,2024-10-18 10:38:03,1442,
B9,20,RTG,39054,IPPD,Plate3,2024-10-18 10:38:03,1442,
C10,50,RTG,38774,IPPD,Plate3,2024-10-18 10:38:03,1442,
C11,100,RTG,38195,IPPD,Plate3,2024-10-18 10:38:03,1442,
C12,200,RTG,37749,IPPD,Plate3,2024-10-18 10:38:03,1442,
C3,0,RTG,37189,IPPD,Plate3,2024-10-18 10:38:03,1442,
C4,0.1,RTG,38368,IPPD,Plate3,2024-10-18 10:38:03,1442,
C5,0.5,RTG,36968,IPPD,Plate3,2024-10-18 10:38:03,1442,
C6,1,RTG,35844,IPPD,Plate3,2024-10-18 10:38:03,1442,
C7,5,RTG,37848,IPPD,Plate3,2024-10-18 10:38:03,1442,
C8,10,RTG,38770,IPPD,Plate3,2024-10-18 10:38:03,1442,
C9,20,RTG,39527,IPPD,Plate3,2024-10-18 10:38:03,1442,
D10,50,RTG,38443,IPPD,Plate3,2024-10-18 10:38:03,1442,
D11,100,RTG,37190,IPPD,Plate3,2024-10-18 10:38:03,1442,
D12,200,RTG,34604,IPPD,Plate3,2024-10-18 10:38:03,1442,
D3,0,RTG,36335,IPPD,Plate3,2024-10-18 10:38:03,1442,
D4,0.1,RTG,38627,IPPD,Plate3,2024-10-18 10:38:03,1442,
D5,0.5,RTG,39693,IPPD,Plate3,2024-10-18 10:38:03,1442,
D6,1,RTG,37317,IPPD,Plate3,2024-10-18 10:38:03,1442,
D7,5,RTG,38719,IPPD,Plate3,2024-10-18 10:38:03,1442,
D8,10,RTG,37559,IPPD,Plate3,2024-10-18 10:38:03,1442,
D9,20,RTG,39970,IPPD,Plate3,2024-10-18 10:38:03,1442,
A10,100,CSE,14700,IPPD,Plate1,2024-04-18 10:25:57,1072,t0
A11,200,CSE,15211,IPPD,Plate1,2024-04-18 10:25:57,1072,t0
A12,400,CSE,15315,IPPD,Plate1,2024-04-18 10:25:57,1072,t0
A3,0,CSE,15479,IPPD,Plate1,2024-04-18 10:25:57,1072,t0
A4,0.1,CSE,14975,IPPD,Plate1,2024-04-18 10:25:57,1072,t0
A5,1,CSE,15078,IPPD,Plate1,2024-04-18 10:25:57,1072,t0
A6,5,CSE,15054,IPPD,Plate1,2024-04-18 10:25:57,1072,t0
A7,10,CSE,15487,IPPD,Plate1,2024-04-18 10:25:57,1072,t0
A8,20,CSE,15260,IPPD,Plate1,2024-04-18 10:25:57,1072,t0
A9,50,CSE,14797,IPPD,Plate1,2024-04-18 10:25:57,1072,t0
B10,100,CSE,13257,IPPD,Plate1,2024-04-18 10:25:57,1072,t0
B11,200,CSE,12916,IPPD,Plate1,2024-04-18 10:25:57,1072,t0
B12,400,CSE,13977,IPPD,Plate1,2024-04-18 10:25:57,1072,t0
B3,0,CSE,13701,IPPD,Plate1,2024-04-18 10:25:57,1072,t0
B4,0.1,CSE,14416,IPPD,Plate1,2024-04-18 10:25:57,1072,t0
B5,1,CSE,13895,IPPD,Plate1,2024-04-18 10:25:57,1072,t0
B6,5,CSE,14101,IPPD,Plate1,2024-04-18 10:25:57,1072,t0
B7,10,CSE,13374,IPPD,Plate1,2024-04-18 10:25:57,1072,t0
B8,20,CSE,13520,IPPD,Plate1,2024-04-18 10:25:57,1072,t0
B9,50,CSE,13492,IPPD,Plate1,2024-04-18 10:25:57,1072,t0
C10,100,CSE,12832,IPPD,Plate1,2024-04-18 10:25:57,1072,t0
C11,200,CSE,12667,IPPD,Plate1,2024-04-18 10:25:57,1072,t0
C12,400,CSE,14299,IPPD,Plate1,2024-04-18 10:25:57,1072,t0
C3,0,CSE,14017,IPPD,Plate1,2024-04-18 10:25:57,1072,t0
C4,0.1,CSE,12776,IPPD,Plate1,2024-04-18 10:25:57,1072,t0
C5,1,CSE,13322,IPPD,Plate1,2024-04-18 10:25:57,1072,t0
C6,5,CSE,13332,IPPD,Plate1,2024-04-18 10:25:57,1072,t0
C7,10,CSE,12293,IPPD,Plate1,2024-04-18 10:25:57,1072,t0
C8,20,CSE,12821,IPPD,Plate1,2024-04-18 10:25:57,1072,t0
C9,50,CSE,13127,IPPD,Plate1,2024-04-18 10:25:57,1072,t0
D10,100,CSE,13403,IPPD,Plate1,2024-04-18 10:25:57,1072,t0
D11,200,CSE,12532,IPPD,Plate1,2024-04-18 10:25:57,1072,t0
D12,400,CSE,14378,IPPD,Plate1,2024-04-18 10:25:57,1072,t0
D3,0,CSE,12716,IPPD,Plate1,2024-04-18 10:25:57,1072,t0
D4,0.1,CSE,13039,IPPD,Plate1,2024-04-18 10:25:57,1072,t0
D5,1,CSE,12103,IPPD,Plate1,2024-04-18 10:25:57,1072,t0
D6,5,CSE,12610,IPPD,Plate1,2024-04-18 10:25:57,1072,t0
D7,10,CSE,13275,IPPD,Plate1,2024-04-18 10:25:57,1072,t0
D8,20,CSE,13812,IPPD,Plate1,2024-04-18 10:25:57,1072,t0
D9,50,CSE,13511,IPPD,Plate1,2024-04-18 10:25:57,1072,t0
E10,100,CHSE,12796,IPPD,Plate1,2024-04-18 10:25:57,1072,t0
E11,200,CHSE,13960,IPPD,Plate1,2024-04-18 10:25:57,1072,t0
E12,400,CHSE,15483,IPPD,Plate1,2024-04-18 10:25:57,1072,t0
E3,0,CHSE,13836,IPPD,Plate1,2024-04-18 10:25:57,1072,t0
E4,0.1,CHSE,13602,IPPD,Plate1,2024-04-18 10:25:57,1072,t0
E5,1,CHSE,13367,IPPD,Plate1,2024-04-18 10:25:57,1072,t0
E6,5,CHSE,13944,IPPD,Plate1,2024-04-18 10:25:57,1072,t0
E7,10,CHSE,14137,IPPD,Plate1,2024-04-18 10:25:57,1072,t0
E8,20,CHSE,14297,IPPD,Plate1,2024-04-18 10:25:57,1072,t0
E9,50,CHSE,12951,IPPD,Plate1,2024-04-18 10:25:57,1072,t0
F10,100,CHSE,13081,IPPD,Plate1,2024-04-18 10:25:57,1072,t0
F11,200,CHSE,13897,IPPD,Plate1,2024-04-18 10:25:57,1072,t0
F12,400,CHSE,15867,IPPD,Plate1,2024-04-18 10:25:57,1072,t0
F3,0,CHSE,13784,IPPD,Plate1,2024-04-18 10:25:57,1072,t0
F4,0.1,CHSE,13573,IPPD,Plate1,2024-04-18 10:25:57,1072,t0
F5,1,CHSE,13996,IPPD,Plate1,2024-04-18 10:25:57,1072,t0
F6,5,CHSE,13571,IPPD,Plate1,2024-04-18 10:25:57,1072,t0
F7,10,CHSE,13336,IPPD,Plate1,2024-04-18 10:25:57,1072,t0
F8,20,CHSE,13450,IPPD,Plate1,2024-04-18 10:25:57,1072,t0
F9,50,CHSE,13046,IPPD,Plate1,2024-04-18 10:25:57,1072,t0
G10,100,CHSE,13485,IPPD,Plate1,2024-04-18 10:25:57,1072,t0
G11,200,CHSE,13558,IPPD,Plate1,2024-04-18 10:25:57,1072,t0
G12,400,CHSE,14946,IPPD,Plate1,2024-04-18 10:25:57,1072,t0
G3,0,CHSE,13988,IPPD,Plate1,2024-04-18 10:25:57,1072,t0
G4,0.1,CHSE,13958,IPPD,Plate1,2024-04-18 10:25:57,1072,t0
G5,1,CHSE,13538,IPPD,Plate1,2024-04-18 10:25:57,1072,t0
G6,5,CHSE,13429,IPPD,Plate1,2024-04-18 10:25:57,1072,t0
G7,10,CHSE,13858,IPPD,Plate1,2024-04-18 10:25:57,1072,t0
G8,20,CHSE,13624,IPPD,Plate1,2024-04-18 10:25:57,1072,t0
G9,50,CHSE,13410,IPPD,Plate1,2024-04-18 10:25:57,1072,t0
H10,100,CHSE,14979,IPPD,Plate1,2024-04-18 10:25:57,1072,t0
H11,200,CHSE,15153,IPPD,Plate1,2024-04-18 10:25:57,1072,t0
H12,400,CHSE,15917,IPPD,Plate1,2024-04-18 10:25:57,1072,t0
H3,0,CHSE,15061,IPPD,Plate1,2024-04-18 10:25:57,1072,t0
H4,0.1,CHSE,16380,IPPD,Plate1,2024-04-18 10:25:57,1072,t0
H5,1,CHSE,15487,IPPD,Plate1,2024-04-18 10:25:57,1072,t0
H6,5,CHSE,15564,IPPD,Plate1,2024-04-18 10:25:57,1072,t0
H7,10,CHSE,14693,IPPD,Plate1,2024-04-18 10:25:57,1072,t0
H8,20,CHSE,14460,IPPD,Plate1,2024-04-18 10:25:57,1072,t0
H9,50,CHSE,14641,IPPD,Plate1,2024-04-18 10:25:57,1072,t0
A10,100,CSE,12633,IPPD,Plate2,2024-09-18 12:40:07,1456,t0
A11,200,CSE,12916,IPPD,Plate2,2024-09-18 12:40:07,1456,t0
A12,400,CSE,12716,IPPD,Plate2,2024-09-18 12:40:07,1456,t0
A3,0,CSE,13187,IPPD,Plate2,2024-09-18 12:40:07,1456,t0
A4,0.1,CSE,12716,IPPD,Plate2,2024-09-18 12:40:07,1456,t0
A5,1,CSE,12501,IPPD,Plate2,2024-09-18 12:40:07,1456,t0
A6,5,CSE,12741,IPPD,Plate2,2024-09-18 12:40:07,1456,t0
A7,10,CSE,12184,IPPD,Plate2,2024-09-18 12:40:07,1456,t0
A8,20,CSE,12567,IPPD,Plate2,2024-09-18 12:40:07,1456,t0
A9,50,CSE,13347,IPPD,Plate2,2024-09-18 12:40:07,1456,t0
B10,100,CSE,13035,IPPD,Plate2,2024-09-18 12:40:07,1456,t0
B11,200,CSE,11381,IPPD,Plate2,2024-09-18 12:40:07,1456,t0
B12,400,CSE,12719,IPPD,Plate2,2024-09-18 12:40:07,1456,t0
B3,0,CSE,12704,IPPD,Plate2,2024-09-18 12:40:07,1456,t0
B4,0.1,CSE,12173,IPPD,Plate2,2024-09-18 12:40:07,1456,t0
B5,1,CSE,12501,IPPD,Plate2,2024-09-18 12:40:07,1456,t0
B6,5,CSE,12133,IPPD,Plate2,2024-09-18 12:40:07,1456,t0
B7,10,CSE,12623,IPPD,Plate2,2024-09-18 12:40:07,1456,t0
B8,20,CSE,11471,IPPD,Plate2,2024-09-18 12:40:07,1456,t0
B9,50,CSE,11719,IPPD,Plate2,2024-09-18 12:40:07,1456,t0
C10,100,CSE,11900,IPPD,Plate2,2024-09-18 12:40:07,1456,t0
C11,200,CSE,12275,IPPD,Plate2,2024-09-18 12:40:07,1456,t0
C12,400,CSE,13376,IPPD,Plate2,2024-09-18 12:40:07,1456,t0
C3,0,CSE,12898,IPPD,Plate2,2024-09-18 12:40:07,1456,t0
C4,0.1,CSE,11958,IPPD,Plate2,2024-09-18 12:40:07,1456,t0
C5,1,CSE,12205,IPPD,Plate2,2024-09-18 12:40:07,1456,t0
C6,5,CSE,12830,IPPD,Plate2,2024-09-18 12:40:07,1456,t0
C7,10,CSE,11786,IPPD,Plate2,2024-09-18 12:40:07,1456,t0
C8,20,CSE,12470,IPPD,Plate2,2024-09-18 12:40:07,1456,t0
C9,50,CSE,12321,IPPD,Plate2,2024-09-18 12:40:07,1456,t0
D10,100,CSE,12418,IPPD,Plate2,2024-09-18 12:40:07,1456,t0
D11,200,CSE,12651,IPPD,Plate2,2024-09-18 12:40:07,1456,t0
D12,400,CSE,13018,IPPD,Plate2,2024-09-18 12:40:07,1456,t0
D3,0,CSE,11772,IPPD,Plate2,2024-09-18 12:40:07,1456,t0
D4,0.1,CSE,11759,IPPD,Plate2,2024-09-18 12:40:07,1456,t0
D5,1,CSE,11975,IPPD,Plate2,2024-09-18 12:40:07,1456,t0
D6,5,CSE,12174,IPPD,Plate2,2024-09-18 12:40:07,1456,t0
D7,10,CSE,12703,IPPD,Plate2,2024-09-18 12:40:07,1456,t0
D8,20,CSE,12187,IPPD,Plate2,2024-09-18 12:40:07,1456,t0
D9,50,CSE,11915,IPPD,Plate2,2024-09-18 12:40:07,1456,t0
E10,100,CHSE,14060,IPPD,Plate2,2024-09-18 12:40:07,1456,t0
E11,200,CHSE,15159,IPPD,Plate2,2024-09-18 12:40:07,1456,t0
E12,400,CHSE,15500,IPPD,Plate2,2024-09-18 12:40:07,1456,t0
E3,0,CHSE,15928,IPPD,Plate2,2024-09-18 12:40:07,1456,t0
E4,0.1,CHSE,14792,IPPD,Plate2,2024-09-18 12:40:07,1456,t0
E5,1,CHSE,16219,IPPD,Plate2,2024-09-18 12:40:07,1456,t0
E6,5,CHSE,14675,IPPD,Plate2,2024-09-18 12:40:07,1456,t0
E7,10,CHSE,14099,IPPD,Plate2,2024-09-18 12:40:07,1456,t0
E8,20,CHSE,15027,IPPD,Plate2,2024-09-18 12:40:07,1456,t0
E9,50,CHSE,15223,IPPD,Plate2,2024-09-18 12:40:07,1456,t0
F10,100,CHSE,15470,IPPD,Plate2,2024-09-18 12:40:07,1456,t0
F11,200,CHSE,15635,IPPD,Plate2,2024-09-18 12:40:07,1456,t0
F12,400,CHSE,16461,IPPD,Plate2,2024-09-18 12:40:07,1456,t0
F3,0,CHSE,15762,IPPD,Plate2,2024-09-18 12:40:07,1456,t0
F4,0.1,CHSE,15670,IPPD,Plate2,2024-09-18 12:40:07,1456,t0
F5,1,CHSE,14766,IPPD,Plate2,2024-09-18 12:40:07,1456,t0
F6,5,CHSE,14789,IPPD,Plate2,2024-09-18 12:40:07,1456,t0
F7,10,CHSE,15046,IPPD,Plate2,2024-09-18 12:40:07,1456,t0
F8,20,CHSE,14678,IPPD,Plate2,2024-09-18 12:40:07,1456,t0
F9,50,CHSE,15832,IPPD,Plate2,2024-09-18 12:40:07,1456,t0
G10,100,CHSE,14898,IPPD,Plate2,2024-09-18 12:40:07,1456,t0
G11,200,CHSE,15511,IPPD,Plate2,2024-09-18 12:40:07,1456,t0
G12,400,CHSE,15922,IPPD,Plate2,2024-09-18 12:40:07,1456,t0
G3,0,CHSE,14801,IPPD,Plate2,2024-09-18 12:40:07,1456,t0
G4,0.1,CHSE,15730,IPPD,Plate2,2024-09-18 12:40:07,1456,t0
G5,1,CHSE,15853,IPPD,Plate2,2024-09-18 12:40:07,1456,t0
G6,5,CHSE,15677,IPPD,Plate2,2024-09-18 12:40:07,1456,t0
G7,10,CHSE,15142,IPPD,Plate2,2024-09-18 12:40:07,1456,t0
G8,20,CHSE,15405,IPPD,Plate2,2024-09-18 12:40:07,1456,t0
G9,50,CHSE,15082,IPPD,Plate2,2024-09-18 12:40:07,1456,t0
H10,100,CHSE,15418,IPPD,Plate2,2024-09-18 12:40:07,1456,t0
H11,200,CHSE,15790,IPPD,Plate2,2024-09-18 12:40:07,1456,t0
H12,400,CHSE,14731,IPPD,Plate2,2024-09-18 12:40:07,1456,t0
H3,0,CHSE,15581,IPPD,Plate2,2024-09-18 12:40:07,1456,t0
H4,0.1,CHSE,15637,IPPD,Plate2,2024-09-18 12:40:07,1456,t0
H5,1,CHSE,16146,IPPD,Plate2,2024-09-18 12:40:07,1456,t0
H6,5,CHSE,15865,IPPD,Plate2,2024-09-18 12:40:07,1456,t0
H7,10,CHSE,15703,IPPD,Plate2,2024-09-18 12:40:07,1456,t0
H8,20,CHSE,15404,IPPD,Plate2,2024-09-18 12:40:07,1456,t0
H9,50,CHSE,15616,IPPD,Plate2,2024-09-18 12:40:07,1456,t0
A10,100,CSE,12805,IPPD,Plate3,2024-09-18 12:43:20,1448,t0
A11,200,CSE,12192,IPPD,Plate3,2024-09-18 12:43:20,1448,t0
A12,400,CSE,12222,IPPD,Plate3,2024-09-18 12:43:20,1448,t0
A3,0,CSE,14780,IPPD,Plate3,2024-09-18 12:43:20,1448,t0
A4,0.1,CSE,14620,IPPD,Plate3,2024-09-18 12:43:20,1448,t0
A5,1,CSE,13474,IPPD,Plate3,2024-09-18 12:43:20,1448,t0
A6,5,CSE,13320,IPPD,Plate3,2024-09-18 12:43:20,1448,t0
A7,10,CSE,13191,IPPD,Plate3,2024-09-18 12:43:20,1448,t0
A8,20,CSE,12479,IPPD,Plate3,2024-09-18 12:43:20,1448,t0
A9,50,CSE,13059,IPPD,Plate3,2024-09-18 12:43:20,1448,t0
B10,100,CSE,12240,IPPD,Plate3,2024-09-18 12:43:20,1448,t0
B11,200,CSE,11830,IPPD,Plate3,2024-09-18 12:43:20,1448,t0
B12,400,CSE,12777,IPPD,Plate3,2024-09-18 12:43:20,1448,t0
B3,0,CSE,12010,IPPD,Plate3,2024-09-18 12:43:20,1448,t0
B4,0.1,CSE,13214,IPPD,Plate3,2024-09-18 12:43:20,1448,t0
B5,1,CSE,12726,IPPD,Plate3,2024-09-18 12:43:20,1448,t0
B6,5,CSE,11366,IPPD,Plate3,2024-09-18 12:43:20,1448,t0
B7,10,CSE,12301,IPPD,Plate3,2024-09-18 12:43:20,1448,t0
B8,20,CSE,13403,IPPD,Plate3,2024-09-18 12:43:20,1448,t0
B9,50,CSE,12549,IPPD,Plate3,2024-09-18 12:43:20,1448,t0
C10,100,CSE,10978,IPPD,Plate3,2024-09-18 12:43:20,1448,t0
C11,200,CSE,10261,IPPD,Plate3,2024-09-18 12:43:20,1448,t0
C12,400,CSE,10777,IPPD,Plate3,2024-09-18 12:43:20,1448,t0
C3,0,CSE,11707,IPPD,Plate3,2024-09-18 12:43:20,1448,t0
C4,0.1,CSE,12433,IPPD,Plate3,2024-09-18 12:43:20,1448,t0
C5,1,CSE,11975,IPPD,Plate3,2024-09-18 12:43:20,1448,t0
C6,5,CSE,11034,IPPD,Plate3,2024-09-18 12:43:20,1448,t0
C7,10,CSE,11895,IPPD,Plate3,2024-09-18 12:43:20,1448,t0
C8,20,CSE,11780,IPPD,Plate3,2024-09-18 12:43:20,1448,t0
C9,50,CSE,11566,IPPD,Plate3,2024-09-18 12:43:20,1448,t0
D10,100,CSE,11284,IPPD,Plate3,2024-09-18 12:43:20,1448,t0
D11,200,CSE,9606,IPPD,Plate3,2024-09-18 12:43:20,1448,t0
D12,400,CSE,9004,IPPD,Plate3,2024-09-18 12:43:20,1448,t0
D3,0,CSE,10177,IPPD,Plate3,2024-09-18 12:43:20,1448,t0
D4,0.1,CSE,11037,IPPD,Plate3,2024-09-18 12:43:20,1448,t0
D5,1,CSE,10771,IPPD,Plate3,2024-09-18 12:43:20,1448,t0
D6,5,CSE,12072,IPPD,Plate3,2024-09-18 12:43:20,1448,t0
D7,10,CSE,11499,IPPD,Plate3,2024-09-18 12:43:20,1448,t0
D8,20,CSE,11019,IPPD,Plate3,2024-09-18 12:43:20,1448,t0
D9,50,CSE,10555,IPPD,Plate3,2024-09-18 12:43:20,1448,t0
E10,100,CHSE,16782,IPPD,Plate3,2024-09-18 12:43:20,1448,t0
E11,200,CHSE,15309,IPPD,Plate3,2024-09-18 12:43:20,1448,t0
E12,400,CHSE,16359,IPPD,Plate3,2024-09-18 12:43:20,1448,t0
E3,0,CHSE,16128,IPPD,Plate3,2024-09-18 12:43:20,1448,t0
E4,0.1,CHSE,16361,IPPD,Plate3,2024-09-18 12:43:20,1448,t0
E5,1,CHSE,16735,IPPD,Plate3,2024-09-18 12:43:20,1448,t0
E6,5,CHSE,16665,IPPD,Plate3,2024-09-18 12:43:20,1448,t0
E7,10,CHSE,15359,IPPD,Plate3,2024-09-18 12:43:20,1448,t0
E8,20,CHSE,15401,IPPD,Plate3,2024-09-18 12:43:20,1448,t0
E9,50,CHSE,17090,IPPD,Plate3,2024-09-18 12:43:20,1448,t0
F10,100,CHSE,16411,IPPD,Plate3,2024-09-18 12:43:20,1448,t0
F11,200,CHSE,17212,IPPD,Plate3,2024-09-18 12:43:20,1448,t0
F12,400,CHSE,18510,IPPD,Plate3,2024-09-18 12:43:20,1448,t0
F3,0,CHSE,15901,IPPD,Plate3,2024-09-18 12:43:20,1448,t0
F4,0.1,CHSE,16309,IPPD,Plate3,2024-09-18 12:43:20,1448,t0
F5,1,CHSE,15731,IPPD,Plate3,2024-09-18 12:43:20,1448,t0
F6,5,CHSE,16408,IPPD,Plate3,2024-09-18 12:43:20,1448,t0
F7,10,CHSE,16989,IPPD,Plate3,2024-09-18 12:43:20,1448,t0
F8,20,CHSE,16780,IPPD,Plate3,2024-09-18 12:43:20,1448,t0
F9,50,CHSE,16919,IPPD,Plate3,2024-09-18 12:43:20,1448,t0
G10,100,CHSE,16101,IPPD,Plate3,2024-09-18 12:43:20,1448,t0
G11,200,CHSE,15674,IPPD,Plate3,2024-09-18 12:43:20,1448,t0
G12,400,CHSE,16615,IPPD,Plate3,2024-09-18 12:43:20,1448,t0
G3,0,CHSE,16380,IPPD,Plate3,2024-09-18 12:43:20,1448,t0
G4,0.1,CHSE,16136,IPPD,Plate3,2024-09-18 12:43:20,1448,t0
G5,1,CHSE,16168,IPPD,Plate3,2024-09-18 12:43:20,1448,t0
G6,5,CHSE,15921,IPPD,Plate3,2024-09-18 12:43:20,1448,t0
G7,10,CHSE,16018,IPPD,Plate3,2024-09-18 12:43:20,1448,t0
G8,20,CHSE,15695,IPPD,Plate3,2024-09-18 12:43:20,1448,t0
G9,50,CHSE,16098,IPPD,Plate3,2024-09-18 12:43:20,1448,t0
H10,100,CHSE,16782,IPPD,Plate3,2024-09-18 12:43:20,1448,t0
H11,200,CHSE,15862,IPPD,Plate3,2024-09-18 12:43:20,1448,t0
H12,400,CHSE,16238,IPPD,Plate3,2024-09-18 12:43:20,1448,t0
H3,0,CHSE,16486,IPPD,Plate3,2024-09-18 12:43:20,1448,t0
H4,0.1,CHSE,17125,IPPD,Plate3,2024-09-18 12:43:20,1448,t0
H5,1,CHSE,16348,IPPD,Plate3,2024-09-18 12:43:20,1448,t0
H6,5,CHSE,16810,IPPD,Plate3,2024-09-18 12:43:20,1448,t0
H7,10,CHSE,16613,IPPD,Plate3,2024-09-18 12:43:20,1448,t0
H8,20,CHSE,16158,IPPD,Plate3,2024-09-18 12:43:20,1448,t0
H9,50,CHSE,15830,IPPD,Plate3,2024-09-18 12:43:20,1448,t0
A10,100,RTG,22138,IPPD,Plate4,2024-09-18 12:46:11,1444,t0
A11,200,RTG,23385,IPPD,Plate4,2024-09-18 12:46:11,1444,t0
A12,400,RTG,23221,IPPD,Plate4,2024-09-18 12:46:11,1444,t0
A3,0,RTG,26149,IPPD,Plate4,2024-09-18 12:46:11,1444,t0
A4,0.1,RTG,25491,IPPD,Plate4,2024-09-18 12:46:11,1444,t0
A5,1,RTG,25978,IPPD,Plate4,2024-09-18 12:46:11,1444,t0
A6,5,RTG,24933,IPPD,Plate4,2024-09-18 12:46:11,1444,t0
A7,10,RTG,25253,IPPD,Plate4,2024-09-18 12:46:11,1444,t0
A8,20,RTG,24662,IPPD,Plate4,2024-09-18 12:46:11,1444,t0
A9,50,RTG,27508,IPPD,Plate4,2024-09-18 12:46:11,1444,t0
B10,100,RTG,22661,IPPD,Plate4,2024-09-18 12:46:11,1444,t0
B11,200,RTG,23507,IPPD,Plate4,2024-09-18 12:46:11,1444,t0
B12,400,RTG,21832,IPPD,Plate4,2024-09-18 12:46:11,1444,t0
B3,0,RTG,25765,IPPD,Plate4,2024-09-18 12:46:11,1444,t0
B4,0.1,RTG,23821,IPPD,Plate4,2024-09-18 12:46:11,1444,t0
B5,1,RTG,24077,IPPD,Plate4,2024-09-18 12:46:11,1444,t0
B6,5,RTG,24932,IPPD,Plate4,2024-09-18 12:46:11,1444,t0
B7,10,RTG,22882,IPPD,Plate4,2024-09-18 12:46:11,1444,t0
B8,20,RTG,25095,IPPD,Plate4,2024-09-18 12:46:11,1444,t0
B9,50,RTG,24082,IPPD,Plate4,2024-09-18 12:46:11,1444,t0
C10,100,RTG,21500,IPPD,Plate4,2024-09-18 12:46:11,1444,t0
C11,200,RTG,21380,IPPD,Plate4,2024-09-18 12:46:11,1444,t0
C12,400,RTG,20359,IPPD,Plate4,2024-09-18 12:46:11,1444,t0
C3,0,RTG,23027,IPPD,Plate4,2024-09-18 12:46:11,1444,t0
C4,0.1,RTG,21948,IPPD,Plate4,2024-09-18 12:46:11,1444,t0
C5,1,RTG,21463,IPPD,Plate4,2024-09-18 12:46:11,1444,t0
C6,5,RTG,22993,IPPD,Plate4,2024-09-18 12:46:11,1444,t0
C7,10,RTG,23164,IPPD,Plate4,2024-09-18 12:46:11,1444,t0
C8,20,RTG,23099,IPPD,Plate4,2024-09-18 12:46:11,1444,t0
C9,50,RTG,22120,IPPD,Plate4,2024-09-18 12:46:11,1444,t0
D10,100,RTG,19992,IPPD,Plate4,2024-09-18 12:46:11,1444,t0
D11,200,RTG,19904,IPPD,Plate4,2024-09-18 12:46:11,1444,t0
D12,400,RTG,18673,IPPD,Plate4,2024-09-18 12:46:11,1444,t0
D3,0,RTG,22569,IPPD,Plate4,2024-09-18 12:46:11,1444,t0
D4,0.1,RTG,22470,IPPD,Plate4,2024-09-18 12:46:11,1444,t0
D5,1,RTG,22917,IPPD,Plate4,2024-09-18 12:46:11,1444,t0
D6,5,RTG,23130,IPPD,Plate4,2024-09-18 12:46:11,1444,t0
D7,10,RTG,22274,IPPD,Plate4,2024-09-18 12:46:11,1444,t0
D8,20,RTG,23414,IPPD,Plate4,2024-09-18 12:46:11,1444,t0
D9,50,RTG,21343,IPPD,Plate4,2024-09-18 12:46:11,1444,t0
A10,100,RTG,27921,IPPD,Plate5,2024-09-18 12:48:36,1442,t0
A11,200,RTG,26327,IPPD,Plate5,2024-09-18 12:48:36,1442,t0
A12,400,RTG,24612,IPPD,Plate5,2024-09-18 12:48:36,1442,t0
A3,0,RTG,23936,IPPD,Plate5,2024-09-18 12:48:36,1442,t0
A4,0.1,RTG,24835,IPPD,Plate5,2024-09-18 12:48:36,1442,t0
A5,1,RTG,26049,IPPD,Plate5,2024-09-18 12:48:36,1442,t0
A6,5,RTG,25874,IPPD,Plate5,2024-09-18 12:48:36,1442,t0
A7,10,RTG,26449,IPPD,Plate5,2024-09-18 12:48:36,1442,t0
A8,20,RTG,26318,IPPD,Plate5,2024-09-18 12:48:36,1442,t0
A9,50,RTG,27508,IPPD,Plate5,2024-09-18 12:48:36,1442,t0
B10,100,RTG,23718,IPPD,Plate5,2024-09-18 12:48:36,1442,t0
B11,200,RTG,24596,IPPD,Plate5,2024-09-18 12:48:36,1442,t0
B12,400,RTG,23105,IPPD,Plate5,2024-09-18 12:48:36,1442,t0
B3,0,RTG,24762,IPPD,Plate5,2024-09-18 12:48:36,1442,t0
B4,0.1,RTG,24288,IPPD,Plate5,2024-09-18 12:48:36,1442,t0
B5,1,RTG,25475,IPPD,Plate5,2024-09-18 12:48:36,1442,t0
B6,5,RTG,25562,IPPD,Plate5,2024-09-18 12:48:36,1442,t0
B7,10,RTG,22858,IPPD,Plate5,2024-09-18 12:48:36,1442,t0
B8,20,RTG,21548,IPPD,Plate5,2024-09-18 12:48:36,1442,t0
B9,50,RTG,26803,IPPD,Plate5,2024-09-18 12:48:36,1442,t0
C10,100,RTG,24510,IPPD,Plate5,2024-09-18 12:48:36,1442,t0
C11,200,RTG,23630,IPPD,Plate5,2024-09-18 12:48:36,1442,t0
C12,400,RTG,23358,IPPD,Plate5,2024-09-18 12:48:36,1442,t0
C3,0,RTG,24254,IPPD,Plate5,2024-09-18 12:48:36,1442,t0
C4,0.1,RTG,26424,IPPD,Plate5,2024-09-18 12:48:36,1442,t0
C5,1,RTG,25579,IPPD,Plate5,2024-09-18 12:48:36,1442,t0
C6,5,RTG,24953,IPPD,Plate5,2024-09-18 12:48:36,1442,t0
C7,10,RTG,25794,IPPD,Plate5,2024-09-18 12:48:36,1442,t0
C8,20,RTG,23228,IPPD,Plate5,2024-09-18 12:48:36,1442,t0
C9,50,RTG,23264,IPPD,Plate5,2024-09-18 12:48:36,1442,t0
D10,100,RTG,24033,IPPD,Plate5,2024-09-18 12:48:36,1442,t0
D11,200,RTG,24240,IPPD,Plate5,2024-09-18 12:48:36,1442,t0
D12,400,RTG,23414,IPPD,Plate5,2024-09-18 12:48:36,1442,t0
D3,0,RTG,27390,IPPD,Plate5,2024-09-18 12:48:36,1442,t0
D4,0.1,RTG,26067,IPPD,Plate5,2024-09-18 12:48:36,1442,t0
D5,1,RTG,28379,IPPD,Plate5,2024-09-18 12:48:36,1442,t0
D6,5,RTG,26308,IPPD,Plate5,2024-09-18 12:48:36,1442,t0
D7,10,RTG,27291,IPPD,Plate5,2024-09-18 12:48:36,1442,t0
D8,20,RTG,27181,IPPD,Plate5,2024-09-18 12:48:36,1442,t0
D9,50,RTG,25620,IPPD,Plate5,2024-09-18 12:48:36,1442,t0
A10,100,RTG,25890,IPPD,Plate6,2024-09-18 12:50:52,1440,t0
A11,200,RTG,25252,IPPD,Plate6,2024-09-18 12:50:52,1440,t0
A12,400,RTG,23492,IPPD,Plate6,2024-09-18 12:50:52,1440,t0
A3,0,RTG,27302,IPPD,Plate6,2024-09-18 12:50:52,1440,t0
A4,0.1,RTG,27438,IPPD,Plate6,2024-09-18 12:50:52,1440,t0
A5,1,RTG,28176,IPPD,Plate6,2024-09-18 12:50:52,1440,t0
A6,5,RTG,27577,IPPD,Plate6,2024-09-18 12:50:52,1440,t0
A7,10,RTG,27835,IPPD,Plate6,2024-09-18 12:50:52,1440,t0
A8,20,RTG,27970,IPPD,Plate6,2024-09-18 12:50:52,1440,t0
A9,50,RTG,27774,IPPD,Plate6,2024-09-18 12:50:52,1440,t0
B10,100,RTG,25974,IPPD,Plate6,2024-09-18 12:50:52,1440,t0
B11,200,RTG,26423,IPPD,Plate6,2024-09-18 12:50:52,1440,t0
B12,400,RTG,25621,IPPD,Plate6,2024-09-18 12:50:52,1440,t0
B3,0,RTG,27231,IPPD,Plate6,2024-09-18 12:50:52,1440,t0
B4,0.1,RTG,27646,IPPD,Plate6,2024-09-18 12:50:52,1440,t0
B5,1,RTG,29759,IPPD,Plate6,2024-09-18 12:50:52,1440,t0
B6,5,RTG,26740,IPPD,Plate6,2024-09-18 12:50:52,1440,t0
B7,10,RTG,27266,IPPD,Plate6,2024-09-18 12:50:52,1440,t0
B8,20,RTG,27421,IPPD,Plate6,2024-09-18 12:50:52,1440,t0
B9,50,RTG,27838,IPPD,Plate6,2024-09-18 12:50:52,1440,t0
C10,100,RTG,27682,IPPD,Plate6,2024-09-18 12:50:52,1440,t0
C11,200,RTG,24938,IPPD,Plate6,2024-09-18 12:50:52,1440,t0
C12,400,RTG,24782,IPPD,Plate6,2024-09-18 12:50:52,1440,t0
C3,0,RTG,26258,IPPD,Plate6,2024-09-18 12:50:52,1440,t0
C4,0.1,RTG,26922,IPPD,Plate6,2024-09-18 12:50:52,1440,t0
C5,1,RTG,25968,IPPD,Plate6,2024-09-18 12:50:52,1440,t0
C6,5,RTG,27679,IPPD,Plate6,2024-09-18 12:50:52,1440,t0
C7,10,RTG,27518,IPPD,Plate6,2024-09-18 12:50:52,1440,t0
C8,20,RTG,27233,IPPD,Plate6,2024-09-18 12:50:52,1440,t0
C9,50,RTG,27562,IPPD,Plate6,2024-09-18 12:50:52,1440,t0
D10,100,RTG,26198,IPPD,Plate6,2024-09-18 12:50:52,1440,t0
D11,200,RTG,27028,IPPD,Plate6,2024-09-18 12:50:52,1440,t0
D12,400,RTG,24514,IPPD,Plate6,2024-09-18 12:50:52,1440,t0
D3,0,RTG,26855,IPPD,Plate6,2024-09-18 12:50:52,1440,t0
D4,0.1,RTG,28548,IPPD,Plate6,2024-09-18 12:50:52,1440,t0
D5,1,RTG,26351,IPPD,Plate6,2024-09-18 12:50:52,1440,t0
D6,5,RTG,27774,IPPD,Plate6,2024-09-18 12:50:52,1440,t0
D7,10,RTG,27581,IPPD,Plate6,2024-09-18 12:50:52,1440,t0
D8,20,RTG,28516,IPPD,Plate6,2024-09-18 12:50:52,1440,t0
D9,50,RTG,27048,IPPD,Plate6,2024-09-18 12:50:52,1440,t0
A10,100,CSE,18600,IPPD,Plate1,2024-09-19 11:59:34,1430,t25
A11,200,CSE,17125,IPPD,Plate1,2024-09-19 11:59:34,1430,t25
A12,400,CSE,16373,IPPD,Plate1,2024-09-19 11:59:34,1430,t25
A3,0,CSE,18551,IPPD,Plate1,2024-09-19 11:59:34,1430,t25
A4,0.1,CSE,19021,IPPD,Plate1,2024-09-19 11:59:34,1430,t25
A5,1,CSE,19354,IPPD,Plate1,2024-09-19 11:59:34,1430,t25
A6,5,CSE,19070,IPPD,Plate1,2024-09-19 11:59:34,1430,t25
A7,10,CSE,19092,IPPD,Plate1,2024-09-19 11:59:34,1430,t25
A8,20,CSE,18645,IPPD,Plate1,2024-09-19 11:59:34,1430,t25
A9,50,CSE,17937,IPPD,Plate1,2024-09-19 11:59:34,1430,t25
B10,100,CSE,15879,IPPD,Plate1,2024-09-19 11:59:34,1430,t25
B11,200,CSE,15621,IPPD,Plate1,2024-09-19 11:59:34,1430,t25
B12,400,CSE,15449,IPPD,Plate1,2024-09-19 11:59:34,1430,t25
B3,0,CSE,17893,IPPD,Plate1,2024-09-19 11:59:34,1430,t25
B4,0.1,CSE,17851,IPPD,Plate1,2024-09-19 11:59:34,1430,t25
B5,1,CSE,17799,IPPD,Plate1,2024-09-19 11:59:34,1430,t25
B6,5,CSE,16864,IPPD,Plate1,2024-09-19 11:59:34,1430,t25
B7,10,CSE,16488,IPPD,Plate1,2024-09-19 11:59:34,1430,t25
B8,20,CSE,17039,IPPD,Plate1,2024-09-19 11:59:34,1430,t25
B9,50,CSE,16270,IPPD,Plate1,2024-09-19 11:59:34,1430,t25
C10,100,CSE,15895,IPPD,Plate1,2024-09-19 11:59:34,1430,t25
C11,200,CSE,14960,IPPD,Plate1,2024-09-19 11:59:34,1430,t25
C12,400,CSE,15649,IPPD,Plate1,2024-09-19 11:59:34,1430,t25
C3,0,CSE,16324,IPPD,Plate1,2024-09-19 11:59:34,1430,t25
C4,0.1,CSE,15883,IPPD,Plate1,2024-09-19 11:59:34,1430,t25
C5,1,CSE,16451,IPPD,Plate1,2024-09-19 11:59:34,1430,t25
C6,5,CSE,16945,IPPD,Plate1,2024-09-19 11:59:34,1430,t25
C7,10,CSE,17108,IPPD,Plate1,2024-09-19 11:59:34,1430,t25
C8,20,CSE,17005,IPPD,Plate1,2024-09-19 11:59:34,1430,t25
C9,50,CSE,15880,IPPD,Plate1,2024-09-19 11:59:34,1430,t25
D10,100,CSE,15414,IPPD,Plate1,2024-09-19 11:59:34,1430,t25
D11,200,CSE,15331,IPPD,Plate1,2024-09-19 11:59:34,1430,t25
D12,400,CSE,14619,IPPD,Plate1,2024-09-19 11:59:34,1430,t25
D3,0,CSE,16752,IPPD,Plate1,2024-09-19 11:59:34,1430,t25
D4,0.1,CSE,15582,IPPD,Plate1,2024-09-19 11:59:34,1430,t25
D5,1,CSE,15513,IPPD,Plate1,2024-09-19 11:59:34,1430,t25
D6,5,CSE,17224,IPPD,Plate1,2024-09-19 11:59:34,1430,t25
D7,10,CSE,15962,IPPD,Plate1,2024-09-19 11:59:34,1430,t25
D8,20,CSE,15793,IPPD,Plate1,2024-09-19 11:59:34,1430,t25
D9,50,CSE,15053,IPPD,Plate1,2024-09-19 11:59:34,1430,t25
E10,100,CHSE,13003,IPPD,Plate1,2024-09-19 11:59:34,1430,t25
E11,200,CHSE,14368,IPPD,Plate1,2024-09-19 11:59:34,1430,t25
E12,400,CHSE,14290,IPPD,Plate1,2024-09-19 11:59:34,1430,t25
E3,0,CHSE,13768,IPPD,Plate1,2024-09-19 11:59:34,1430,t25
E4,0.1,CHSE,12903,IPPD,Plate1,2024-09-19 11:59:34,1430,t25
E5,1,CHSE,12318,IPPD,Plate1,2024-09-19 11:59:34,1430,t25
E6,5,CHSE,12943,IPPD,Plate1,2024-09-19 11:59:34,1430,t25
E7,10,CHSE,13465,IPPD,Plate1,2024-09-19 11:59:34,1430,t25
E8,20,CHSE,13692,IPPD,Plate1,2024-09-19 11:59:34,1430,t25
E9,50,CHSE,12398,IPPD,Plate1,2024-09-19 11:59:34,1430,t25
F10,100,CHSE,12954,IPPD,Plate1,2024-09-19 11:59:34,1430,t25
F11,200,CHSE,13937,IPPD,Plate1,2024-09-19 11:59:34,1430,t25
F12,400,CHSE,14396,IPPD,Plate1,2024-09-19 11:59:34,1430,t25
F3,0,CHSE,12526,IPPD,Plate1,2024-09-19 11:59:34,1430,t25
F4,0.1,CHSE,12629,IPPD,Plate1,2024-09-19 11:59:34,1430,t25
F5,1,CHSE,12664,IPPD,Plate1,2024-09-19 11:59:34,1430,t25
F6,5,CHSE,12869,IPPD,Plate1,2024-09-19 11:59:34,1430,t25
F7,10,CHSE,13614,IPPD,Plate1,2024-09-19 11:59:34,1430,t25
F8,20,CHSE,14636,IPPD,Plate1,2024-09-19 11:59:34,1430,t25
F9,50,CHSE,13030,IPPD,Plate1,2024-09-19 11:59:34,1430,t25
G10,100,CHSE,12471,IPPD,Plate1,2024-09-19 11:59:34,1430,t25
G11,200,CHSE,12617,IPPD,Plate1,2024-09-19 11:59:34,1430,t25
G12,400,CHSE,12502,IPPD,Plate1,2024-09-19 11:59:34,1430,t25
G3,0,CHSE,12593,IPPD,Plate1,2024-09-19 11:59:34,1430,t25
G4,0.1,CHSE,12264,IPPD,Plate1,2024-09-19 11:59:34,1430,t25
G5,1,CHSE,12777,IPPD,Plate1,2024-09-19 11:59:34,1430,t25
G6,5,CHSE,12872,IPPD,Plate1,2024-09-19 11:59:34,1430,t25
G7,10,CHSE,12491,IPPD,Plate1,2024-09-19 11:59:34,1430,t25
G8,20,CHSE,13322,IPPD,Plate1,2024-09-19 11:59:34,1430,t25
G9,50,CHSE,13069,IPPD,Plate1,2024-09-19 11:59:34,1430,t25
H10,100,CHSE,13428,IPPD,Plate1,2024-09-19 11:59:34,1430,t25
H11,200,CHSE,13387,IPPD,Plate1,2024-09-19 11:59:34,1430,t25
H12,400,CHSE,12285,IPPD,Plate1,2024-09-19 11:59:34,1430,t25
H3,0,CHSE,13301,IPPD,Plate1,2024-09-19 11:59:34,1430,t25
H4,0.1,CHSE,12314,IPPD,Plate1,2024-09-19 11:59:34,1430,t25
H5,1,CHSE,12461,IPPD,Plate1,2024-09-19 11:59:34,1430,t25
H6,5,CHSE,12232,IPPD,Plate1,2024-09-19 11:59:34,1430,t25
H7,10,CHSE,12836,IPPD,Plate1,2024-09-19 11:59:34,1430,t25
H8,20,CHSE,12794,IPPD,Plate1,2024-09-19 11:59:34,1430,t25
H9,50,CHSE,12853,IPPD,Plate1,2024-09-19 11:59:34,1430,t25
A10,100,CSE,16300,IPPD,Plate2,2024-09-19 12:02:38,1429,t25
A11,200,CSE,15815,IPPD,Plate2,2024-09-19 12:02:38,1429,t25
A12,400,CSE,13935,IPPD,Plate2,2024-09-19 12:02:38,1429,t25
A3,0,CSE,16344,IPPD,Plate2,2024-09-19 12:02:38,1429,t25
A4,0.1,CSE,16347,IPPD,Plate2,2024-09-19 12:02:38,1429,t25
A5,1,CSE,15730,IPPD,Plate2,2024-09-19 12:02:38,1429,t25
A6,5,CSE,17566,IPPD,Plate2,2024-09-19 12:02:38,1429,t25
A7,10,CSE,16241,IPPD,Plate2,2024-09-19 12:02:38,1429,t25
A8,20,CSE,18167,IPPD,Plate2,2024-09-19 12:02:38,1429,t25
A9,50,CSE,15437,IPPD,Plate2,2024-09-19 12:02:38,1429,t25
B10,100,CSE,15385,IPPD,Plate2,2024-09-19 12:02:38,1429,t25
B11,200,CSE,14650,IPPD,Plate2,2024-09-19 12:02:38,1429,t25
B12,400,CSE,13890,IPPD,Plate2,2024-09-19 12:02:38,1429,t25
B3,0,CSE,16193,IPPD,Plate2,2024-09-19 12:02:38,1429,t25
B4,0.1,CSE,15563,IPPD,Plate2,2024-09-19 12:02:38,1429,t25
B5,1,CSE,16913,IPPD,Plate2,2024-09-19 12:02:38,1429,t25
B6,5,CSE,15943,IPPD,Plate2,2024-09-19 12:02:38,1429,t25
B7,10,CSE,16457,IPPD,Plate2,2024-09-19 12:02:38,1429,t25
B8,20,CSE,17091,IPPD,Plate2,2024-09-19 12:02:38,1429,t25
B9,50,CSE,14459,IPPD,Plate2,2024-09-19 12:02:38,1429,t25
C10,100,CSE,16199,IPPD,Plate2,2024-09-19 12:02:38,1429,t25
C11,200,CSE,15677,IPPD,Plate2,2024-09-19 12:02:38,1429,t25
C12,400,CSE,13384,IPPD,Plate2,2024-09-19 12:02:38,1429,t25
C3,0,CSE,16142,IPPD,Plate2,2024-09-19 12:02:38,1429,t25
C4,0.1,CSE,16152,IPPD,Plate2,2024-09-19 12:02:38,1429,t25
C5,1,CSE,15695,IPPD,Plate2,2024-09-19 12:02:38,1429,t25
C6,5,CSE,16745,IPPD,Plate2,2024-09-19 12:02:38,1429,t25
C7,10,CSE,16858,IPPD,Plate2,2024-09-19 12:02:38,1429,t25
C8,20,CSE,17356,IPPD,Plate2,2024-09-19 12:02:38,1429,t25
C9,50,CSE,14596,IPPD,Plate2,2024-09-19 12:02:38,1429,t25
D10,100,CSE,15539,IPPD,Plate2,2024-09-19 12:02:38,1429,t25
D11,200,CSE,15188,IPPD,Plate2,2024-09-19 12:02:38,1429,t25
D12,400,CSE,13038,IPPD,Plate2,2024-09-19 12:02:38,1429,t25
D3,0,CSE,17329,IPPD,Plate2,2024-09-19 12:02:38,1429,t25
D4,0.1,CSE,15736,IPPD,Plate2,2024-09-19 12:02:38,1429,t25
D5,1,CSE,15555,IPPD,Plate2,2024-09-19 12:02:38,1429,t25
D6,5,CSE,15554,IPPD,Plate2,2024-09-19 12:02:38,1429,t25
D7,10,CSE,15662,IPPD,Plate2,2024-09-19 12:02:38,1429,t25
D8,20,CSE,15189,IPPD,Plate2,2024-09-19 12:02:38,1429,t25
D9,50,CSE,14840,IPPD,Plate2,2024-09-19 12:02:38,1429,t25
E10,100,CHSE,13436,IPPD,Plate2,2024-09-19 12:02:38,1429,t25
E11,200,CHSE,14071,IPPD,Plate2,2024-09-19 12:02:38,1429,t25
E12,400,CHSE,14912,IPPD,Plate2,2024-09-19 12:02:38,1429,t25
E3,0,CHSE,13868,IPPD,Plate2,2024-09-19 12:02:38,1429,t25
E4,0.1,CHSE,13952,IPPD,Plate2,2024-09-19 12:02:38,1429,t25
E5,1,CHSE,13583,IPPD,Plate2,2024-09-19 12:02:38,1429,t25
E6,5,CHSE,13651,IPPD,Plate2,2024-09-19 12:02:38,1429,t25
E7,10,CHSE,14080,IPPD,Plate2,2024-09-19 12:02:38,1429,t25
E8,20,CHSE,14354,IPPD,Plate2,2024-09-19 12:02:38,1429,t25
E9,50,CHSE,13328,IPPD,Plate2,2024-09-19 12:02:38,1429,t25
F10,100,CHSE,14108,IPPD,Plate2,2024-09-19 12:02:38,1429,t25
F11,200,CHSE,13477,IPPD,Plate2,2024-09-19 12:02:38,1429,t25
F12,400,CHSE,13790,IPPD,Plate2,2024-09-19 12:02:38,1429,t25
F3,0,CHSE,13751,IPPD,Plate2,2024-09-19 12:02:38,1429,t25
F4,0.1,CHSE,13687,IPPD,Plate2,2024-09-19 12:02:38,1429,t25
F5,1,CHSE,13663,IPPD,Plate2,2024-09-19 12:02:38,1429,t25
F6,5,CHSE,14304,IPPD,Plate2,2024-09-19 12:02:38,1429,t25
F7,10,CHSE,14292,IPPD,Plate2,2024-09-19 12:02:38,1429,t25
F8,20,CHSE,14068,IPPD,Plate2,2024-09-19 12:02:38,1429,t25
F9,50,CHSE,13003,IPPD,Plate2,2024-09-19 12:02:38,1429,t25
G10,100,CHSE,14378,IPPD,Plate2,2024-09-19 12:02:38,1429,t25
G11,200,CHSE,14032,IPPD,Plate2,2024-09-19 12:02:38,1429,t25
G12,400,CHSE,14095,IPPD,Plate2,2024-09-19 12:02:38,1429,t25
G3,0,CHSE,13842,IPPD,Plate2,2024-09-19 12:02:38,1429,t25
G4,0.1,CHSE,13329,IPPD,Plate2,2024-09-19 12:02:38,1429,t25
G5,1,CHSE,14241,IPPD,Plate2,2024-09-19 12:02:38,1429,t25
G6,5,CHSE,13925,IPPD,Plate2,2024-09-19 12:02:38,1429,t25
G7,10,CHSE,15151,IPPD,Plate2,2024-09-19 12:02:38,1429,t25
G8,20,CHSE,14665,IPPD,Plate2,2024-09-19 12:02:38,1429,t25
G9,50,CHSE,14350,IPPD,Plate2,2024-09-19 12:02:38,1429,t25
H10,100,CHSE,14618,IPPD,Plate2,2024-09-19 12:02:38,1429,t25
H11,200,CHSE,14333,IPPD,Plate2,2024-09-19 12:02:38,1429,t25
H12,400,CHSE,14622,IPPD,Plate2,2024-09-19 12:02:38,1429,t25
H3,0,CHSE,14239,IPPD,Plate2,2024-09-19 12:02:38,1429,t25
H4,0.1,CHSE,14182,IPPD,Plate2,2024-09-19 12:02:38,1429,t25
H5,1,CHSE,13685,IPPD,Plate2,2024-09-19 12:02:38,1429,t25
H6,5,CHSE,14301,IPPD,Plate2,2024-09-19 12:02:38,1429,t25
H7,10,CHSE,14828,IPPD,Plate2,2024-09-19 12:02:38,1429,t25
H8,20,CHSE,15058,IPPD,Plate2,2024-09-19 12:02:38,1429,t25
H9,50,CHSE,14308,IPPD,Plate2,2024-09-19 12:02:38,1429,t25
A10,100,CSE,15379,IPPD,Plate3,2024-09-19 12:05:06,1428,t25
A11,200,CSE,15794,IPPD,Plate3,2024-09-19 12:05:06,1428,t25
A12,400,CSE,12202,IPPD,Plate3,2024-09-19 12:05:06,1428,t25
A3,0,CSE,16622,IPPD,Plate3,2024-09-19 12:05:06,1428,t25
A4,0.1,CSE,14091,IPPD,Plate3,2024-09-19 12:05:06,1428,t25
A5,1,CSE,17248,IPPD,Plate3,2024-09-19 12:05:06,1428,t25
A6,5,CSE,16771,IPPD,Plate3,2024-09-19 12:05:06,1428,t25
A7,10,CSE,15306,IPPD,Plate3,2024-09-19 12:05:06,1428,t25
A8,20,CSE,15314,IPPD,Plate3,2024-09-19 12:05:06,1428,t25
A9,50,CSE,16057,IPPD,Plate3,2024-09-19 12:05:06,1428,t25
B10,100,CSE,14332,IPPD,Plate3,2024-09-19 12:05:06,1428,t25
B11,200,CSE,13979,IPPD,Plate3,2024-09-19 12:05:06,1428,t25
B12,400,CSE,13055,IPPD,Plate3,2024-09-19 12:05:06,1428,t25
B3,0,CSE,15271,IPPD,Plate3,2024-09-19 12:05:06,1428,t25
B4,0.1,CSE,14811,IPPD,Plate3,2024-09-19 12:05:06,1428,t25
B5,1,CSE,14908,IPPD,Plate3,2024-09-19 12:05:06,1428,t25
B6,5,CSE,14870,IPPD,Plate3,2024-09-19 12:05:06,1428,t25
B7,10,CSE,14551,IPPD,Plate3,2024-09-19 12:05:06,1428,t25
B8,20,CSE,13889,IPPD,Plate3,2024-09-19 12:05:06,1428,t25
B9,50,CSE,13161,IPPD,Plate3,2024-09-19 12:05:06,1428,t25
C10,100,CSE,12662,IPPD,Plate3,2024-09-19 12:05:06,1428,t25
C11,200,CSE,14860,IPPD,Plate3,2024-09-19 12:05:06,1428,t25
C12,400,CSE,12113,IPPD,Plate3,2024-09-19 12:05:06,1428,t25
C3,0,CSE,15089,IPPD,Plate3,2024-09-19 12:05:06,1428,t25
C4,0.1,CSE,14321,IPPD,Plate3,2024-09-19 12:05:06,1428,t25
C5,1,CSE,14040,IPPD,Plate3,2024-09-19 12:05:06,1428,t25
C6,5,CSE,13618,IPPD,Plate3,2024-09-19 12:05:06,1428,t25
C7,10,CSE,14313,IPPD,Plate3,2024-09-19 12:05:06,1428,t25
C8,20,CSE,13475,IPPD,Plate3,2024-09-19 12:05:06,1428,t25
C9,50,CSE,14354,IPPD,Plate3,2024-09-19 12:05:06,1428,t25
D10,100,CSE,7563,IPPD,Plate3,2024-09-19 12:05:06,1428,t25
D11,200,CSE,8081,IPPD,Plate3,2024-09-19 12:05:06,1428,t25
D12,400,CSE,13770,IPPD,Plate3,2024-09-19 12:05:06,1428,t25
D3,0,CSE,20924,IPPD,Plate3,2024-09-19 12:05:06,1428,t25
D4,0.1,CSE,20888,IPPD,Plate3,2024-09-19 12:05:06,1428,t25
D5,1,CSE,17562,IPPD,Plate3,2024-09-19 12:05:06,1428,t25
D6,5,CSE,12492,IPPD,Plate3,2024-09-19 12:05:06,1428,t25
D7,10,CSE,8891,IPPD,Plate3,2024-09-19 12:05:06,1428,t25
D8,20,CSE,8596,IPPD,Plate3,2024-09-19 12:05:06,1428,t25
D9,50,CSE,7358,IPPD,Plate3,2024-09-19 12:05:06,1428,t25
E10,100,CHSE,13913,IPPD,Plate3,2024-09-19 12:05:06,1428,t25
E11,200,CHSE,13577,IPPD,Plate3,2024-09-19 12:05:06,1428,t25
E12,400,CHSE,13561,IPPD,Plate3,2024-09-19 12:05:06,1428,t25
E3,0,CHSE,13937,IPPD,Plate3,2024-09-19 12:05:06,1428,t25
E4,0.1,CHSE,13511,IPPD,Plate3,2024-09-19 12:05:06,1428,t25
E5,1,CHSE,13683,IPPD,Plate3,2024-09-19 12:05:06,1428,t25
E6,5,CHSE,14171,IPPD,Plate3,2024-09-19 12:05:06,1428,t25
E7,10,CHSE,14777,IPPD,Plate3,2024-09-19 12:05:06,1428,t25
E8,20,CHSE,14638,IPPD,Plate3,2024-09-19 12:05:06,1428,t25
E9,50,CHSE,13615,IPPD,Plate3,2024-09-19 12:05:06,1428,t25
F10,100,CHSE,14145,IPPD,Plate3,2024-09-19 12:05:06,1428,t25
F11,200,CHSE,14603,IPPD,Plate3,2024-09-19 12:05:06,1428,t25
F12,400,CHSE,14080,IPPD,Plate3,2024-09-19 12:05:06,1428,t25
F3,0,CHSE,13915,IPPD,Plate3,2024-09-19 12:05:06,1428,t25
F4,0.1,CHSE,14016,IPPD,Plate3,2024-09-19 12:05:06,1428,t25
F5,1,CHSE,14221,IPPD,Plate3,2024-09-19 12:05:06,1428,t25
F6,5,CHSE,13915,IPPD,Plate3,2024-09-19 12:05:06,1428,t25
F7,10,CHSE,14888,IPPD,Plate3,2024-09-19 12:05:06,1428,t25
F8,20,CHSE,15493,IPPD,Plate3,2024-09-19 12:05:06,1428,t25
F9,50,CHSE,13165,IPPD,Plate3,2024-09-19 12:05:06,1428,t25
G10,100,CHSE,14095,IPPD,Plate3,2024-09-19 12:05:06,1428,t25
G11,200,CHSE,13643,IPPD,Plate3,2024-09-19 12:05:06,1428,t25
G12,400,CHSE,13741,IPPD,Plate3,2024-09-19 12:05:06,1428,t25
G3,0,CHSE,13891,IPPD,Plate3,2024-09-19 12:05:06,1428,t25
G4,0.1,CHSE,13809,IPPD,Plate3,2024-09-19 12:05:06,1428,t25
G5,1,CHSE,14090,IPPD,Plate3,2024-09-19 12:05:06,1428,t25
G6,5,CHSE,14140,IPPD,Plate3,2024-09-19 12:05:06,1428,t25
G7,10,CHSE,14115,IPPD,Plate3,2024-09-19 12:05:06,1428,t25
G8,20,CHSE,14497,IPPD,Plate3,2024-09-19 12:05:06,1428,t25
G9,50,CHSE,13468,IPPD,Plate3,2024-09-19 12:05:06,1428,t25
H10,100,CHSE,14316,IPPD,Plate3,2024-09-19 12:05:06,1428,t25
H11,200,CHSE,14247,IPPD,Plate3,2024-09-19 12:05:06,1428,t25
H12,400,CHSE,14426,IPPD,Plate3,2024-09-19 12:05:06,1428,t25
H3,0,CHSE,14168,IPPD,Plate3,2024-09-19 12:05:06,1428,t25
H4,0.1,CHSE,14109,IPPD,Plate3,2024-09-19 12:05:06,1428,t25
H5,1,CHSE,13923,IPPD,Plate3,2024-09-19 12:05:06,1428,t25
H6,5,CHSE,14604,IPPD,Plate3,2024-09-19 12:05:06,1428,t25
H7,10,CHSE,14547,IPPD,Plate3,2024-09-19 12:05:06,1428,t25
H8,20,CHSE,14374,IPPD,Plate3,2024-09-19 12:05:06,1428,t25
H9,50,CHSE,14626,IPPD,Plate3,2024-09-19 12:05:06,1428,t25
A10,100,RTG,23426,IPPD,Plate4,2024-09-19 12:07:49,1425,t25
A11,200,RTG,24118,IPPD,Plate4,2024-09-19 12:07:49,1425,t25
A12,400,RTG,22000,IPPD,Plate4,2024-09-19 12:07:49,1425,t25
A3,0,RTG,25082,IPPD,Plate4,2024-09-19 12:07:49,1425,t25
A4,0.1,RTG,24173,IPPD,Plate4,2024-09-19 12:07:49,1425,t25
A5,1,RTG,26625,IPPD,Plate4,2024-09-19 12:07:49,1425,t25
A6,5,RTG,24715,IPPD,Plate4,2024-09-19 12:07:49,1425,t25
A7,10,RTG,26052,IPPD,Plate4,2024-09-19 12:07:49,1425,t25
A8,20,RTG,24603,IPPD,Plate4,2024-09-19 12:07:49,1425,t25
A9,50,RTG,22471,IPPD,Plate4,2024-09-19 12:07:49,1425,t25
B10,100,RTG,22794,IPPD,Plate4,2024-09-19 12:07:49,1425,t25
B11,200,RTG,21583,IPPD,Plate4,2024-09-19 12:07:49,1425,t25
B12,400,RTG,22855,IPPD,Plate4,2024-09-19 12:07:49,1425,t25
B3,0,RTG,24532,IPPD,Plate4,2024-09-19 12:07:49,1425,t25
B4,0.1,RTG,22479,IPPD,Plate4,2024-09-19 12:07:49,1425,t25
B5,1,RTG,22358,IPPD,Plate4,2024-09-19 12:07:49,1425,t25
B6,5,RTG,23119,IPPD,Plate4,2024-09-19 12:07:49,1425,t25
B7,10,RTG,23187,IPPD,Plate4,2024-09-19 12:07:49,1425,t25
B8,20,RTG,22050,IPPD,Plate4,2024-09-19 12:07:49,1425,t25
B9,50,RTG,22459,IPPD,Plate4,2024-09-19 12:07:49,1425,t25
C10,100,RTG,23440,IPPD,Plate4,2024-09-19 12:07:49,1425,t25
C11,200,RTG,21600,IPPD,Plate4,2024-09-19 12:07:49,1425,t25
C12,400,RTG,18871,IPPD,Plate4,2024-09-19 12:07:49,1425,t25
C3,0,RTG,23119,IPPD,Plate4,2024-09-19 12:07:49,1425,t25
C4,0.1,RTG,23105,IPPD,Plate4,2024-09-19 12:07:49,1425,t25
C5,1,RTG,22936,IPPD,Plate4,2024-09-19 12:07:49,1425,t25
C6,5,RTG,24841,IPPD,Plate4,2024-09-19 12:07:49,1425,t25
C7,10,RTG,22217,IPPD,Plate4,2024-09-19 12:07:49,1425,t25
C8,20,RTG,22371,IPPD,Plate4,2024-09-19 12:07:49,1425,t25
C9,50,RTG,22552,IPPD,Plate4,2024-09-19 12:07:49,1425,t25
D10,100,RTG,19799,IPPD,Plate4,2024-09-19 12:07:49,1425,t25
D11,200,RTG,20195,IPPD,Plate4,2024-09-19 12:07:49,1425,t25
D12,400,RTG,17057,IPPD,Plate4,2024-09-19 12:07:49,1425,t25
D3,0,RTG,20078,IPPD,Plate4,2024-09-19 12:07:49,1425,t25
D4,0.1,RTG,21488,IPPD,Plate4,2024-09-19 12:07:49,1425,t25
D5,1,RTG,19437,IPPD,Plate4,2024-09-19 12:07:49,1425,t25
D6,5,RTG,19571,IPPD,Plate4,2024-09-19 12:07:49,1425,t25
D7,10,RTG,19694,IPPD,Plate4,2024-09-19 12:07:49,1425,t25
D8,20,RTG,19027,IPPD,Plate4,2024-09-19 12:07:49,1425,t25
D9,50,RTG,19189,IPPD,Plate4,2024-09-19 12:07:49,1425,t25
A10,100,RTG,26518,IPPD,Plate5,2024-09-19 12:10:28,1424,t25
A11,200,RTG,26818,IPPD,Plate5,2024-09-19 12:10:28,1424,t25
A12,400,RTG,25063,IPPD,Plate5,2024-09-19 12:10:28,1424,t25
A3,0,RTG,25483,IPPD,Plate5,2024-09-19 12:10:28,1424,t25
A4,0.1,RTG,26449,IPPD,Plate5,2024-09-19 12:10:28,1424,t25
A5,1,RTG,24858,IPPD,Plate5,2024-09-19 12:10:28,1424,t25
A6,5,RTG,26676,IPPD,Plate5,2024-09-19 12:10:28,1424,t25
A7,10,RTG,25726,IPPD,Plate5,2024-09-19 12:10:28,1424,t25
A8,20,RTG,26241,IPPD,Plate5,2024-09-19 12:10:28,1424,t25
A9,50,RTG,26434,IPPD,Plate5,2024-09-19 12:10:28,1424,t25
B10,100,RTG,24128,IPPD,Plate5,2024-09-19 12:10:28,1424,t25
B11,200,RTG,24391,IPPD,Plate5,2024-09-19 12:10:28,1424,t25
B12,400,RTG,24707,IPPD,Plate5,2024-09-19 12:10:28,1424,t25
B3,0,RTG,23758,IPPD,Plate5,2024-09-19 12:10:28,1424,t25
B4,0.1,RTG,24397,IPPD,Plate5,2024-09-19 12:10:28,1424,t25
B5,1,RTG,24738,IPPD,Plate5,2024-09-19 12:10:28,1424,t25
B6,5,RTG,25080,IPPD,Plate5,2024-09-19 12:10:28,1424,t25
B7,10,RTG,24056,IPPD,Plate5,2024-09-19 12:10:28,1424,t25
B8,20,RTG,23360,IPPD,Plate5,2024-09-19 12:10:28,1424,t25
B9,50,RTG,24515,IPPD,Plate5,2024-09-19 12:10:28,1424,t25
C10,100,RTG,23535,IPPD,Plate5,2024-09-19 12:10:28,1424,t25
C11,200,RTG,24383,IPPD,Plate5,2024-09-19 12:10:28,1424,t25
C12,400,RTG,25309,IPPD,Plate5,2024-09-19 12:10:28,1424,t25
C3,0,RTG,24980,IPPD,Plate5,2024-09-19 12:10:28,1424,t25
C4,0.1,RTG,24400,IPPD,Plate5,2024-09-19 12:10:28,1424,t25
C5,1,RTG,25367,IPPD,Plate5,2024-09-19 12:10:28,1424,t25
C6,5,RTG,24325,IPPD,Plate5,2024-09-19 12:10:28,1424,t25
C7,10,RTG,24166,IPPD,Plate5,2024-09-19 12:10:28,1424,t25
C8,20,RTG,23683,IPPD,Plate5,2024-09-19 12:10:28,1424,t25
C9,50,RTG,25220,IPPD,Plate5,2024-09-19 12:10:28,1424,t25
D10,100,RTG,22701,IPPD,Plate5,2024-09-19 12:10:28,1424,t25
D11,200,RTG,25266,IPPD,Plate5,2024-09-19 12:10:28,1424,t25
D12,400,RTG,24355,IPPD,Plate5,2024-09-19 12:10:28,1424,t25
D3,0,RTG,25714,IPPD,Plate5,2024-09-19 12:10:28,1424,t25
D4,0.1,RTG,24656,IPPD,Plate5,2024-09-19 12:10:28,1424,t25
D5,1,RTG,26213,IPPD,Plate5,2024-09-19 12:10:28,1424,t25
D6,5,RTG,24740,IPPD,Plate5,2024-09-19 12:10:28,1424,t25
D7,10,RTG,24951,IPPD,Plate5,2024-09-19 12:10:28,1424,t25
D8,20,RTG,25137,IPPD,Plate5,2024-09-19 12:10:28,1424,t25
D9,50,RTG,25809,IPPD,Plate5,2024-09-19 12:10:28,1424,t25
A10,100,RTG,25255,IPPD,Plate6,2024-09-19 12:13:18,1424,t25
A11,200,RTG,25316,IPPD,Plate6,2024-09-19 12:13:18,1424,t25
A12,400,RTG,23937,IPPD,Plate6,2024-09-19 12:13:18,1424,t25
A3,0,RTG,26688,IPPD,Plate6,2024-09-19 12:13:18,1424,t25
A4,0.1,RTG,26366,IPPD,Plate6,2024-09-19 12:13:18,1424,t25
A5,1,RTG,28197,IPPD,Plate6,2024-09-19 12:13:18,1424,t25
A6,5,RTG,26019,IPPD,Plate6,2024-09-19 12:13:18,1424,t25
A7,10,RTG,27023,IPPD,Plate6,2024-09-19 12:13:18,1424,t25
A8,20,RTG,25575,IPPD,Plate6,2024-09-19 12:13:18,1424,t25
A9,50,RTG,26812,IPPD,Plate6,2024-09-19 12:13:18,1424,t25
B10,100,RTG,25255,IPPD,Plate6,2024-09-19 12:13:18,1424,t25
B11,200,RTG,25282,IPPD,Plate6,2024-09-19 12:13:18,1424,t25
B12,400,RTG,25141,IPPD,Plate6,2024-09-19 12:13:18,1424,t25
B3,0,RTG,26906,IPPD,Plate6,2024-09-19 12:13:18,1424,t25
B4,0.1,RTG,26217,IPPD,Plate6,2024-09-19 12:13:18,1424,t25
B5,1,RTG,27627,IPPD,Plate6,2024-09-19 12:13:18,1424,t25
B6,5,RTG,25078,IPPD,Plate6,2024-09-19 12:13:18,1424,t25
B7,10,RTG,26619,IPPD,Plate6,2024-09-19 12:13:18,1424,t25
B8,20,RTG,25056,IPPD,Plate6,2024-09-19 12:13:18,1424,t25
B9,50,RTG,25759,IPPD,Plate6,2024-09-19 12:13:18,1424,t25
C10,100,RTG,25969,IPPD,Plate6,2024-09-19 12:13:18,1424,t25
C11,200,RTG,25659,IPPD,Plate6,2024-09-19 12:13:18,1424,t25
C12,400,RTG,26083,IPPD,Plate6,2024-09-19 12:13:18,1424,t25
C3,0,RTG,25858,IPPD,Plate6,2024-09-19 12:13:18,1424,t25
C4,0.1,RTG,26742,IPPD,Plate6,2024-09-19 12:13:18,1424,t25
C5,1,RTG,26711,IPPD,Plate6,2024-09-19 12:13:18,1424,t25
C6,5,RTG,26352,IPPD,Plate6,2024-09-19 12:13:18,1424,t25
C7,10,RTG,25333,IPPD,Plate6,2024-09-19 12:13:18,1424,t25
C8,20,RTG,26518,IPPD,Plate6,2024-09-19 12:13:18,1424,t25
C9,50,RTG,25199,IPPD,Plate6,2024-09-19 12:13:18,1424,t25
D10,100,RTG,26382,IPPD,Plate6,2024-09-19 12:13:18,1424,t25
D11,200,RTG,24824,IPPD,Plate6,2024-09-19 12:13:18,1424,t25
D12,400,RTG,26815,IPPD,Plate6,2024-09-19 12:13:18,1424,t25
D3,0,RTG,26432,IPPD,Plate6,2024-09-19 12:13:18,1424,t25
D4,0.1,RTG,25458,IPPD,Plate6,2024-09-19 12:13:18,1424,t25
D5,1,RTG,27347,IPPD,Plate6,2024-09-19 12:13:18,1424,t25
D6,5,RTG,27152,IPPD,Plate6,2024-09-19 12:13:18,1424,t25
D7,10,RTG,26497,IPPD,Plate6,2024-09-19 12:13:18,1424,t25
D8,20,RTG,26277,IPPD,Plate6,2024-09-19 12:13:18,1424,t25
D9,50,RTG,26205,IPPD,Plate6,2024-09-19 12:13:18,1424,t25
A10,100,CSE,12454,IPPDQ,Plate1,2024-09-11 10:48:52,1438,
A11,200,CSE,11505,IPPDQ,Plate1,2024-09-11 10:48:52,1438,
A12,400,CSE,10607,IPPDQ,Plate1,2024-09-11 10:48:52,1438,
A3,0,CSE,12227,IPPDQ,Plate1,2024-09-11 10:48:52,1438,
A4,0.1,CSE,13312,IPPDQ,Plate1,2024-09-11 10:48:52,1438,
A5,1,CSE,14370,IPPDQ,Plate1,2024-09-11 10:48:52,1438,
A6,5,CSE,14123,IPPDQ,Plate1,2024-09-11 10:48:52,1438,
A7,10,CSE,13588,IPPDQ,Plate1,2024-09-11 10:48:52,1438,
A8,20,CSE,13716,IPPDQ,Plate1,2024-09-11 10:48:52,1438,
A9,50,CSE,13347,IPPDQ,Plate1,2024-09-11 10:48:52,1438,
B10,100,CSE,12549,IPPDQ,Plate1,2024-09-11 10:48:52,1438,
B11,200,CSE,11930,IPPDQ,Plate1,2024-09-11 10:48:52,1438,
B12,400,CSE,11409,IPPDQ,Plate1,2024-09-11 10:48:52,1438,
B3,0,CSE,12611,IPPDQ,Plate1,2024-09-11 10:48:52,1438,
B4,0.1,CSE,13761,IPPDQ,Plate1,2024-09-11 10:48:52,1438,
B5,1,CSE,14040,IPPDQ,Plate1,2024-09-11 10:48:52,1438,
B6,5,CSE,13995,IPPDQ,Plate1,2024-09-11 10:48:52,1438,
B7,10,CSE,13015,IPPDQ,Plate1,2024-09-11 10:48:52,1438,
B8,20,CSE,12859,IPPDQ,Plate1,2024-09-11 10:48:52,1438,
B9,50,CSE,12637,IPPDQ,Plate1,2024-09-11 10:48:52,1438,
C10,100,CSE,13167,IPPDQ,Plate1,2024-09-11 10:48:52,1438,
C11,200,CSE,12273,IPPDQ,Plate1,2024-09-11 10:48:52,1438,
C12,400,CSE,11232,IPPDQ,Plate1,2024-09-11 10:48:52,1438,
C3,0,CSE,12832,IPPDQ,Plate1,2024-09-11 10:48:52,1438,
C4,0.1,CSE,12975,IPPDQ,Plate1,2024-09-11 10:48:52,1438,
C5,1,CSE,13094,IPPDQ,Plate1,2024-09-11 10:48:52,1438,
C6,5,CSE,12880,IPPDQ,Plate1,2024-09-11 10:48:52,1438,
C7,10,CSE,12775,IPPDQ,Plate1,2024-09-11 10:48:52,1438,
C8,20,CSE,12907,IPPDQ,Plate1,2024-09-11 10:48:52,1438,
C9,50,CSE,13013,IPPDQ,Plate1,2024-09-11 10:48:52,1438,
D10,100,CSE,12845,IPPDQ,Plate1,2024-09-11 10:48:52,1438,
D11,200,CSE,11972,IPPDQ,Plate1,2024-09-11 10:48:52,1438,
D12,400,CSE,10626,IPPDQ,Plate1,2024-09-11 10:48:52,1438,
D3,0,CSE,12196,IPPDQ,Plate1,2024-09-11 10:48:52,1438,
D4,0.1,CSE,12362,IPPDQ,Plate1,2024-09-11 10:48:52,1438,
D5,1,CSE,12535,IPPDQ,Plate1,2024-09-11 10:48:52,1438,
D6,5,CSE,13481,IPPDQ,Plate1,2024-09-11 10:48:52,1438,
D7,10,CSE,13094,IPPDQ,Plate1,2024-09-11 10:48:52,1438,
D8,20,CSE,13333,IPPDQ,Plate1,2024-09-11 10:48:52,1438,
D9,50,CSE,12421,IPPDQ,Plate1,2024-09-11 10:48:52,1438,
E10,100,CHSE,15408,IPPDQ,Plate1,2024-09-11 10:48:52,1438,
E11,200,CHSE,14395,IPPDQ,Plate1,2024-09-11 10:48:52,1438,
E12,400,CHSE,14422,IPPDQ,Plate1,2024-09-11 10:48:52,1438,
E3,0,CHSE,14606,IPPDQ,Plate1,2024-09-11 10:48:52,1438,
E4,0.1,CHSE,13809,IPPDQ,Plate1,2024-09-11 10:48:52,1438,
E5,1,CHSE,15349,IPPDQ,Plate1,2024-09-11 10:48:52,1438,
E6,5,CHSE,14135,IPPDQ,Plate1,2024-09-11 10:48:52,1438,
E7,10,CHSE,15088,IPPDQ,Plate1,2024-09-11 10:48:52,1438,
E8,20,CHSE,14643,IPPDQ,Plate1,2024-09-11 10:48:52,1438,
E9,50,CHSE,14312,IPPDQ,Plate1,2024-09-11 10:48:52,1438,
F10,100,CHSE,15918,IPPDQ,Plate1,2024-09-11 10:48:52,1438,
F11,200,CHSE,14972,IPPDQ,Plate1,2024-09-11 10:48:52,1438,
F12,400,CHSE,14208,IPPDQ,Plate1,2024-09-11 10:48:52,1438,
F3,0,CHSE,15844,IPPDQ,Plate1,2024-09-11 10:48:52,1438,
F4,0.1,CHSE,15038,IPPDQ,Plate1,2024-09-11 10:48:52,1438,
F5,1,CHSE,14908,IPPDQ,Plate1,2024-09-11 10:48:52,1438,
F6,5,CHSE,14542,IPPDQ,Plate1,2024-09-11 10:48:52,1438,
F7,10,CHSE,16042,IPPDQ,Plate1,2024-09-11 10:48:52,1438,
F8,20,CHSE,14772,IPPDQ,Plate1,2024-09-11 10:48:52,1438,
F9,50,CHSE,15257,IPPDQ,Plate1,2024-09-11 10:48:52,1438,
G10,100,CHSE,14495,IPPDQ,Plate1,2024-09-11 10:48:52,1438,
G11,200,CHSE,15364,IPPDQ,Plate1,2024-09-11 10:48:52,1438,
G12,400,CHSE,14113,IPPDQ,Plate1,2024-09-11 10:48:52,1438,
G3,0,CHSE,16553,IPPDQ,Plate1,2024-09-11 10:48:52,1438,
G4,0.1,CHSE,15345,IPPDQ,Plate1,2024-09-11 10:48:52,1438,
G5,1,CHSE,16006,IPPDQ,Plate1,2024-09-11 10:48:52,1438,
G6,5,CHSE,14746,IPPDQ,Plate1,2024-09-11 10:48:52,1438,
G7,10,CHSE,15444,IPPDQ,Plate1,2024-09-11 10:48:52,1438,
G8,20,CHSE,14419,IPPDQ,Plate1,2024-09-11 10:48:52,1438,
G9,50,CHSE,15414,IPPDQ,Plate1,2024-09-11 10:48:52,1438,
H10,100,CHSE,13223,IPPDQ,Plate1,2024-09-11 10:48:52,1438,
H11,200,CHSE,13236,IPPDQ,Plate1,2024-09-11 10:48:52,1438,
H12,400,CHSE,13391,IPPDQ,Plate1,2024-09-11 10:48:52,1438,
H3,0,CHSE,14036,IPPDQ,Plate1,2024-09-11 10:48:52,1438,
H4,0.1,CHSE,13277,IPPDQ,Plate1,2024-09-11 10:48:52,1438,
H5,1,CHSE,13243,IPPDQ,Plate1,2024-09-11 10:48:52,1438,
H6,5,CHSE,13201,IPPDQ,Plate1,2024-09-11 10:48:52,1438,
H7,10,CHSE,13004,IPPDQ,Plate1,2024-09-11 10:48:52,1438,
H8,20,CHSE,12366,IPPDQ,Plate1,2024-09-11 10:48:52,1438,
H9,50,CHSE,13876,IPPDQ,Plate1,2024-09-11 10:48:52,1438,
A10,100,CSE,12190,IPPDQ,Plate2,2024-09-11 10:50:50,1436,
A11,200,CSE,11139,IPPDQ,Plate2,2024-09-11 10:50:50,1436,
A12,400,CSE,10922,IPPDQ,Plate2,2024-09-11 10:50:50,1436,
A3,0,CSE,12308,IPPDQ,Plate2,2024-09-11 10:50:50,1436,
A4,0.1,CSE,12482,IPPDQ,Plate2,2024-09-11 10:50:50,1436,
A5,1,CSE,13383,IPPDQ,Plate2,2024-09-11 10:50:50,1436,
A6,5,CSE,13682,IPPDQ,Plate2,2024-09-11 10:50:50,1436,
A7,10,CSE,12722,IPPDQ,Plate2,2024-09-11 10:50:50,1436,
A8,20,CSE,12285,IPPDQ,Plate2,2024-09-11 10:50:50,1436,
A9,50,CSE,12773,IPPDQ,Plate2,2024-09-11 10:50:50,1436,
B10,100,CSE,11704,IPPDQ,Plate2,2024-09-11 10:50:50,1436,
B11,200,CSE,11431,IPPDQ,Plate2,2024-09-11 10:50:50,1436,
B12,400,CSE,10272,IPPDQ,Plate2,2024-09-11 10:50:50,1436,
B3,0,CSE,12395,IPPDQ,Plate2,2024-09-11 10:50:50,1436,
B4,0.1,CSE,11605,IPPDQ,Plate2,2024-09-11 10:50:50,1436,
B5,1,CSE,12347,IPPDQ,Plate2,2024-09-11 10:50:50,1436,
B6,5,CSE,13495,IPPDQ,Plate2,2024-09-11 10:50:50,1436,
B7,10,CSE,12093,IPPDQ,Plate2,2024-09-11 10:50:50,1436,
B8,20,CSE,12530,IPPDQ,Plate2,2024-09-11 10:50:50,1436,
B9,50,CSE,12578,IPPDQ,Plate2,2024-09-11 10:50:50,1436,
C10,100,CSE,13153,IPPDQ,Plate2,2024-09-11 10:50:50,1436,
C11,200,CSE,10915,IPPDQ,Plate2,2024-09-11 10:50:50,1436,
C12,400,CSE,11113,IPPDQ,Plate2,2024-09-11 10:50:50,1436,
C3,0,CSE,11925,IPPDQ,Plate2,2024-09-11 10:50:50,1436,
C4,0.1,CSE,12221,IPPDQ,Plate2,2024-09-11 10:50:50,1436,
C5,1,CSE,11949,IPPDQ,Plate2,2024-09-11 10:50:50,1436,
C6,5,CSE,12864,IPPDQ,Plate2,2024-09-11 10:50:50,1436,
C7,10,CSE,12732,IPPDQ,Plate2,2024-09-11 10:50:50,1436,
C8,20,CSE,13615,IPPDQ,Plate2,2024-09-11 10:50:50,1436,
C9,50,CSE,13241,IPPDQ,Plate2,2024-09-11 10:50:50,1436,
D10,100,CSE,10994,IPPDQ,Plate2,2024-09-11 10:50:50,1436,
D11,200,CSE,11290,IPPDQ,Plate2,2024-09-11 10:50:50,1436,
D12,400,CSE,11369,IPPDQ,Plate2,2024-09-11 10:50:50,1436,
D3,0,CSE,12304,IPPDQ,Plate2,2024-09-11 10:50:50,1436,
D4,0.1,CSE,12984,IPPDQ,Plate2,2024-09-11 10:50:50,1436,
D5,1,CSE,12559,IPPDQ,Plate2,2024-09-11 10:50:50,1436,
D6,5,CSE,12047,IPPDQ,Plate2,2024-09-11 10:50:50,1436,
D7,10,CSE,12631,IPPDQ,Plate2,2024-09-11 10:50:50,1436,
D8,20,CSE,12588,IPPDQ,Plate2,2024-09-11 10:50:50,1436,
D9,50,CSE,12830,IPPDQ,Plate2,2024-09-11 10:50:50,1436,
E10,100,CHSE,16350,IPPDQ,Plate2,2024-09-11 10:50:50,1436,
E11,200,CHSE,13951,IPPDQ,Plate2,2024-09-11 10:50:50,1436,
E12,400,CHSE,16156,IPPDQ,Plate2,2024-09-11 10:50:50,1436,
E3,0,CHSE,14534,IPPDQ,Plate2,2024-09-11 10:50:50,1436,
E4,0.1,CHSE,15439,IPPDQ,Plate2,2024-09-11 10:50:50,1436,
E5,1,CHSE,15802,IPPDQ,Plate2,2024-09-11 10:50:50,1436,
E6,5,CHSE,15532,IPPDQ,Plate2,2024-09-11 10:50:50,1436,
E7,10,CHSE,17104,IPPDQ,Plate2,2024-09-11 10:50:50,1436,
E8,20,CHSE,18252,IPPDQ,Plate2,2024-09-11 10:50:50,1436,
E9,50,CHSE,15719,IPPDQ,Plate2,2024-09-11 10:50:50,1436,
F10,100,CHSE,15089,IPPDQ,Plate2,2024-09-11 10:50:50,1436,
F11,200,CHSE,14276,IPPDQ,Plate2,2024-09-11 10:50:50,1436,
F12,400,CHSE,16403,IPPDQ,Plate2,2024-09-11 10:50:50,1436,
F3,0,CHSE,15289,IPPDQ,Plate2,2024-09-11 10:50:50,1436,
F4,0.1,CHSE,15914,IPPDQ,Plate2,2024-09-11 10:50:50,1436,
F5,1,CHSE,15695,IPPDQ,Plate2,2024-09-11 10:50:50,1436,
F6,5,CHSE,15270,IPPDQ,Plate2,2024-09-11 10:50:50,1436,
F7,10,CHSE,15692,IPPDQ,Plate2,2024-09-11 10:50:50,1436,
F8,20,CHSE,15087,IPPDQ,Plate2,2024-09-11 10:50:50,1436,
F9,50,CHSE,15192,IPPDQ,Plate2,2024-09-11 10:50:50,1436,
G10,100,CHSE,15980,IPPDQ,Plate2,2024-09-11 10:50:50,1436,
G11,200,CHSE,16133,IPPDQ,Plate2,2024-09-11 10:50:50,1436,
G12,400,CHSE,16546,IPPDQ,Plate2,2024-09-11 10:50:50,1436,
G3,0,CHSE,15666,IPPDQ,Plate2,2024-09-11 10:50:50,1436,
G4,0.1,CHSE,16631,IPPDQ,Plate2,2024-09-11 10:50:50,1436,
G5,1,CHSE,16694,IPPDQ,Plate2,2024-09-11 10:50:50,1436,
G6,5,CHSE,15560,IPPDQ,Plate2,2024-09-11 10:50:50,1436,
G7,10,CHSE,16041,IPPDQ,Plate2,2024-09-11 10:50:50,1436,
G8,20,CHSE,15996,IPPDQ,Plate2,2024-09-11 10:50:50,1436,
G9,50,CHSE,16527,IPPDQ,Plate2,2024-09-11 10:50:50,1436,
H10,100,CHSE,16591,IPPDQ,Plate2,2024-09-11 10:50:50,1436,
H11,200,CHSE,15459,IPPDQ,Plate2,2024-09-11 10:50:50,1436,
H12,400,CHSE,16362,IPPDQ,Plate2,2024-09-11 10:50:50,1436,
H3,0,CHSE,16912,IPPDQ,Plate2,2024-09-11 10:50:50,1436,
H4,0.1,CHSE,16773,IPPDQ,Plate2,2024-09-11 10:50:50,1436,
H5,1,CHSE,16200,IPPDQ,Plate2,2024-09-11 10:50:50,1436,
H6,5,CHSE,16432,IPPDQ,Plate2,2024-09-11 10:50:50,1436,
H7,10,CHSE,15970,IPPDQ,Plate2,2024-09-11 10:50:50,1436,
H8,20,CHSE,15163,IPPDQ,Plate2,2024-09-11 10:50:50,1436,
H9,50,CHSE,16273,IPPDQ,Plate2,2024-09-11 10:50:50,1436,
A10,100,CSE,11530,IPPDQ,Plate3,2024-09-11 10:53:02,1435,
A11,200,CSE,11607,IPPDQ,Plate3,2024-09-11 10:53:02,1435,
A12,400,CSE,10278,IPPDQ,Plate3,2024-09-11 10:53:02,1435,
A3,0,CSE,10223,IPPDQ,Plate3,2024-09-11 10:53:02,1435,
A4,0.1,CSE,11978,IPPDQ,Plate3,2024-09-11 10:53:02,1435,
A5,1,CSE,10331,IPPDQ,Plate3,2024-09-11 10:53:02,1435,
A6,5,CSE,10901,IPPDQ,Plate3,2024-09-11 10:53:02,1435,
A7,10,CSE,13043,IPPDQ,Plate3,2024-09-11 10:53:02,1435,
A8,20,CSE,11785,IPPDQ,Plate3,2024-09-11 10:53:02,1435,
A9,50,CSE,11566,IPPDQ,Plate3,2024-09-11 10:53:02,1435,
B10,100,CSE,10627,IPPDQ,Plate3,2024-09-11 10:53:02,1435,
B11,200,CSE,10415,IPPDQ,Plate3,2024-09-11 10:53:02,1435,
B12,400,CSE,9675,IPPDQ,Plate3,2024-09-11 10:53:02,1435,
B3,0,CSE,10798,IPPDQ,Plate3,2024-09-11 10:53:02,1435,
B4,0.1,CSE,11652,IPPDQ,Plate3,2024-09-11 10:53:02,1435,
B5,1,CSE,11182,IPPDQ,Plate3,2024-09-11 10:53:02,1435,
B6,5,CSE,10801,IPPDQ,Plate3,2024-09-11 10:53:02,1435,
B7,10,CSE,10773,IPPDQ,Plate3,2024-09-11 10:53:02,1435,
B8,20,CSE,11326,IPPDQ,Plate3,2024-09-11 10:53:02,1435,
B9,50,CSE,11260,IPPDQ,Plate3,2024-09-11 10:53:02,1435,
C10,100,CSE,10429,IPPDQ,Plate3,2024-09-11 10:53:02,1435,
C11,200,CSE,10404,IPPDQ,Plate3,2024-09-11 10:53:02,1435,
C12,400,CSE,10263,IPPDQ,Plate3,2024-09-11 10:53:02,1435,
C3,0,CSE,11309,IPPDQ,Plate3,2024-09-11 10:53:02,1435,
C4,0.1,CSE,11177,IPPDQ,Plate3,2024-09-11 10:53:02,1435,
C5,1,CSE,11368,IPPDQ,Plate3,2024-09-11 10:53:02,1435,
C6,5,CSE,10674,IPPDQ,Plate3,2024-09-11 10:53:02,1435,
C7,10,CSE,11757,IPPDQ,Plate3,2024-09-11 10:53:02,1435,
C8,20,CSE,10939,IPPDQ,Plate3,2024-09-11 10:53:02,1435,
C9,50,CSE,11008,IPPDQ,Plate3,2024-09-11 10:53:02,1435,
D10,100,CSE,10098,IPPDQ,Plate3,2024-09-11 10:53:02,1435,
D11,200,CSE,9188,IPPDQ,Plate3,2024-09-11 10:53:02,1435,
D12,400,CSE,8808,IPPDQ,Plate3,2024-09-11 10:53:02,1435,
D3,0,CSE,9794,IPPDQ,Plate3,2024-09-11 10:53:02,1435,
D4,0.1,CSE,9825,IPPDQ,Plate3,2024-09-11 10:53:02,1435,
D5,1,CSE,9251,IPPDQ,Plate3,2024-09-11 10:53:02,1435,
D6,5,CSE,10293,IPPDQ,Plate3,2024-09-11 10:53:02,1435,
D7,10,CSE,9667,IPPDQ,Plate3,2024-09-11 10:53:02,1435,
D8,20,CSE,10548,IPPDQ,Plate3,2024-09-11 10:53:02,1435,
D9,50,CSE,10122,IPPDQ,Plate3,2024-09-11 10:53:02,1435,
E10,100,CHSE,16427,IPPDQ,Plate3,2024-09-11 10:53:02,1435,
E11,200,CHSE,16169,IPPDQ,Plate3,2024-09-11 10:53:02,1435,
E12,400,CHSE,15677,IPPDQ,Plate3,2024-09-11 10:53:02,1435,
E3,0,CHSE,15505,IPPDQ,Plate3,2024-09-11 10:53:02,1435,
E4,0.1,CHSE,16253,IPPDQ,Plate3,2024-09-11 10:53:02,1435,
E5,1,CHSE,16745,IPPDQ,Plate3,2024-09-11 10:53:02,1435,
E6,5,CHSE,15751,IPPDQ,Plate3,2024-09-11 10:53:02,1435,
E7,10,CHSE,16058,IPPDQ,Plate3,2024-09-11 10:53:02,1435,
E8,20,CHSE,15891,IPPDQ,Plate3,2024-09-11 10:53:02,1435,
E9,50,CHSE,16804,IPPDQ,Plate3,2024-09-11 10:53:02,1435,
F10,100,CHSE,15873,IPPDQ,Plate3,2024-09-11 10:53:02,1435,
F11,200,CHSE,15817,IPPDQ,Plate3,2024-09-11 10:53:02,1435,
F12,400,CHSE,16713,IPPDQ,Plate3,2024-09-11 10:53:02,1435,
F3,0,CHSE,17170,IPPDQ,Plate3,2024-09-11 10:53:02,1435,
F4,0.1,CHSE,17196,IPPDQ,Plate3,2024-09-11 10:53:02,1435,
F5,1,CHSE,15447,IPPDQ,Plate3,2024-09-11 10:53:02,1435,
F6,5,CHSE,16542,IPPDQ,Plate3,2024-09-11 10:53:02,1435,
F7,10,CHSE,15452,IPPDQ,Plate3,2024-09-11 10:53:02,1435,
F8,20,CHSE,15800,IPPDQ,Plate3,2024-09-11 10:53:02,1435,
F9,50,CHSE,15639,IPPDQ,Plate3,2024-09-11 10:53:02,1435,
G10,100,CHSE,15940,IPPDQ,Plate3,2024-09-11 10:53:02,1435,
G11,200,CHSE,14567,IPPDQ,Plate3,2024-09-11 10:53:02,1435,
G12,400,CHSE,15839,IPPDQ,Plate3,2024-09-11 10:53:02,1435,
G3,0,CHSE,15730,IPPDQ,Plate3,2024-09-11 10:53:02,1435,
G4,0.1,CHSE,14588,IPPDQ,Plate3,2024-09-11 10:53:02,1435,
G5,1,CHSE,16548,IPPDQ,Plate3,2024-09-11 10:53:02,1435,
G6,5,CHSE,15934,IPPDQ,Plate3,2024-09-11 10:53:02,1435,
G7,10,CHSE,15881,IPPDQ,Plate3,2024-09-11 10:53:02,1435,
G8,20,CHSE,15791,IPPDQ,Plate3,2024-09-11 10:53:02,1435,
G9,50,CHSE,15663,IPPDQ,Plate3,2024-09-11 10:53:02,1435,
H10,100,CHSE,15577,IPPDQ,Plate3,2024-09-11 10:53:02,1435,
H11,200,CHSE,14374,IPPDQ,Plate3,2024-09-11 10:53:02,1435,
H12,400,CHSE,15357,IPPDQ,Plate3,2024-09-11 10:53:02,1435,
H3,0,CHSE,15700,IPPDQ,Plate3,2024-09-11 10:53:02,1435,
H4,0.1,CHSE,15270,IPPDQ,Plate3,2024-09-11 10:53:02,1435,
H5,1,CHSE,15874,IPPDQ,Plate3,2024-09-11 10:53:02,1435,
H6,5,CHSE,15711,IPPDQ,Plate3,2024-09-11 10:53:02,1435,
H7,10,CHSE,15657,IPPDQ,Plate3,2024-09-11 10:53:02,1435,
H8,20,CHSE,15741,IPPDQ,Plate3,2024-09-11 10:53:02,1435,
H9,50,CHSE,16541,IPPDQ,Plate3,2024-09-11 10:53:02,1435,
A10,100,RTG,26380,IPPDQ,Plate4,2024-09-11 10:55:18,1434,
A11,200,RTG,26072,IPPDQ,Plate4,2024-09-11 10:55:18,1434,
A12,400,RTG,27445,IPPDQ,Plate4,2024-09-11 10:55:18,1434,
A3,0,RTG,27299,IPPDQ,Plate4,2024-09-11 10:55:18,1434,
A4,0.1,RTG,26514,IPPDQ,Plate4,2024-09-11 10:55:18,1434,
A5,1,RTG,26752,IPPDQ,Plate4,2024-09-11 10:55:18,1434,
A6,5,RTG,26701,IPPDQ,Plate4,2024-09-11 10:55:18,1434,
A7,10,RTG,27994,IPPDQ,Plate4,2024-09-11 10:55:18,1434,
A8,20,RTG,27959,IPPDQ,Plate4,2024-09-11 10:55:18,1434,
A9,50,RTG,27020,IPPDQ,Plate4,2024-09-11 10:55:18,1434,
B10,100,RTG,26468,IPPDQ,Plate4,2024-09-11 10:55:18,1434,
B11,200,RTG,27897,IPPDQ,Plate4,2024-09-11 10:55:18,1434,
B12,400,RTG,27358,IPPDQ,Plate4,2024-09-11 10:55:18,1434,
B3,0,RTG,26115,IPPDQ,Plate4,2024-09-11 10:55:18,1434,
B4,0.1,RTG,26229,IPPDQ,Plate4,2024-09-11 10:55:18,1434,
B5,1,RTG,25389,IPPDQ,Plate4,2024-09-11 10:55:18,1434,
B6,5,RTG,25389,IPPDQ,Plate4,2024-09-11 10:55:18,1434,
B7,10,RTG,26836,IPPDQ,Plate4,2024-09-11 10:55:18,1434,
B8,20,RTG,26066,IPPDQ,Plate4,2024-09-11 10:55:18,1434,
B9,50,RTG,26847,IPPDQ,Plate4,2024-09-11 10:55:18,1434,
C10,100,RTG,27088,IPPDQ,Plate4,2024-09-11 10:55:18,1434,
C11,200,RTG,28439,IPPDQ,Plate4,2024-09-11 10:55:18,1434,
C12,400,RTG,27348,IPPDQ,Plate4,2024-09-11 10:55:18,1434,
C3,0,RTG,26179,IPPDQ,Plate4,2024-09-11 10:55:18,1434,
C4,0.1,RTG,27287,IPPDQ,Plate4,2024-09-11 10:55:18,1434,
C5,1,RTG,26119,IPPDQ,Plate4,2024-09-11 10:55:18,1434,
C6,5,RTG,25271,IPPDQ,Plate4,2024-09-11 10:55:18,1434,
C7,10,RTG,26760,IPPDQ,Plate4,2024-09-11 10:55:18,1434,
C8,20,RTG,27396,IPPDQ,Plate4,2024-09-11 10:55:18,1434,
C9,50,RTG,28349,IPPDQ,Plate4,2024-09-11 10:55:18,1434,
D10,100,RTG,27921,IPPDQ,Plate4,2024-09-11 10:55:18,1434,
D11,200,RTG,28269,IPPDQ,Plate4,2024-09-11 10:55:18,1434,
D12,400,RTG,27122,IPPDQ,Plate4,2024-09-11 10:55:18,1434,
D3,0,RTG,28315,IPPDQ,Plate4,2024-09-11 10:55:18,1434,
D4,0.1,RTG,26811,IPPDQ,Plate4,2024-09-11 10:55:18,1434,
D5,1,RTG,28568,IPPDQ,Plate4,2024-09-11 10:55:18,1434,
D6,5,RTG,27397,IPPDQ,Plate4,2024-09-11 10:55:18,1434,
D7,10,RTG,29163,IPPDQ,Plate4,2024-09-11 10:55:18,1434,
D8,20,RTG,29921,IPPDQ,Plate4,2024-09-11 10:55:18,1434,
D9,50,RTG,27683,IPPDQ,Plate4,2024-09-11 10:55:18,1434,
A10,100,RTG,25569,IPPDQ,Plate5,2024-09-11 10:56:54,1432,
A11,200,RTG,24997,IPPDQ,Plate5,2024-09-11 10:56:54,1432,
A12,400,RTG,25829,IPPDQ,Plate5,2024-09-11 10:56:54,1432,
A3,0,RTG,26727,IPPDQ,Plate5,2024-09-11 10:56:54,1432,
A4,0.1,RTG,26383,IPPDQ,Plate5,2024-09-11 10:56:54,1432,
A5,1,RTG,26978,IPPDQ,Plate5,2024-09-11 10:56:54,1432,
A6,5,RTG,24301,IPPDQ,Plate5,2024-09-11 10:56:54,1432,
A7,10,RTG,27332,IPPDQ,Plate5,2024-09-11 10:56:54,1432,
A8,20,RTG,27421,IPPDQ,Plate5,2024-09-11 10:56:54,1432,
A9,50,RTG,26824,IPPDQ,Plate5,2024-09-11 10:56:54,1432,
B10,100,RTG,24958,IPPDQ,Plate5,2024-09-11 10:56:54,1432,
B11,200,RTG,25236,IPPDQ,Plate5,2024-09-11 10:56:54,1432,
B12,400,RTG,24076,IPPDQ,Plate5,2024-09-11 10:56:54,1432,
B3,0,RTG,26505,IPPDQ,Plate5,2024-09-11 10:56:54,1432,
B4,0.1,RTG,24702,IPPDQ,Plate5,2024-09-11 10:56:54,1432,
B5,1,RTG,25951,IPPDQ,Plate5,2024-09-11 10:56:54,1432,
B6,5,RTG,25475,IPPDQ,Plate5,2024-09-11 10:56:54,1432,
B7,10,RTG,26030,IPPDQ,Plate5,2024-09-11 10:56:54,1432,
B8,20,RTG,25258,IPPDQ,Plate5,2024-09-11 10:56:54,1432,
B9,50,RTG,25743,IPPDQ,Plate5,2024-09-11 10:56:54,1432,
C10,100,RTG,25155,IPPDQ,Plate5,2024-09-11 10:56:54,1432,
C11,200,RTG,23577,IPPDQ,Plate5,2024-09-11 10:56:54,1432,
C12,400,RTG,26285,IPPDQ,Plate5,2024-09-11 10:56:54,1432,
C3,0,RTG,24903,IPPDQ,Plate5,2024-09-11 10:56:54,1432,
C4,0.1,RTG,24337,IPPDQ,Plate5,2024-09-11 10:56:54,1432,
C5,1,RTG,24587,IPPDQ,Plate5,2024-09-11 10:56:54,1432,
C6,5,RTG,25300,IPPDQ,Plate5,2024-09-11 10:56:54,1432,
C7,10,RTG,25001,IPPDQ,Plate5,2024-09-11 10:56:54,1432,
C8,20,RTG,25002,IPPDQ,Plate5,2024-09-11 10:56:54,1432,
C9,50,RTG,24235,IPPDQ,Plate5,2024-09-11 10:56:54,1432,
D10,100,RTG,24137,IPPDQ,Plate5,2024-09-11 10:56:54,1432,
D11,200,RTG,23723,IPPDQ,Plate5,2024-09-11 10:56:54,1432,
D12,400,RTG,25528,IPPDQ,Plate5,2024-09-11 10:56:54,1432,
D3,0,RTG,24835,IPPDQ,Plate5,2024-09-11 10:56:54,1432,
D4,0.1,RTG,25089,IPPDQ,Plate5,2024-09-11 10:56:54,1432,
D5,1,RTG,26193,IPPDQ,Plate5,2024-09-11 10:56:54,1432,
D6,5,RTG,24904,IPPDQ,Plate5,2024-09-11 10:56:54,1432,
D7,10,RTG,26056,IPPDQ,Plate5,2024-09-11 10:56:54,1432,
D8,20,RTG,26222,IPPDQ,Plate5,2024-09-11 10:56:54,1432,
D9,50,RTG,25430,IPPDQ,Plate5,2024-09-11 10:56:54,1432,
A10,100,RTG,20345,IPPDQ,Plate6,2024-09-11 10:58:30,1432,
A11,200,RTG,23411,IPPDQ,Plate6,2024-09-11 10:58:30,1432,
A12,400,RTG,20789,IPPDQ,Plate6,2024-09-11 10:58:30,1432,
A3,0,RTG,24862,IPPDQ,Plate6,2024-09-11 10:58:30,1432,
A4,0.1,RTG,24723,IPPDQ,Plate6,2024-09-11 10:58:30,1432,
A5,1,RTG,24860,IPPDQ,Plate6,2024-09-11 10:58:30,1432,
A6,5,RTG,22978,IPPDQ,Plate6,2024-09-11 10:58:30,1432,
A7,10,RTG,23692,IPPDQ,Plate6,2024-09-11 10:58:30,1432,
A8,20,RTG,22521,IPPDQ,Plate6,2024-09-11 10:58:30,1432,
A9,50,RTG,19550,IPPDQ,Plate6,2024-09-11 10:58:30,1432,
B10,100,RTG,21130,IPPDQ,Plate6,2024-09-11 10:58:30,1432,
B11,200,RTG,23579,IPPDQ,Plate6,2024-09-11 10:58:30,1432,
B12,400,RTG,22664,IPPDQ,Plate6,2024-09-11 10:58:30,1432,
B3,0,RTG,23770,IPPDQ,Plate6,2024-09-11 10:58:30,1432,
B4,0.1,RTG,24860,IPPDQ,Plate6,2024-09-11 10:58:30,1432,
B5,1,RTG,24295,IPPDQ,Plate6,2024-09-11 10:58:30,1432,
B6,5,RTG,23803,IPPDQ,Plate6,2024-09-11 10:58:30,1432,
B7,10,RTG,24014,IPPDQ,Plate6,2024-09-11 10:58:30,1432,
B8,20,RTG,22865,IPPDQ,Plate6,2024-09-11 10:58:30,1432,
B9,50,RTG,20443,IPPDQ,Plate6,2024-09-11 10:58:30,1432,
C10,100,RTG,21846,IPPDQ,Plate6,2024-09-11 10:58:30,1432,
C11,200,RTG,22059,IPPDQ,Plate6,2024-09-11 10:58:30,1432,
C12,400,RTG,22022,IPPDQ,Plate6,2024-09-11 10:58:30,1432,
C3,0,RTG,23626,IPPDQ,Plate6,2024-09-11 10:58:30,1432,
C4,0.1,RTG,23726,IPPDQ,Plate6,2024-09-11 10:58:30,1432,
C5,1,RTG,23062,IPPDQ,Plate6,2024-09-11 10:58:30,1432,
C6,5,RTG,20400,IPPDQ,Plate6,2024-09-11 10:58:30,1432,
C7,10,RTG,22975,IPPDQ,Plate6,2024-09-11 10:58:30,1432,
C8,20,RTG,22235,IPPDQ,Plate6,2024-09-11 10:58:30,1432,
C9,50,RTG,23002,IPPDQ,Plate6,2024-09-11 10:58:30,1432,
D10,100,RTG,17923,IPPDQ,Plate6,2024-09-11 10:58:30,1432,
D11,200,RTG,19053,IPPDQ,Plate6,2024-09-11 10:58:30,1432,
D12,400,RTG,14821,IPPDQ,Plate6,2024-09-11 10:58:30,1432,
D3,0,RTG,20540,IPPDQ,Plate6,2024-09-11 10:58:30,1432,
D4,0.1,RTG,20216,IPPDQ,Plate6,2024-09-11 10:58:30,1432,
D5,1,RTG,19659,IPPDQ,Plate6,2024-09-11 10:58:30,1432,
D6,5,RTG,20059,IPPDQ,Plate6,2024-09-11 10:58:30,1432,
D7,10,RTG,19043,IPPDQ,Plate6,2024-09-11 10:58:30,1432,
D8,20,RTG,19030,IPPDQ,Plate6,2024-09-11 10:58:30,1432,
D9,50,RTG,17724,IPPDQ,Plate6,2024-09-11 10:58:30,1432,