antiozonant,cell_type,plate,experiment_date,plate_group,assay_run,ozone_condition,concentration,log10_concentration,exposure_hours,in_24h_window,relative_rfu,technical_wells_n,control_mean_rfu,control_wells_n,ridge_prediction,extra_trees_prediction,nested_selected_prediction,train_mean_prediction,outer_fold,constant_control_prediction,in_training_domain
6PPD,CHSE,Plate1,2024-02-15,2024-02-15|Plate1,6PPD|CHSE|Plate1|2024-02-15 10:46:33|unozonated,unozonated,0.1,-0.6989700043360187,23.983333333333334,True,1.0140474849369314,4,14646.75,4,1.0220628398982137,0.9677781110101481,0.9677781110101481,0.9788687404954326,3.0,1.0,True
6PPD,CHSE,Plate1,2024-02-15,2024-02-15|Plate1,6PPD|CHSE|Plate1|2024-02-15 10:46:33|unozonated,unozonated,0.5,-0.2218487496163564,23.983333333333334,True,1.0173587997337292,4,14646.75,4,1.013652046365369,0.9677946297046632,0.9677946297046632,0.9788687404954326,3.0,1.0,True
6PPD,CHSE,Plate1,2024-02-15,2024-02-15|Plate1,6PPD|CHSE|Plate1|2024-02-15 10:46:33|unozonated,unozonated,1.0,0.04139268515822508,23.983333333333334,True,1.0055814429822316,4,14646.75,4,1.0090115711501544,0.9712060804959022,0.9712060804959022,0.9788687404954326,3.0,1.0,True
6PPD,CHSE,Plate1,2024-02-15,2024-02-15|Plate1,6PPD|CHSE|Plate1|2024-02-15 10:46:33|unozonated,unozonated,5.0,0.7075701760979364,23.983333333333334,True,1.016317613122365,4,14646.75,4,0.9972680546392113,0.9743181063350742,0.9743181063350742,0.9788687404954326,3.0,1.0,True
6PPD,CHSE,Plate1,2024-02-15,2024-02-15|Plate1,6PPD|CHSE|Plate1|2024-02-15 10:46:33|unozonated,unozonated,10.0,1.0043213737826426,23.983333333333334,True,1.016966221175346,4,14646.75,4,0.9920368622962568,0.9798631912907134,0.9798631912907134,0.9788687404954326,3.0,1.0,True
6PPD,CHSE,Plate1,2024-02-15,2024-02-15|Plate1,6PPD|CHSE|Plate1|2024-02-15 10:46:33|unozonated,unozonated,20.0,1.3031960574204888,23.983333333333334,True,1.0318500691279635,4,14646.75,4,0.9867682366976148,0.9856342986754082,0.9856342986754082,0.9788687404954326,3.0,1.0,True
6PPD,CHSE,Plate1,2024-02-15,2024-02-15|Plate1,6PPD|CHSE|Plate1|2024-02-15 10:46:33|unozonated,unozonated,50.0,1.6998377258672457,23.983333333333334,True,1.0409305818696981,4,14646.75,4,0.9797761541885496,0.9985452769715776,0.9985452769715776,0.9788687404954326,3.0,1.0,True
6PPD,CHSE,Plate1,2024-02-15,2024-02-15|Plate1,6PPD|CHSE|Plate1|2024-02-15 10:46:33|unozonated,unozonated,100.0,2.000434077479319,23.983333333333334,True,1.1064912011197023,4,14646.75,4,0.974477178665816,1.0127081004440697,1.0127081004440697,0.9788687404954326,3.0,1.0,True
6PPD,CHSE,Plate1,2024-02-15,2024-02-15|Plate1,6PPD|CHSE|Plate1|2024-02-15 10:46:33|unozonated,unozonated,200.0,2.3012470886362113,23.983333333333334,True,1.1933022684213221,4,14646.75,4,0.9691743838231917,1.047651567378697,1.047651567378697,0.9788687404954326,3.0,1.0,True
6PPD,CHSE,Plate1,2024-08-29,2024-08-29|Plate1,6PPD|CHSE|Plate1|2024-08-29 11:12:27|t0,t0,0.1,-0.6989700043360187,24.216666666666665,True,1.0149501945925556,4,14581.75,4,1.0309350521222818,0.9955325772589904,0.9955325772589904,0.9776901457031006,0.0,1.0,True
6PPD,CHSE,Plate1,2024-08-29,2024-08-29|Plate1,6PPD|CHSE|Plate1|2024-08-29 11:12:27|t0,t0,1.0,0.04139268515822508,24.216666666666665,True,0.9991770535086666,4,14581.75,4,1.0173175279187647,1.0124161600355366,1.0124161600355366,0.9776901457031006,0.0,1.0,True
6PPD,CHSE,Plate1,2024-08-29,2024-08-29|Plate1,6PPD|CHSE|Plate1|2024-08-29 11:12:27|t0,t0,10.0,1.0043213737826426,24.216666666666665,True,0.9353472662746241,4,14581.75,4,0.9996063372960151,1.0174936208635066,1.0174936208635066,0.9776901457031006,0.0,1.0,True
6PPD,CHSE,Plate1,2024-08-29,2024-08-29|Plate1,6PPD|CHSE|Plate1|2024-08-29 11:12:27|t0,t0,20.0,1.3031960574204888,24.216666666666665,True,0.9775747081111663,4,14581.75,4,0.9941091218149957,1.0154660909862963,1.0154660909862963,0.9776901457031006,0.0,1.0,True
6PPD,CHSE,Plate1,2024-08-29,2024-08-29|Plate1,6PPD|CHSE|Plate1|2024-08-29 11:12:27|t0,t0,50.0,1.6998377258672457,24.216666666666665,True,0.9647847480583607,4,14581.75,4,0.9868136737908836,1.0236547612582407,1.0236547612582407,0.9776901457031006,0.0,1.0,True
6PPD,CHSE,Plate1,2024-08-29,2024-08-29|Plate1,6PPD|CHSE|Plate1|2024-08-29 11:12:27|t0,t0,100.0,2.000434077479319,24.216666666666665,True,0.9484286865431104,4,14581.75,4,0.9812847915934803,1.0298997073557161,1.0298997073557161,0.9776901457031006,0.0,1.0,True
6PPD,CHSE,Plate1,2024-08-29,2024-08-29|Plate1,6PPD|CHSE|Plate1|2024-08-29 11:12:27|t0,t0,200.0,2.3012470886362113,24.216666666666665,True,1.0133728804841668,4,14581.75,4,0.9757519243673372,1.0457673428465106,1.0457673428465106,0.9776901457031006,0.0,1.0,True
6PPD,CHSE,Plate1,2024-08-29,2024-08-29|Plate1,6PPD|CHSE|Plate1|2024-08-29 11:12:27|t0,t0,400.0,2.6021685513789974,24.216666666666665,True,1.1102062509643904,4,14581.75,4,0.9702170623863032,1.0772942276810455,1.0772942276810455,0.9776901457031006,0.0,1.0,True
6PPD,CHSE,Plate1,2024-08-30,2024-08-30|Plate1,6PPD|CHSE|Plate1|2024-08-30 10:48:38|t25,t25,0.1,-0.6989700043360187,24.033333333333335,True,0.8812697259371949,4,11010.25,4,0.9693886747527519,0.989361600721135,0.989361600721135,0.9780041619884945,2.0,1.0,True
6PPD,CHSE,Plate1,2024-08-30,2024-08-30|Plate1,6PPD|CHSE|Plate1|2024-08-30 10:48:38|t25,t25,1.0,0.04139268515822508,24.033333333333335,True,0.9907359051792648,4,11010.25,4,0.9572620532614183,1.032422952999944,1.032422952999944,0.9780041619884945,2.0,1.0,True
6PPD,CHSE,Plate1,2024-08-30,2024-08-30|Plate1,6PPD|CHSE|Plate1|2024-08-30 10:48:38|t25,t25,5.0,0.7075701760979364,24.033333333333335,True,1.0796984627960309,4,11010.25,4,0.9463505332816761,1.0675803778343338,1.0675803778343338,0.9780041619884945,2.0,1.0,True
6PPD,CHSE,Plate1,2024-08-30,2024-08-30|Plate1,6PPD|CHSE|Plate1|2024-08-30 10:48:38|t25,t25,10.0,1.0043213737826426,24.033333333333335,True,1.0146227379033173,4,11010.25,4,0.9414899568338264,1.0182981180199424,1.0182981180199424,0.9780041619884945,2.0,1.0,True
6PPD,CHSE,Plate1,2024-08-30,2024-08-30|Plate1,6PPD|CHSE|Plate1|2024-08-30 10:48:38|t25,t25,20.0,1.3031960574204888,24.033333333333335,True,0.9455507368134238,4,11010.25,4,0.9365945991756844,0.9826314253617829,0.9826314253617829,0.9780041619884945,2.0,1.0,True
6PPD,CHSE,Plate1,2024-08-30,2024-08-30|Plate1,6PPD|CHSE|Plate1|2024-08-30 10:48:38|t25,t25,50.0,1.6998377258672457,24.033333333333335,True,0.9269544288276833,4,11010.25,4,0.9300978868896688,0.986764644697882,0.986764644697882,0.9780041619884945,2.0,1.0,True
6PPD,CHSE,Plate1,2024-08-30,2024-08-30|Plate1,6PPD|CHSE|Plate1|2024-08-30 10:48:38|t25,t25,100.0,2.000434077479319,24.033333333333335,True,0.9535432892077838,4,11010.25,4,0.9251743295178548,0.9958265151622101,0.9958265151622101,0.9780041619884945,2.0,1.0,True
6PPD,CHSE,Plate1,2024-08-30,2024-08-30|Plate1,6PPD|CHSE|Plate1|2024-08-30 10:48:38|t25,t25,200.0,2.3012470886362113,24.033333333333335,True,0.8046820008628324,4,11010.25,4,0.9202472234146828,0.9836124855160177,0.9836124855160177,0.9780041619884945,2.0,1.0,True
6PPD,CHSE,Plate1,2024-08-30,2024-08-30|Plate1,6PPD|CHSE|Plate1|2024-08-30 10:48:38|t25,t25,400.0,2.6021685513789974,24.033333333333335,True,0.981131218637179,4,11010.25,4,0.9153183409506124,0.95481357666701,0.95481357666701,0.9780041619884945,2.0,1.0,True
6PPD,CHSE,Plate1,2024-09-05,2024-09-05|Plate1,6PPD|CHSE|Plate1|2024-09-05 11:02:10|t25,t25,0.1,-0.6989700043360187,24.0,True,0.9129954055562712,4,23289.0,4,0.9878983159567032,0.9894088547874763,0.9894088547874763,0.9779225257819442,4.0,1.0,True
6PPD,CHSE,Plate1,2024-09-05,2024-09-05|Plate1,6PPD|CHSE|Plate1|2024-09-05 11:02:10|t25,t25,1.0,0.04139268515822508,24.0,True,1.0672527802825367,4,23289.0,4,0.9738837650170323,1.0191348115484022,1.0191348115484022,0.9779225257819442,4.0,1.0,True
6PPD,CHSE,Plate1,2024-09-05,2024-09-05|Plate1,6PPD|CHSE|Plate1|2024-09-05 11:02:10|t25,t25,5.0,0.7075701760979364,24.0,True,1.0890978573575507,4,23289.0,4,0.9612734883052029,1.0504607562761412,1.0504607562761412,0.9779225257819442,4.0,1.0,True
6PPD,CHSE,Plate1,2024-09-05,2024-09-05|Plate1,6PPD|CHSE|Plate1|2024-09-05 11:02:10|t25,t25,10.0,1.0043213737826426,24.0,True,1.0042079951908627,4,23289.0,4,0.9556561944634486,0.9951938693355135,0.9951938693355135,0.9779225257819442,4.0,1.0,True
6PPD,CHSE,Plate1,2024-09-05,2024-09-05|Plate1,6PPD|CHSE|Plate1|2024-09-05 11:02:10|t25,t25,20.0,1.3031960574204888,24.0,True,0.9570505388810168,4,23289.0,4,0.9499987045090563,0.9667333393496934,0.9667333393496934,0.9779225257819442,4.0,1.0,True
6PPD,CHSE,Plate1,2024-09-05,2024-09-05|Plate1,6PPD|CHSE|Plate1|2024-09-05 11:02:10|t25,t25,50.0,1.6998377258672457,24.0,True,1.0166709605393103,4,23289.0,4,0.9424905535093883,0.940407743293463,0.940407743293463,0.9779225257819442,4.0,1.0,True
6PPD,CHSE,Plate1,2024-09-05,2024-09-05|Plate1,6PPD|CHSE|Plate1|2024-09-05 11:02:10|t25,t25,100.0,2.000434077479319,24.0,True,1.048606638327107,4,23289.0,4,0.9368004735773156,0.9468519887688573,0.9468519887688573,0.9779225257819442,4.0,1.0,True
6PPD,CHSE,Plate1,2024-09-05,2024-09-05|Plate1,6PPD|CHSE|Plate1|2024-09-05 11:02:10|t25,t25,200.0,2.3012470886362113,24.0,True,0.9733672549272189,4,23289.0,4,0.9311062924307022,0.9334643248049196,0.9334643248049196,0.9779225257819442,4.0,1.0,True
6PPD,CHSE,Plate1,2024-09-05,2024-09-05|Plate1,6PPD|CHSE|Plate1|2024-09-05 11:02:10|t25,t25,400.0,2.6021685513789974,24.0,True,0.937148439177294,4,23289.0,4,0.9254100583709741,0.9413172480470047,0.9413172480470047,0.9779225257819442,4.0,1.0,True
6PPD,CHSE,Plate2,2024-02-15,2024-02-15|Plate2,6PPD|CHSE|Plate2|2024-02-15 10:51:34|unozonated,unozonated,0.1,-0.6989700043360187,24.033333333333335,True,0.9766675861173759,4,15407.75,4,1.0218197092702126,0.9626857343599384,0.9626857343599384,0.9780041619884945,2.0,1.0,True
6PPD,CHSE,Plate2,2024-02-15,2024-02-15|Plate2,6PPD|CHSE|Plate2|2024-02-15 10:51:34|unozonated,unozonated,0.5,-0.2218487496163564,24.033333333333335,True,0.9920819068326006,4,15407.75,4,1.0140047978172761,0.9601127954869972,0.9601127954869972,0.9780041619884945,2.0,1.0,True
6PPD,CHSE,Plate2,2024-02-15,2024-02-15|Plate2,6PPD|CHSE|Plate2|2024-02-15 10:51:34|unozonated,unozonated,1.0,0.04139268515822508,24.033333333333335,True,0.9825412535899142,4,15407.75,4,1.0096930877788792,0.9615302032941514,0.9615302032941514,0.9780041619884945,2.0,1.0,True
6PPD,CHSE,Plate2,2024-02-15,2024-02-15|Plate2,6PPD|CHSE|Plate2|2024-02-15 10:51:34|unozonated,unozonated,5.0,0.7075701760979364,24.033333333333335,True,0.9740714899969172,4,15407.75,4,0.9987815677991368,0.9687029619541704,0.9687029619541704,0.9780041619884945,2.0,1.0,True
6PPD,CHSE,Plate2,2024-02-15,2024-02-15|Plate2,6PPD|CHSE|Plate2|2024-02-15 10:51:34|unozonated,unozonated,10.0,1.0043213737826426,24.033333333333335,True,0.9974363550810469,4,15407.75,4,0.9939209913512872,0.9716900078553332,0.9716900078553332,0.9780041619884945,2.0,1.0,True
6PPD,CHSE,Plate2,2024-02-15,2024-02-15|Plate2,6PPD|CHSE|Plate2|2024-02-15 10:51:34|unozonated,unozonated,20.0,1.3031960574204888,24.033333333333335,True,1.0095893300449448,4,15407.75,4,0.9890256336931452,0.9791884140986432,0.9791884140986432,0.9780041619884945,2.0,1.0,True
6PPD,CHSE,Plate2,2024-02-15,2024-02-15|Plate2,6PPD|CHSE|Plate2|2024-02-15 10:51:34|unozonated,unozonated,50.0,1.6998377258672457,24.033333333333335,True,1.0130940598075644,4,15407.75,4,0.9825289214071297,0.9956828437637278,0.9956828437637278,0.9780041619884945,2.0,1.0,True
6PPD,CHSE,Plate2,2024-02-15,2024-02-15|Plate2,6PPD|CHSE|Plate2|2024-02-15 10:51:34|unozonated,unozonated,100.0,2.000434077479319,24.033333333333335,True,1.0414401843228245,4,15407.75,4,0.9776053640353156,1.022412834864868,1.022412834864868,0.9780041619884945,2.0,1.0,True
6PPD,CHSE,Plate2,2024-02-15,2024-02-15|Plate2,6PPD|CHSE|Plate2|2024-02-15 10:51:34|unozonated,unozonated,200.0,2.3012470886362113,24.033333333333335,True,1.1073972513832324,4,15407.75,4,0.9726782579321436,1.045593315213669,1.045593315213669,0.9780041619884945,2.0,1.0,True
6PPD,CHSE,Plate2,2024-08-29,2024-08-29|Plate2,6PPD|CHSE|Plate2|2024-08-29 11:15:09|t0,t0,0.1,-0.6989700043360187,24.216666666666665,True,1.0056507374844288,4,13847.75,4,1.0134304543300263,0.9956146093736985,0.9956146093736985,0.9779225257819442,4.0,1.0,True
6PPD,CHSE,Plate2,2024-08-29,2024-08-29|Plate2,6PPD|CHSE|Plate2|2024-08-29 11:15:09|t0,t0,1.0,0.04139268515822508,24.216666666666665,True,1.015887057464209,4,13847.75,4,0.9994159033903554,0.9997790042248088,0.9997790042248088,0.9779225257819442,4.0,1.0,True
6PPD,CHSE,Plate2,2024-08-29,2024-08-29|Plate2,6PPD|CHSE|Plate2|2024-08-29 11:15:09|t0,t0,10.0,1.0043213737826426,24.216666666666665,True,1.051127439475727,4,13847.75,4,0.9811883328367716,0.9692757960444068,0.9692757960444068,0.9779225257819442,4.0,1.0,True
6PPD,CHSE,Plate2,2024-08-29,2024-08-29|Plate2,6PPD|CHSE|Plate2|2024-08-29 11:15:09|t0,t0,20.0,1.3031960574204888,24.216666666666665,True,1.0153635067068658,4,13847.75,4,0.9755308428823792,0.9673311181211788,0.9673311181211788,0.9779225257819442,4.0,1.0,True
6PPD,CHSE,Plate2,2024-08-29,2024-08-29|Plate2,6PPD|CHSE|Plate2|2024-08-29 11:15:09|t0,t0,50.0,1.6998377258672457,24.216666666666665,True,0.9899622682385225,4,13847.75,4,0.9680226918827113,0.9783601429814386,0.9783601429814386,0.9779225257819442,4.0,1.0,True
6PPD,CHSE,Plate2,2024-08-29,2024-08-29|Plate2,6PPD|CHSE|Plate2|2024-08-29 11:15:09|t0,t0,100.0,2.000434077479319,24.216666666666665,True,1.0204365330107779,4,13847.75,4,0.9623326119506386,0.9893784212627416,0.9893784212627416,0.9779225257819442,4.0,1.0,True
6PPD,CHSE,Plate2,2024-08-29,2024-08-29|Plate2,6PPD|CHSE|Plate2|2024-08-29 11:15:09|t0,t0,200.0,2.3012470886362113,24.216666666666665,True,1.0498456427939558,4,13847.75,4,0.9566384308040252,1.010212258702354,1.010212258702354,0.9779225257819442,4.0,1.0,True
6PPD,CHSE,Plate2,2024-08-29,2024-08-29|Plate2,6PPD|CHSE|Plate2|2024-08-29 11:15:09|t0,t0,400.0,2.6021685513789974,24.216666666666665,True,1.1556028957772924,4,13847.75,4,0.950942196744297,1.012033091635874,1.012033091635874,0.9779225257819442,4.0,1.0,True
6PPD,CHSE,Plate2,2024-08-30,2024-08-30|Plate2,6PPD|CHSE|Plate2|2024-08-30 10:51:08|t25,t25,0.1,-0.6989700043360187,23.966666666666665,True,0.9884595976217119,4,11394.75,4,0.9891810943284889,1.0061438043701698,1.0061438043701698,0.9820471015172056,1.0,1.0,True
6PPD,CHSE,Plate2,2024-08-30,2024-08-30|Plate2,6PPD|CHSE|Plate2|2024-08-30 10:51:08|t25,t25,1.0,0.04139268515822508,23.966666666666665,True,1.0578117115338204,4,11394.75,4,0.9767890560993724,1.0521655980668256,1.0521655980668256,0.9820471015172056,1.0,1.0,True
6PPD,CHSE,Plate2,2024-08-30,2024-08-30|Plate2,6PPD|CHSE|Plate2|2024-08-30 10:51:08|t25,t25,5.0,0.7075701760979364,23.966666666666665,True,1.111389016871805,4,11394.75,4,0.9656387144462278,1.0736262790160327,1.0736262790160327,0.9820471015172056,1.0,1.0,True
6PPD,CHSE,Plate2,2024-08-30,2024-08-30|Plate2,6PPD|CHSE|Plate2|2024-08-30 10:51:08|t25,t25,10.0,1.0043213737826426,23.966666666666665,True,0.9498014436472937,4,11394.75,4,0.960671754011259,1.0366656044171279,1.0366656044171279,0.9820471015172056,1.0,1.0,True
6PPD,CHSE,Plate2,2024-08-30,2024-08-30|Plate2,6PPD|CHSE|Plate2|2024-08-30 10:51:08|t25,t25,20.0,1.3031960574204888,23.966666666666665,True,0.9815704600803001,4,11394.75,4,0.9556692511057098,1.0027939891347841,1.0027939891347841,0.9820471015172056,1.0,1.0,True
6PPD,CHSE,Plate2,2024-08-30,2024-08-30|Plate2,6PPD|CHSE|Plate2|2024-08-30 10:51:08|t25,t25,50.0,1.6998377258672457,23.966666666666665,True,0.8527830799271594,4,11394.75,4,0.9490303445422112,1.0082151824943402,1.0082151824943402,0.9820471015172056,1.0,1.0,True
6PPD,CHSE,Plate2,2024-08-30,2024-08-30|Plate2,6PPD|CHSE|Plate2|2024-08-30 10:51:08|t25,t25,100.0,2.000434077479319,23.966666666666665,True,0.9897101735448341,4,11394.75,4,0.9439990247126634,1.0067108065389427,1.0067108065389427,0.9820471015172056,1.0,1.0,True
6PPD,CHSE,Plate2,2024-08-30,2024-08-30|Plate2,6PPD|CHSE|Plate2|2024-08-30 10:51:08|t25,t25,200.0,2.3012470886362113,23.966666666666665,True,0.9827990960749469,4,11394.75,4,0.9389640784802725,0.970668895415291,0.970668895415291,0.9820471015172056,1.0,1.0,True
6PPD,CHSE,Plate2,2024-08-30,2024-08-30|Plate2,6PPD|CHSE|Plate2|2024-08-30 10:51:08|t25,t25,400.0,2.6021685513789974,23.966666666666665,True,0.9863314245595559,4,11394.75,4,0.933927317007571,0.945038762240051,0.945038762240051,0.9820471015172056,1.0,1.0,True
6PPD,CHSE,Plate2,2024-09-05,2024-09-05|Plate2,6PPD|CHSE|Plate2|2024-09-05 11:04:34|t25,t25,0.1,-0.6989700043360187,23.95,True,1.1541485203796762,4,22387.5,4,0.9773839340131645,0.9545148695088587,0.9545148695088587,0.9788687404954326,3.0,1.0,True
6PPD,CHSE,Plate2,2024-09-05,2024-09-05|Plate2,6PPD|CHSE|Plate2|2024-09-05 11:04:34|t25,t25,1.0,0.04139268515822508,23.95,True,1.118358458961474,4,22387.5,4,0.9643326652651053,1.0302503352186245,1.0302503352186245,0.9788687404954326,3.0,1.0,True
6PPD,CHSE,Plate2,2024-09-05,2024-09-05|Plate2,6PPD|CHSE|Plate2|2024-09-05 11:04:34|t25,t25,5.0,0.7075701760979364,23.95,True,1.0349860413176997,4,22387.5,4,0.9525891487541621,1.1023435117180858,1.1023435117180858,0.9788687404954326,3.0,1.0,True
6PPD,CHSE,Plate2,2024-09-05,2024-09-05|Plate2,6PPD|CHSE|Plate2|2024-09-05 11:04:34|t25,t25,10.0,1.0043213737826426,23.95,True,1.192037967615857,4,22387.5,4,0.9473579564112076,0.9728163065725351,0.9728163065725351,0.9788687404954326,3.0,1.0,True
6PPD,CHSE,Plate2,2024-09-05,2024-09-05|Plate2,6PPD|CHSE|Plate2|2024-09-05 11:04:34|t25,t25,20.0,1.3031960574204888,23.95,True,1.110072585147962,4,22387.5,4,0.9420893308125657,0.947496039740894,0.947496039740894,0.9788687404954326,3.0,1.0,True
6PPD,CHSE,Plate2,2024-09-05,2024-09-05|Plate2,6PPD|CHSE|Plate2|2024-09-05 11:04:34|t25,t25,50.0,1.6998377258672457,23.95,True,1.016571747627024,4,22387.5,4,0.9350972483035005,0.950725461849148,0.950725461849148,0.9788687404954326,3.0,1.0,True
6PPD,CHSE,Plate2,2024-09-05,2024-09-05|Plate2,6PPD|CHSE|Plate2|2024-09-05 11:04:34|t25,t25,100.0,2.000434077479319,23.95,True,1.0706756002233389,4,22387.5,4,0.9297982727807668,0.9503556309614032,0.9503556309614032,0.9788687404954326,3.0,1.0,True
6PPD,CHSE,Plate2,2024-09-05,2024-09-05|Plate2,6PPD|CHSE|Plate2|2024-09-05 11:04:34|t25,t25,200.0,2.3012470886362113,23.95,True,1.0208040201005026,4,22387.5,4,0.9244954779381425,0.9434705177454762,0.9434705177454762,0.9788687404954326,3.0,1.0,True
6PPD,CHSE,Plate2,2024-09-05,2024-09-05|Plate2,6PPD|CHSE|Plate2|2024-09-05 11:04:34|t25,t25,400.0,2.6021685513789974,23.95,True,0.906856504745952,4,22387.5,4,0.9191907712882192,0.9518918752563388,0.9518918752563388,0.9788687404954326,3.0,1.0,True
6PPD,CHSE,Plate3,2024-02-15,2024-02-15|Plate3,6PPD|CHSE|Plate3|2024-02-15 10:53:38|unozonated,unozonated,0.1,-0.6989700043360187,24.033333333333335,True,0.9431706466241715,4,15766.5,4,1.0267776030177198,0.9885030676303569,0.9885030676303569,0.9820471015172056,1.0,1.0,True
6PPD,CHSE,Plate3,2024-02-15,2024-02-15|Plate3,6PPD|CHSE|Plate3|2024-02-15 10:53:38|unozonated,unozonated,0.5,-0.2218487496163564,24.033333333333335,True,0.9285193289569658,4,15766.5,4,1.018791645712863,0.9888629011182896,0.9888629011182896,0.9820471015172056,1.0,1.0,True
6PPD,CHSE,Plate3,2024-02-15,2024-02-15|Plate3,6PPD|CHSE|Plate3|2024-02-15 10:53:38|unozonated,unozonated,1.0,0.04139268515822508,24.033333333333335,True,0.975866552500555,4,15766.5,4,1.0143855647886033,0.9888629011182896,0.9888629011182896,0.9820471015172056,1.0,1.0,True
6PPD,CHSE,Plate3,2024-02-15,2024-02-15|Plate3,6PPD|CHSE|Plate3|2024-02-15 10:53:38|unozonated,unozonated,5.0,0.7075701760979364,24.033333333333335,True,0.9522880791551708,4,15766.5,4,1.0032352231354589,0.994990664249696,0.994990664249696,0.9820471015172056,1.0,1.0,True
6PPD,CHSE,Plate3,2024-02-15,2024-02-15|Plate3,6PPD|CHSE|Plate3|2024-02-15 10:53:38|unozonated,unozonated,10.0,1.0043213737826426,24.033333333333335,True,0.9790219769765008,4,15766.5,4,0.9982682627004901,1.0008026598301627,1.0008026598301627,0.9820471015172056,1.0,1.0,True
6PPD,CHSE,Plate3,2024-02-15,2024-02-15|Plate3,6PPD|CHSE|Plate3|2024-02-15 10:53:38|unozonated,unozonated,20.0,1.3031960574204888,24.033333333333335,True,0.9597247328195858,4,15766.5,4,0.9932657597949407,1.0112507301400064,1.0112507301400064,0.9820471015172056,1.0,1.0,True
6PPD,CHSE,Plate3,2024-02-15,2024-02-15|Plate3,6PPD|CHSE|Plate3|2024-02-15 10:53:38|unozonated,unozonated,50.0,1.6998377258672457,24.033333333333335,True,0.9814004376367615,4,15766.5,4,0.9866268532314422,1.0272335966552415,1.0272335966552415,0.9820471015172056,1.0,1.0,True
6PPD,CHSE,Plate3,2024-02-15,2024-02-15|Plate3,6PPD|CHSE|Plate3|2024-02-15 10:53:38|unozonated,unozonated,100.0,2.000434077479319,24.033333333333335,True,1.002711445152697,4,15766.5,4,0.9815955334018944,1.0545285365959545,1.0545285365959545,0.9820471015172056,1.0,1.0,True
6PPD,CHSE,Plate3,2024-02-15,2024-02-15|Plate3,6PPD|CHSE|Plate3|2024-02-15 10:53:38|unozonated,unozonated,200.0,2.3012470886362113,24.033333333333335,True,1.0655028065835792,4,15766.5,4,0.9765605871695034,1.0572820939516334,1.0572820939516334,0.9820471015172056,1.0,1.0,True
6PPD,CHSE,Plate3,2024-08-29,2024-08-29|Plate3,6PPD|CHSE|Plate3|2024-08-29 11:17:25|t0,t0,0.1,-0.6989700043360187,24.2,True,0.9423194472743438,4,13496.75,4,1.0145920960534576,0.9957650358718693,0.9957650358718693,0.9779225257819442,4.0,1.0,True
6PPD,CHSE,Plate3,2024-08-29,2024-08-29|Plate3,6PPD|CHSE|Plate3|2024-08-29 11:17:25|t0,t0,1.0,0.04139268515822508,24.2,True,0.9710856317261563,4,13496.75,4,1.0005775451137868,1.0001623477014747,1.0001623477014747,0.9779225257819442,4.0,1.0,True
6PPD,CHSE,Plate3,2024-08-29,2024-08-29|Plate3,6PPD|CHSE|Plate3|2024-08-29 11:17:25|t0,t0,10.0,1.0043213737826426,24.2,True,0.943616055717117,4,13496.75,4,0.982349974560203,0.9713062650418268,0.9713062650418268,0.9779225257819442,4.0,1.0,True
6PPD,CHSE,Plate3,2024-08-29,2024-08-29|Plate3,6PPD|CHSE|Plate3|2024-08-29 11:17:25|t0,t0,20.0,1.3031960574204888,24.2,True,0.9656583992442624,4,13496.75,4,0.9766924846058106,0.9686996575182169,0.9686996575182169,0.9779225257819442,4.0,1.0,True
6PPD,CHSE,Plate3,2024-08-29,2024-08-29|Plate3,6PPD|CHSE|Plate3|2024-08-29 11:17:25|t0,t0,50.0,1.6998377258672457,24.2,True,0.9885898457035953,4,13496.75,4,0.9691843336061426,0.9792905170553259,0.9792905170553259,0.9779225257819442,4.0,1.0,True
6PPD,CHSE,Plate3,2024-08-29,2024-08-29|Plate3,6PPD|CHSE|Plate3|2024-08-29 11:17:25|t0,t0,100.0,2.000434077479319,24.2,True,0.9867375479282049,4,13496.75,4,0.9634942536740699,0.9900173017013509,0.9900173017013509,0.9779225257819442,4.0,1.0,True
6PPD,CHSE,Plate3,2024-08-29,2024-08-29|Plate3,6PPD|CHSE|Plate3|2024-08-29 11:17:25|t0,t0,200.0,2.3012470886362113,24.2,True,1.0431214922110879,4,13496.75,4,0.9578000725274566,1.0094111075214351,1.0094111075214351,0.9779225257819442,4.0,1.0,True
6PPD,CHSE,Plate3,2024-08-29,2024-08-29|Plate3,6PPD|CHSE|Plate3|2024-08-29 11:17:25|t0,t0,400.0,2.6021685513789974,24.2,True,1.0951710596995572,4,13496.75,4,0.9521038384677285,1.0107124122383702,1.0107124122383702,0.9779225257819442,4.0,1.0,True
6PPD,CHSE,Plate3,2024-08-30,2024-08-30|Plate3,6PPD|CHSE|Plate3|2024-08-30 10:53:17|t25,t25,0.1,-0.6989700043360187,23.95,True,0.9394677224704114,4,11807.75,4,0.993956614527966,1.0472961505966145,1.0472961505966145,0.9776901457031006,0.0,1.0,True
6PPD,CHSE,Plate3,2024-08-30,2024-08-30|Plate3,6PPD|CHSE|Plate3|2024-08-30 10:53:17|t25,t25,1.0,0.04139268515822508,23.95,True,0.9865977853528403,4,11807.75,4,0.9803390903244489,1.0903631565837049,1.0903631565837049,0.9776901457031006,0.0,1.0,True
6PPD,CHSE,Plate3,2024-08-30,2024-08-30|Plate3,6PPD|CHSE|Plate3|2024-08-30 10:53:17|t25,t25,5.0,0.7075701760979364,23.95,True,1.170565941860219,4,11807.75,4,0.9680860578101997,1.0949996042523058,1.0949996042523058,0.9776901457031006,0.0,1.0,True
6PPD,CHSE,Plate3,2024-08-30,2024-08-30|Plate3,6PPD|CHSE|Plate3|2024-08-30 10:53:17|t25,t25,10.0,1.0043213737826426,23.95,True,0.9708665918570429,4,11807.75,4,0.9626278997016994,1.0767789121916223,1.0767789121916223,0.9776901457031006,0.0,1.0,True
6PPD,CHSE,Plate3,2024-08-30,2024-08-30|Plate3,6PPD|CHSE|Plate3|2024-08-30 10:53:17|t25,t25,20.0,1.3031960574204888,23.95,True,0.8436408291164701,4,11807.75,4,0.9571306842206799,1.0692856937755881,1.0692856937755881,0.9776901457031006,0.0,1.0,True
6PPD,CHSE,Plate3,2024-08-30,2024-08-30|Plate3,6PPD|CHSE|Plate3|2024-08-30 10:53:17|t25,t25,50.0,1.6998377258672457,23.95,True,1.0229510279265737,4,11807.75,4,0.9498352361965677,1.0281390405761617,1.0281390405761617,0.9776901457031006,0.0,1.0,True
6PPD,CHSE,Plate3,2024-08-30,2024-08-30|Plate3,6PPD|CHSE|Plate3|2024-08-30 10:53:17|t25,t25,100.0,2.000434077479319,23.95,True,0.9105460396773306,4,11807.75,4,0.9443063539991644,1.0445446680873718,1.0445446680873718,0.9776901457031006,0.0,1.0,True
6PPD,CHSE,Plate3,2024-08-30,2024-08-30|Plate3,6PPD|CHSE|Plate3|2024-08-30 10:53:17|t25,t25,200.0,2.3012470886362113,23.95,True,0.9254303317736232,4,11807.75,4,0.9387734867730213,1.0151256607805144,1.0151256607805144,0.9776901457031006,0.0,1.0,True
6PPD,CHSE,Plate3,2024-08-30,2024-08-30|Plate3,6PPD|CHSE|Plate3|2024-08-30 10:53:17|t25,t25,400.0,2.6021685513789974,23.95,True,0.936969363341873,4,11807.75,4,0.9332386247919875,0.9784242850611807,0.9784242850611807,0.9776901457031006,0.0,1.0,True
6PPD,CHSE,Plate3,2024-09-05,2024-09-05|Plate3,6PPD|CHSE|Plate3|2024-09-05 11:08:09|t25,t25,0.1,-0.6989700043360187,23.916666666666668,True,1.0428006586330218,4,23837.25,4,0.9772705240844937,1.0026385286059116,1.0026385286059116,0.9780041619884945,2.0,1.0,True
6PPD,CHSE,Plate3,2024-09-05,2024-09-05|Plate3,6PPD|CHSE|Plate3|2024-09-05 11:08:09|t25,t25,1.0,0.04139268515822508,23.916666666666668,True,1.1012595832153458,4,23837.25,4,0.9651439025931601,1.0502752288401598,1.0502752288401598,0.9780041619884945,2.0,1.0,True
6PPD,CHSE,Plate3,2024-09-05,2024-09-05|Plate3,6PPD|CHSE|Plate3|2024-09-05 11:08:09|t25,t25,5.0,0.7075701760979364,23.916666666666668,True,1.0914220390355431,4,23837.25,4,0.9542323826134178,1.0893648788497439,1.0893648788497439,0.9780041619884945,2.0,1.0,True
6PPD,CHSE,Plate3,2024-09-05,2024-09-05|Plate3,6PPD|CHSE|Plate3|2024-09-05 11:08:09|t25,t25,10.0,1.0043213737826426,23.916666666666668,True,0.9842368561809772,4,23837.25,4,0.9493718061655682,1.0328021756316679,1.0328021756316679,0.9780041619884945,2.0,1.0,True
6PPD,CHSE,Plate3,2024-09-05,2024-09-05|Plate3,6PPD|CHSE|Plate3|2024-09-05 11:08:09|t25,t25,20.0,1.3031960574204888,23.916666666666668,True,1.0951452034106284,4,23837.25,4,0.9444764485074262,0.992472609436794,0.992472609436794,0.9780041619884945,2.0,1.0,True
6PPD,CHSE,Plate3,2024-09-05,2024-09-05|Plate3,6PPD|CHSE|Plate3|2024-09-05 11:08:09|t25,t25,50.0,1.6998377258672457,23.916666666666668,True,1.073991337087961,4,23837.25,4,0.9379797362214106,0.9928278783051818,0.9928278783051818,0.9780041619884945,2.0,1.0,True
6PPD,CHSE,Plate3,2024-09-05,2024-09-05|Plate3,6PPD|CHSE|Plate3|2024-09-05 11:08:09|t25,t25,100.0,2.000434077479319,23.916666666666668,True,1.0793401084437173,4,23837.25,4,0.9330561788495966,0.9971164470251913,0.9971164470251913,0.9780041619884945,2.0,1.0,True
6PPD,CHSE,Plate3,2024-09-05,2024-09-05|Plate3,6PPD|CHSE|Plate3|2024-09-05 11:08:09|t25,t25,200.0,2.3012470886362113,23.916666666666668,True,1.0611018468992859,4,23837.25,4,0.9281290727464245,0.9793517406169673,0.9793517406169673,0.9780041619884945,2.0,1.0,True
6PPD,CHSE,Plate3,2024-09-05,2024-09-05|Plate3,6PPD|CHSE|Plate3|2024-09-05 11:08:09|t25,t25,400.0,2.6021685513789974,23.916666666666668,True,0.98257978583939,4,23837.25,4,0.9232001902823541,0.9495033018106763,0.9495033018106763,0.9780041619884945,2.0,1.0,True
6PPD,CSE,Plate1,2024-02-15,2024-02-15|Plate1,6PPD|CSE|Plate1|2024-02-15 10:46:33|unozonated,unozonated,0.1,-0.6989700043360187,23.983333333333334,True,0.9661233396012027,4,24862.25,4,0.9763478387041702,1.009666732539194,1.009666732539194,0.9788687404954326,3.0,1.0,True
6PPD,CSE,Plate1,2024-02-15,2024-02-15|Plate1,6PPD|CSE|Plate1|2024-02-15 10:46:33|unozonated,unozonated,0.5,-0.2218487496163564,23.983333333333334,True,0.9744089935544853,4,24862.25,4,0.9679370451713257,1.0113191744452188,1.0113191744452188,0.9788687404954326,3.0,1.0,True
6PPD,CSE,Plate1,2024-02-15,2024-02-15|Plate1,6PPD|CSE|Plate1|2024-02-15 10:46:33|unozonated,unozonated,1.0,0.04139268515822508,23.983333333333334,True,1.1666683425675473,4,24862.25,4,0.963296569956111,1.0071865410912442,1.0071865410912442,0.9788687404954326,3.0,1.0,True
6PPD,CSE,Plate1,2024-02-15,2024-02-15|Plate1,6PPD|CSE|Plate1|2024-02-15 10:46:33|unozonated,unozonated,5.0,0.7075701760979364,23.983333333333334,True,1.0050779796679705,4,24862.25,4,0.9515530534451678,0.9982415319847003,0.9982415319847003,0.9788687404954326,3.0,1.0,True
6PPD,CSE,Plate1,2024-02-15,2024-02-15|Plate1,6PPD|CSE|Plate1|2024-02-15 10:46:33|unozonated,unozonated,10.0,1.0043213737826426,23.983333333333334,True,1.0061840742491126,4,24862.25,4,0.9463218611022133,1.000294483873366,1.000294483873366,0.9788687404954326,3.0,1.0,True
6PPD,CSE,Plate1,2024-02-15,2024-02-15|Plate1,6PPD|CSE|Plate1|2024-02-15 10:46:33|unozonated,unozonated,20.0,1.3031960574204888,23.983333333333334,True,0.9703264990095426,4,24862.25,4,0.9410532355035715,0.9982788390072269,0.9982788390072269,0.9788687404954326,3.0,1.0,True
6PPD,CSE,Plate1,2024-02-15,2024-02-15|Plate1,6PPD|CSE|Plate1|2024-02-15 10:46:33|unozonated,unozonated,50.0,1.6998377258672457,23.983333333333334,True,1.0003921608060413,4,24862.25,4,0.9340611529945062,0.9868157194913377,0.9868157194913377,0.9788687404954326,3.0,1.0,True
6PPD,CSE,Plate1,2024-02-15,2024-02-15|Plate1,6PPD|CSE|Plate1|2024-02-15 10:46:33|unozonated,unozonated,100.0,2.000434077479319,23.983333333333334,True,1.0032478959064446,4,24862.25,4,0.9287621774717725,0.9894685946071085,0.9894685946071085,0.9788687404954326,3.0,1.0,True
6PPD,CSE,Plate1,2024-02-15,2024-02-15|Plate1,6PPD|CSE|Plate1|2024-02-15 10:46:33|unozonated,unozonated,200.0,2.3012470886362113,23.983333333333334,True,0.9993665094671641,4,24862.25,4,0.9234593826291482,0.9985519398733143,0.9985519398733143,0.9788687404954326,3.0,1.0,True
6PPD,CSE,Plate1,2024-08-29,2024-08-29|Plate1,6PPD|CSE|Plate1|2024-08-29 11:12:27|t0,t0,0.1,-0.6989700043360187,24.216666666666665,True,1.0136578321951806,4,16620.5,4,0.9751561735423131,1.0252835641126723,1.0252835641126723,0.9776901457031006,0.0,1.0,True
6PPD,CSE,Plate1,2024-08-29,2024-08-29|Plate1,6PPD|CSE|Plate1|2024-08-29 11:12:27|t0,t0,1.0,0.04139268515822508,24.216666666666665,True,1.0530068289160976,4,16620.5,4,0.961538649338796,1.0252835641126723,1.0252835641126723,0.9776901457031006,0.0,1.0,True
6PPD,CSE,Plate1,2024-08-29,2024-08-29|Plate1,6PPD|CSE|Plate1|2024-08-29 11:12:27|t0,t0,10.0,1.0043213737826426,24.216666666666665,True,1.007355374387052,4,16620.5,4,0.9438274587160465,1.04067190465772,1.04067190465772,0.9776901457031006,0.0,1.0,True
6PPD,CSE,Plate1,2024-08-29,2024-08-29|Plate1,6PPD|CSE|Plate1|2024-08-29 11:12:27|t0,t0,20.0,1.3031960574204888,24.216666666666665,True,1.0148611654282362,4,16620.5,4,0.938330243235027,1.0475112296482396,1.0475112296482396,0.9776901457031006,0.0,1.0,True
6PPD,CSE,Plate1,2024-08-29,2024-08-29|Plate1,6PPD|CSE|Plate1|2024-08-29 11:12:27|t0,t0,50.0,1.6998377258672457,24.216666666666665,True,0.9599440450046629,4,16620.5,4,0.9310347952109149,1.052884312665907,1.052884312665907,0.9776901457031006,0.0,1.0,True
6PPD,CSE,Plate1,2024-08-29,2024-08-29|Plate1,6PPD|CSE|Plate1|2024-08-29 11:12:27|t0,t0,100.0,2.000434077479319,24.216666666666665,True,0.963584128034656,4,16620.5,4,0.9255059130135116,1.0541875663632905,1.0541875663632905,0.9776901457031006,0.0,1.0,True
6PPD,CSE,Plate1,2024-08-29,2024-08-29|Plate1,6PPD|CSE|Plate1|2024-08-29 11:12:27|t0,t0,200.0,2.3012470886362113,24.216666666666665,True,0.988478084293493,4,16620.5,4,0.9199730457873685,1.0552787663102776,1.0552787663102776,0.9776901457031006,0.0,1.0,True
6PPD,CSE,Plate1,2024-08-29,2024-08-29|Plate1,6PPD|CSE|Plate1|2024-08-29 11:12:27|t0,t0,400.0,2.6021685513789974,24.216666666666665,True,0.98012995998917,4,16620.5,4,0.9144381838063346,1.0552787663102776,1.0552787663102776,0.9776901457031006,0.0,1.0,True
6PPD,CSE,Plate1,2024-08-30,2024-08-30|Plate1,6PPD|CSE|Plate1|2024-08-30 10:48:38|t25,t25,0.1,-0.6989700043360187,24.033333333333335,True,0.9741182441004822,4,9852.5,4,0.9248177427022266,0.9203598561853681,0.9203598561853681,0.9780041619884945,2.0,1.0,True
6PPD,CSE,Plate1,2024-08-30,2024-08-30|Plate1,6PPD|CSE|Plate1|2024-08-30 10:48:38|t25,t25,1.0,0.04139268515822508,24.033333333333335,True,1.1163664044658717,4,9852.5,4,0.9126911212108931,0.9777537001701581,0.9777537001701581,0.9780041619884945,2.0,1.0,True
6PPD,CSE,Plate1,2024-08-30,2024-08-30|Plate1,6PPD|CSE|Plate1|2024-08-30 10:48:38|t25,t25,5.0,0.7075701760979364,24.033333333333335,True,1.2281400659731032,4,9852.5,4,0.9017796012311509,0.9819943493457423,0.9819943493457423,0.9780041619884945,2.0,1.0,True
6PPD,CSE,Plate1,2024-08-30,2024-08-30|Plate1,6PPD|CSE|Plate1|2024-08-30 10:48:38|t25,t25,10.0,1.0043213737826426,24.033333333333335,True,1.07888860695255,4,9852.5,4,0.8969190247833012,0.9131978243662344,0.9131978243662344,0.9780041619884945,2.0,1.0,True
6PPD,CSE,Plate1,2024-08-30,2024-08-30|Plate1,6PPD|CSE|Plate1|2024-08-30 10:48:38|t25,t25,20.0,1.3031960574204888,24.033333333333335,True,1.007155544278102,4,9852.5,4,0.8920236671251592,0.8446264929070475,0.8446264929070475,0.9780041619884945,2.0,1.0,True
6PPD,CSE,Plate1,2024-08-30,2024-08-30|Plate1,6PPD|CSE|Plate1|2024-08-30 10:48:38|t25,t25,50.0,1.6998377258672457,24.033333333333335,True,0.7935295610251205,4,9852.5,4,0.8855269548391436,0.7235687381031608,0.7235687381031608,0.9780041619884945,2.0,1.0,True
6PPD,CSE,Plate1,2024-08-30,2024-08-30|Plate1,6PPD|CSE|Plate1|2024-08-30 10:48:38|t25,t25,100.0,2.000434077479319,24.033333333333335,True,0.691829484902309,4,9852.5,4,0.8806033974673296,0.5561779274189081,0.5561779274189081,0.9780041619884945,2.0,1.0,True
6PPD,CSE,Plate1,2024-08-30,2024-08-30|Plate1,6PPD|CSE|Plate1|2024-08-30 10:48:38|t25,t25,200.0,2.3012470886362113,24.033333333333335,True,0.6297640192844456,4,9852.5,4,0.8756762913641576,0.5113530779782038,0.5113530779782038,0.9780041619884945,2.0,1.0,True
6PPD,CSE,Plate1,2024-08-30,2024-08-30|Plate1,6PPD|CSE|Plate1|2024-08-30 10:48:38|t25,t25,400.0,2.6021685513789974,24.033333333333335,True,0.5679522963714793,4,9852.5,4,0.8707474089000872,0.5104046741723298,0.5104046741723298,0.9780041619884945,2.0,1.0,True
6PPD,CSE,Plate1,2024-09-05,2024-09-05|Plate1,6PPD|CSE|Plate1|2024-09-05 11:02:10|t25,t25,0.1,-0.6989700043360187,24.0,True,0.8331452045669029,4,13510.25,4,0.9322945741402442,0.9878393725312092,0.9878393725312092,0.9779225257819442,4.0,1.0,True
6PPD,CSE,Plate1,2024-09-05,2024-09-05|Plate1,6PPD|CSE|Plate1|2024-09-05 11:02:10|t25,t25,1.0,0.04139268515822508,24.0,True,0.996169574952351,4,13510.25,4,0.9182800232005733,1.036615674302604,1.036615674302604,0.9779225257819442,4.0,1.0,True
6PPD,CSE,Plate1,2024-09-05,2024-09-05|Plate1,6PPD|CSE|Plate1|2024-09-05 11:02:10|t25,t25,5.0,0.7075701760979364,24.0,True,0.9260376380895986,4,13510.25,4,0.9056697464887439,1.0566149466568502,1.0566149466568502,0.9779225257819442,4.0,1.0,True
6PPD,CSE,Plate1,2024-09-05,2024-09-05|Plate1,6PPD|CSE|Plate1|2024-09-05 11:02:10|t25,t25,10.0,1.0043213737826426,24.0,True,0.877611443163524,4,13510.25,4,0.9000524526469896,0.9817657290787601,0.9817657290787601,0.9779225257819442,4.0,1.0,True
6PPD,CSE,Plate1,2024-09-05,2024-09-05|Plate1,6PPD|CSE|Plate1|2024-09-05 11:02:10|t25,t25,20.0,1.3031960574204888,24.0,True,0.7696748764826705,4,13510.25,4,0.8943949626925972,0.9073557727644724,0.9073557727644724,0.9779225257819442,4.0,1.0,True
6PPD,CSE,Plate1,2024-09-05,2024-09-05|Plate1,6PPD|CSE|Plate1|2024-09-05 11:02:10|t25,t25,50.0,1.6998377258672457,24.0,True,0.7260413389833644,4,13510.25,4,0.8868868116929293,0.7222548073968631,0.7222548073968631,0.9779225257819442,4.0,1.0,True
6PPD,CSE,Plate1,2024-09-05,2024-09-05|Plate1,6PPD|CSE|Plate1|2024-09-05 11:02:10|t25,t25,100.0,2.000434077479319,24.0,True,0.5180511093429063,4,13510.25,4,0.8811967317608564,0.6129273660174706,0.6129273660174706,0.9779225257819442,4.0,1.0,True
6PPD,CSE,Plate1,2024-09-05,2024-09-05|Plate1,6PPD|CSE|Plate1|2024-09-05 11:02:10|t25,t25,200.0,2.3012470886362113,24.0,True,0.48322569900631,4,13510.25,4,0.8755025506142432,0.5573681527812158,0.5573681527812158,0.9779225257819442,4.0,1.0,True
6PPD,CSE,Plate1,2024-09-05,2024-09-05|Plate1,6PPD|CSE|Plate1|2024-09-05 11:02:10|t25,t25,400.0,2.6021685513789974,24.0,True,0.47153087470624155,4,13510.25,4,0.8698063165545151,0.5537202069033955,0.5537202069033955,0.9779225257819442,4.0,1.0,True
6PPD,CSE,Plate2,2024-02-15,2024-02-15|Plate2,6PPD|CSE|Plate2|2024-02-15 10:51:34|unozonated,unozonated,0.1,-0.6989700043360187,24.033333333333335,True,1.030105398584789,4,25261.25,4,0.9772487772196875,0.9872175319895795,0.9872175319895795,0.9780041619884945,2.0,1.0,True
6PPD,CSE,Plate2,2024-02-15,2024-02-15|Plate2,6PPD|CSE|Plate2|2024-02-15 10:51:34|unozonated,unozonated,0.5,-0.2218487496163564,24.033333333333335,True,1.0725320401801177,4,25261.25,4,0.9694338657667508,0.9874617796217222,0.9874617796217222,0.9780041619884945,2.0,1.0,True
6PPD,CSE,Plate2,2024-02-15,2024-02-15|Plate2,6PPD|CSE|Plate2|2024-02-15 10:51:34|unozonated,unozonated,1.0,0.04139268515822508,24.033333333333335,True,1.0073432629026673,4,25261.25,4,0.9651221557283539,0.9906300199713517,0.9906300199713517,0.9780041619884945,2.0,1.0,True
6PPD,CSE,Plate2,2024-02-15,2024-02-15|Plate2,6PPD|CSE|Plate2|2024-02-15 10:51:34|unozonated,unozonated,5.0,0.7075701760979364,24.033333333333335,True,0.9861645801375625,4,25261.25,4,0.9542106357486116,0.9909194006181421,0.9909194006181421,0.9780041619884945,2.0,1.0,True
6PPD,CSE,Plate2,2024-02-15,2024-02-15|Plate2,6PPD|CSE|Plate2|2024-02-15 10:51:34|unozonated,unozonated,10.0,1.0043213737826426,24.033333333333335,True,0.9990103419268643,4,25261.25,4,0.949350059300762,0.9910783876059748,0.9910783876059748,0.9780041619884945,2.0,1.0,True
6PPD,CSE,Plate2,2024-02-15,2024-02-15|Plate2,6PPD|CSE|Plate2|2024-02-15 10:51:34|unozonated,unozonated,20.0,1.3031960574204888,24.033333333333335,True,1.0033351477064674,4,25261.25,4,0.94445470164262,0.9898861133122313,0.9898861133122313,0.9780041619884945,2.0,1.0,True
6PPD,CSE,Plate2,2024-02-15,2024-02-15|Plate2,6PPD|CSE|Plate2|2024-02-15 10:51:34|unozonated,unozonated,50.0,1.6998377258672457,24.033333333333335,True,0.9719629867880647,4,25261.25,4,0.9379579893566043,0.9901259880434197,0.9901259880434197,0.9780041619884945,2.0,1.0,True
6PPD,CSE,Plate2,2024-02-15,2024-02-15|Plate2,6PPD|CSE|Plate2|2024-02-15 10:51:34|unozonated,unozonated,100.0,2.000434077479319,24.033333333333335,True,0.9963877480330545,4,25261.25,4,0.9330344319847904,0.9905435472708249,0.9905435472708249,0.9780041619884945,2.0,1.0,True
6PPD,CSE,Plate2,2024-02-15,2024-02-15|Plate2,6PPD|CSE|Plate2|2024-02-15 10:51:34|unozonated,unozonated,200.0,2.3012470886362113,24.033333333333335,True,0.9857687169083081,4,25261.25,4,0.9281073258816184,0.9911398923389411,0.9911398923389411,0.9780041619884945,2.0,1.0,True
6PPD,CSE,Plate2,2024-08-29,2024-08-29|Plate2,6PPD|CSE|Plate2|2024-08-29 11:15:09|t0,t0,0.1,-0.6989700043360187,24.216666666666665,True,0.985494880546075,4,14650.0,4,0.9578267125135672,1.0043553423696623,1.0043553423696623,0.9779225257819442,4.0,1.0,True
6PPD,CSE,Plate2,2024-08-29,2024-08-29|Plate2,6PPD|CSE|Plate2|2024-08-29 11:15:09|t0,t0,1.0,0.04139268515822508,24.216666666666665,True,0.9969624573378839,4,14650.0,4,0.9438121615738964,1.0453622043552793,1.0453622043552793,0.9779225257819442,4.0,1.0,True
6PPD,CSE,Plate2,2024-08-29,2024-08-29|Plate2,6PPD|CSE|Plate2|2024-08-29 11:15:09|t0,t0,10.0,1.0043213737826426,24.216666666666665,True,1.0290443686006827,4,14650.0,4,0.9255845910203127,1.0042899321341647,1.0042899321341647,0.9779225257819442,4.0,1.0,True
6PPD,CSE,Plate2,2024-08-29,2024-08-29|Plate2,6PPD|CSE|Plate2|2024-08-29 11:15:09|t0,t0,20.0,1.3031960574204888,24.216666666666665,True,1.0802559726962457,4,14650.0,4,0.9199271010659202,0.9984375220468618,0.9984375220468618,0.9779225257819442,4.0,1.0,True
6PPD,CSE,Plate2,2024-08-29,2024-08-29|Plate2,6PPD|CSE|Plate2|2024-08-29 11:15:09|t0,t0,50.0,1.6998377258672457,24.216666666666665,True,1.0572696245733788,4,14650.0,4,0.9124189500662523,0.9746780450883081,0.9746780450883081,0.9779225257819442,4.0,1.0,True
6PPD,CSE,Plate2,2024-08-29,2024-08-29|Plate2,6PPD|CSE|Plate2|2024-08-29 11:15:09|t0,t0,100.0,2.000434077479319,24.216666666666665,True,1.0413481228668942,4,14650.0,4,0.9067288701341795,0.9802371202742047,0.9802371202742047,0.9779225257819442,4.0,1.0,True
6PPD,CSE,Plate2,2024-08-29,2024-08-29|Plate2,6PPD|CSE|Plate2|2024-08-29 11:15:09|t0,t0,200.0,2.3012470886362113,24.216666666666665,True,1.0506313993174061,4,14650.0,4,0.9010346889875662,0.9847946345583688,0.9847946345583688,0.9779225257819442,4.0,1.0,True
6PPD,CSE,Plate2,2024-08-29,2024-08-29|Plate2,6PPD|CSE|Plate2|2024-08-29 11:15:09|t0,t0,400.0,2.6021685513789974,24.216666666666665,True,1.0944368600682595,4,14650.0,4,0.895338454927838,0.9726824525593628,0.9726824525593628,0.9779225257819442,4.0,1.0,True
6PPD,CSE,Plate2,2024-08-30,2024-08-30|Plate2,6PPD|CSE|Plate2|2024-08-30 10:51:08|t25,t25,0.1,-0.6989700043360187,23.966666666666665,True,0.9965513024336554,4,10221.25,4,0.940954551204862,0.9317508340545506,0.9317508340545506,0.9820471015172056,1.0,1.0,True
6PPD,CSE,Plate2,2024-08-30,2024-08-30|Plate2,6PPD|CSE|Plate2|2024-08-30 10:51:08|t25,t25,1.0,0.04139268515822508,23.966666666666665,True,0.9586156292038646,4,10221.25,4,0.9285625129757455,1.0214848482941334,1.0214848482941334,0.9820471015172056,1.0,1.0,True
6PPD,CSE,Plate2,2024-08-30,2024-08-30|Plate2,6PPD|CSE|Plate2|2024-08-30 10:51:08|t25,t25,5.0,0.7075701760979364,23.966666666666665,True,1.1147119970649384,4,10221.25,4,0.917412171322601,1.0038251903291389,1.0038251903291389,0.9820471015172056,1.0,1.0,True
6PPD,CSE,Plate2,2024-08-30,2024-08-30|Plate2,6PPD|CSE|Plate2|2024-08-30 10:51:08|t25,t25,10.0,1.0043213737826426,23.966666666666665,True,0.7859606212547389,4,10221.25,4,0.9124452108876322,0.9712097281241855,0.9712097281241855,0.9820471015172056,1.0,1.0,True
6PPD,CSE,Plate2,2024-08-30,2024-08-30|Plate2,6PPD|CSE|Plate2|2024-08-30 10:51:08|t25,t25,20.0,1.3031960574204888,23.966666666666665,True,0.8631038278097102,4,10221.25,4,0.9074427079820828,0.8770105862281815,0.8770105862281815,0.9820471015172056,1.0,1.0,True
6PPD,CSE,Plate2,2024-08-30,2024-08-30|Plate2,6PPD|CSE|Plate2|2024-08-30 10:51:08|t25,t25,50.0,1.6998377258672457,23.966666666666665,True,0.7928580163874281,4,10221.25,4,0.9008038014185844,0.7076356927958956,0.7076356927958956,0.9820471015172056,1.0,1.0,True
6PPD,CSE,Plate2,2024-08-30,2024-08-30|Plate2,6PPD|CSE|Plate2|2024-08-30 10:51:08|t25,t25,100.0,2.000434077479319,23.966666666666665,True,0.6016632016632016,4,10221.25,4,0.8957724815890366,0.5907758797195409,0.5907758797195409,0.9820471015172056,1.0,1.0,True
6PPD,CSE,Plate2,2024-08-30,2024-08-30|Plate2,6PPD|CSE|Plate2|2024-08-30 10:51:08|t25,t25,200.0,2.3012470886362113,23.966666666666665,True,0.5426929191635074,4,10221.25,4,0.8907375353566457,0.5349193609058376,0.5349193609058376,0.9820471015172056,1.0,1.0,True
6PPD,CSE,Plate2,2024-08-30,2024-08-30|Plate2,6PPD|CSE|Plate2|2024-08-30 10:51:08|t25,t25,400.0,2.6021685513789974,23.966666666666665,True,0.545579063226122,4,10221.25,4,0.8857007738839442,0.5222616662152268,0.5222616662152268,0.9820471015172056,1.0,1.0,True
6PPD,CSE,Plate2,2024-09-05,2024-09-05|Plate2,6PPD|CSE|Plate2|2024-09-05 11:04:34|t25,t25,0.1,-0.6989700043360187,23.95,True,0.9249924566479119,4,14085.25,4,0.931668932819121,0.9498645820443312,0.9498645820443312,0.9788687404954326,3.0,1.0,True
6PPD,CSE,Plate2,2024-09-05,2024-09-05|Plate2,6PPD|CSE|Plate2|2024-09-05 11:04:34|t25,t25,1.0,0.04139268515822508,23.95,True,1.0864734385261179,4,14085.25,4,0.9186176640710618,0.9948390227353346,0.9948390227353346,0.9788687404954326,3.0,1.0,True
6PPD,CSE,Plate2,2024-09-05,2024-09-05|Plate2,6PPD|CSE|Plate2|2024-09-05 11:04:34|t25,t25,5.0,0.7075701760979364,23.95,True,1.0365453222342522,4,14085.25,4,0.9068741475601187,1.009981160516527,1.009981160516527,0.9788687404954326,3.0,1.0,True
6PPD,CSE,Plate2,2024-09-05,2024-09-05|Plate2,6PPD|CSE|Plate2|2024-09-05 11:04:34|t25,t25,10.0,1.0043213737826426,23.95,True,1.0570277417866207,4,14085.25,4,0.9016429552171641,0.909289006712704,0.909289006712704,0.9788687404954326,3.0,1.0,True
6PPD,CSE,Plate2,2024-09-05,2024-09-05|Plate2,6PPD|CSE|Plate2|2024-09-05 11:04:34|t25,t25,20.0,1.3031960574204888,23.95,True,0.8036243588150724,4,14085.25,4,0.8963743296185223,0.8882579416273569,0.8882579416273569,0.9788687404954326,3.0,1.0,True
6PPD,CSE,Plate2,2024-09-05,2024-09-05|Plate2,6PPD|CSE|Plate2|2024-09-05 11:04:34|t25,t25,50.0,1.6998377258672457,23.95,True,0.6845458902042918,4,14085.25,4,0.889382247109457,0.7297069568473239,0.7297069568473239,0.9788687404954326,3.0,1.0,True
6PPD,CSE,Plate2,2024-09-05,2024-09-05|Plate2,6PPD|CSE|Plate2|2024-09-05 11:04:34|t25,t25,100.0,2.000434077479319,23.95,True,0.5653609272110897,4,14085.25,4,0.8840832715867234,0.6005301167623374,0.6005301167623374,0.9788687404954326,3.0,1.0,True
6PPD,CSE,Plate2,2024-09-05,2024-09-05|Plate2,6PPD|CSE|Plate2|2024-09-05 11:04:34|t25,t25,200.0,2.3012470886362113,23.95,True,0.4952521254503825,4,14085.25,4,0.8787804767440991,0.547573442260207,0.547573442260207,0.9788687404954326,3.0,1.0,True
6PPD,CSE,Plate2,2024-09-05,2024-09-05|Plate2,6PPD|CSE|Plate2|2024-09-05 11:04:34|t25,t25,400.0,2.6021685513789974,23.95,True,0.4924300243162173,4,14085.25,4,0.8734757700941758,0.5353458580731661,0.5353458580731661,0.9788687404954326,3.0,1.0,True
6PPD,CSE,Plate3,2024-02-15,2024-02-15|Plate3,6PPD|CSE|Plate3|2024-02-15 10:53:38|unozonated,unozonated,0.1,-0.6989700043360187,24.033333333333335,True,0.9811576915990263,4,25779.75,4,0.978551059894093,1.0245074370082055,1.0245074370082055,0.9820471015172056,1.0,1.0,True
6PPD,CSE,Plate3,2024-02-15,2024-02-15|Plate3,6PPD|CSE|Plate3|2024-02-15 10:53:38|unozonated,unozonated,0.5,-0.2218487496163564,24.033333333333335,True,0.96846361970151,4,25779.75,4,0.970565102589236,1.0245074370082055,1.0245074370082055,0.9820471015172056,1.0,1.0,True
6PPD,CSE,Plate3,2024-02-15,2024-02-15|Plate3,6PPD|CSE|Plate3|2024-02-15 10:53:38|unozonated,unozonated,1.0,0.04139268515822508,24.033333333333335,True,1.0164373199895267,4,25779.75,4,0.9661590216649765,1.0241297404423282,1.0241297404423282,0.9820471015172056,1.0,1.0,True
6PPD,CSE,Plate3,2024-02-15,2024-02-15|Plate3,6PPD|CSE|Plate3|2024-02-15 10:53:38|unozonated,unozonated,5.0,0.7075701760979364,24.033333333333335,True,0.9799067097237173,4,25779.75,4,0.9550086800118319,1.0051006436191978,1.0051006436191978,0.9820471015172056,1.0,1.0,True
6PPD,CSE,Plate3,2024-02-15,2024-02-15|Plate3,6PPD|CSE|Plate3|2024-02-15 10:53:38|unozonated,unozonated,10.0,1.0043213737826426,24.033333333333335,True,1.0078065148032855,4,25779.75,4,0.9500417195768632,0.9989665098125236,0.9989665098125236,0.9820471015172056,1.0,1.0,True
6PPD,CSE,Plate3,2024-02-15,2024-02-15|Plate3,6PPD|CSE|Plate3|2024-02-15 10:53:38|unozonated,unozonated,20.0,1.3031960574204888,24.033333333333335,True,0.9891872496824058,4,25779.75,4,0.9450392166713139,0.9950482279120659,0.9950482279120659,0.9820471015172056,1.0,1.0,True
6PPD,CSE,Plate3,2024-02-15,2024-02-15|Plate3,6PPD|CSE|Plate3|2024-02-15 10:53:38|unozonated,unozonated,50.0,1.6998377258672457,24.033333333333335,True,0.9777441596601983,4,25779.75,4,0.9384003101078153,0.9926385307446922,0.9926385307446922,0.9820471015172056,1.0,1.0,True
6PPD,CSE,Plate3,2024-02-15,2024-02-15|Plate3,6PPD|CSE|Plate3|2024-02-15 10:53:38|unozonated,unozonated,100.0,2.000434077479319,24.033333333333335,True,0.9820207721176505,4,25779.75,4,0.9333689902782676,0.9932740102709803,0.9932740102709803,0.9820471015172056,1.0,1.0,True
6PPD,CSE,Plate3,2024-02-15,2024-02-15|Plate3,6PPD|CSE|Plate3|2024-02-15 10:53:38|unozonated,unozonated,200.0,2.3012470886362113,24.033333333333335,True,1.0107933552497599,4,25779.75,4,0.9283340440458766,0.9932740102709803,0.9932740102709803,0.9820471015172056,1.0,1.0,True
6PPD,CSE,Plate3,2024-08-29,2024-08-29|Plate3,6PPD|CSE|Plate3|2024-08-29 11:17:25|t0,t0,0.1,-0.6989700043360187,24.2,True,1.0142879355919905,4,14470.25,4,0.9589883542369986,1.0043848285096144,1.0043848285096144,0.9779225257819442,4.0,1.0,True
6PPD,CSE,Plate3,2024-08-29,2024-08-29|Plate3,6PPD|CSE|Plate3|2024-08-29 11:17:25|t0,t0,1.0,0.04139268515822508,24.2,True,1.0847255576095782,4,14470.25,4,0.9449738032973277,1.0456810216712134,1.0456810216712134,0.9779225257819442,4.0,1.0,True
6PPD,CSE,Plate3,2024-08-29,2024-08-29|Plate3,6PPD|CSE|Plate3|2024-08-29 11:17:25|t0,t0,10.0,1.0043213737826426,24.2,True,1.0658247093173925,4,14470.25,4,0.926746232743744,1.0042377112119585,1.0042377112119585,0.9779225257819442,4.0,1.0,True
6PPD,CSE,Plate3,2024-08-29,2024-08-29|Plate3,6PPD|CSE|Plate3|2024-08-29 11:17:25|t0,t0,20.0,1.3031960574204888,24.2,True,1.0379053575439263,4,14470.25,4,0.9210887427893516,0.9983853011246555,0.9983853011246555,0.9779225257819442,4.0,1.0,True
6PPD,CSE,Plate3,2024-08-29,2024-08-29|Plate3,6PPD|CSE|Plate3|2024-08-29 11:17:25|t0,t0,50.0,1.6998377258672457,24.2,True,1.0778666574523592,4,14470.25,4,0.9135805917896836,0.975220509211433,0.975220509211433,0.9779225257819442,4.0,1.0,True
6PPD,CSE,Plate3,2024-08-29,2024-08-29|Plate3,6PPD|CSE|Plate3|2024-08-29 11:17:25|t0,t0,100.0,2.000434077479319,24.2,True,1.0327741400459565,4,14470.25,4,0.9078905118576108,0.9802124932406059,0.9802124932406059,0.9779225257819442,4.0,1.0,True
6PPD,CSE,Plate3,2024-08-29,2024-08-29|Plate3,6PPD|CSE|Plate3|2024-08-29 11:17:25|t0,t0,200.0,2.3012470886362113,24.2,True,1.0350374043295727,4,14470.25,4,0.9021963307109976,0.9849203567582373,0.9849203567582373,0.9779225257819442,4.0,1.0,True
6PPD,CSE,Plate3,2024-08-29,2024-08-29|Plate3,6PPD|CSE|Plate3|2024-08-29 11:17:25|t0,t0,400.0,2.6021685513789974,24.2,True,1.0330332924448438,4,14470.25,4,0.8965000966512694,0.9716012656762865,0.9716012656762865,0.9779225257819442,4.0,1.0,True
6PPD,CSE,Plate3,2024-08-30,2024-08-30|Plate3,6PPD|CSE|Plate3|2024-08-30 10:53:17|t25,t25,0.1,-0.6989700043360187,23.95,True,0.9223600205474426,4,10220.25,4,0.9381777359479974,0.9540409031810905,0.9540409031810905,0.9776901457031006,0.0,1.0,True
6PPD,CSE,Plate3,2024-08-30,2024-08-30|Plate3,6PPD|CSE|Plate3|2024-08-30 10:53:17|t25,t25,1.0,0.04139268515822508,23.95,True,0.960837552897434,4,10220.25,4,0.9245602117444802,1.0320963487132706,1.0320963487132706,0.9776901457031006,0.0,1.0,True
6PPD,CSE,Plate3,2024-08-30,2024-08-30|Plate3,6PPD|CSE|Plate3|2024-08-30 10:53:17|t25,t25,5.0,0.7075701760979364,23.95,True,0.9478975563220078,4,10220.25,4,0.9123071792302311,1.0490496549375927,1.0490496549375927,0.9776901457031006,0.0,1.0,True
6PPD,CSE,Plate3,2024-08-30,2024-08-30|Plate3,6PPD|CSE|Plate3|2024-08-30 10:53:17|t25,t25,10.0,1.0043213737826426,23.95,True,0.9633325994960984,4,10220.25,4,0.9068490211217306,0.9428868940326492,0.9428868940326492,0.9776901457031006,0.0,1.0,True
6PPD,CSE,Plate3,2024-08-30,2024-08-30|Plate3,6PPD|CSE|Plate3|2024-08-30 10:53:17|t25,t25,20.0,1.3031960574204888,23.95,True,0.9367921528338348,4,10220.25,4,0.9013518056407113,0.8603091026442194,0.8603091026442194,0.9776901457031006,0.0,1.0,True
6PPD,CSE,Plate3,2024-08-30,2024-08-30|Plate3,6PPD|CSE|Plate3|2024-08-30 10:53:17|t25,t25,50.0,1.6998377258672457,23.95,True,0.6815880237763264,4,10220.25,4,0.8940563576165991,0.7294398921468315,0.7294398921468315,0.9776901457031006,0.0,1.0,True
6PPD,CSE,Plate3,2024-08-30,2024-08-30|Plate3,6PPD|CSE|Plate3|2024-08-30 10:53:17|t25,t25,100.0,2.000434077479319,23.95,True,0.6198967735622906,4,10220.25,4,0.8885274754191957,0.5899761615361553,0.5899761615361553,0.9776901457031006,0.0,1.0,True
6PPD,CSE,Plate3,2024-08-30,2024-08-30|Plate3,6PPD|CSE|Plate3|2024-08-30 10:53:17|t25,t25,200.0,2.3012470886362113,23.95,True,0.558425674518725,4,10220.25,4,0.8829946081930526,0.5312923687251246,0.5312923687251246,0.9776901457031006,0.0,1.0,True
6PPD,CSE,Plate3,2024-08-30,2024-08-30|Plate3,6PPD|CSE|Plate3|2024-08-30 10:53:17|t25,t25,400.0,2.6021685513789974,23.95,True,0.5637337638511778,4,10220.25,4,0.8774597462120188,0.519279356992212,0.519279356992212,0.9776901457031006,0.0,1.0,True
6PPD,CSE,Plate3,2024-09-05,2024-09-05|Plate3,6PPD|CSE|Plate3|2024-09-05 11:08:09|t25,t25,0.1,-0.6989700043360187,23.916666666666668,True,1.0050145878920496,4,13710.0,4,0.9326995920339685,0.9335081469135651,0.9335081469135651,0.9780041619884945,2.0,1.0,True
6PPD,CSE,Plate3,2024-09-05,2024-09-05|Plate3,6PPD|CSE|Plate3|2024-09-05 11:08:09|t25,t25,1.0,0.04139268515822508,23.916666666666668,True,1.024343544857768,4,13710.0,4,0.9205729705426349,0.9970776980810513,0.9970776980810513,0.9780041619884945,2.0,1.0,True
6PPD,CSE,Plate3,2024-09-05,2024-09-05|Plate3,6PPD|CSE|Plate3|2024-09-05 11:08:09|t25,t25,5.0,0.7075701760979364,23.916666666666668,True,0.986980306345733,4,13710.0,4,0.9096614505628926,1.0049668835055097,1.0049668835055097,0.9780041619884945,2.0,1.0,True
6PPD,CSE,Plate3,2024-09-05,2024-09-05|Plate3,6PPD|CSE|Plate3|2024-09-05 11:08:09|t25,t25,10.0,1.0043213737826426,23.916666666666668,True,0.9155725747629467,4,13710.0,4,0.904800874115043,0.934626755266953,0.934626755266953,0.9780041619884945,2.0,1.0,True
6PPD,CSE,Plate3,2024-09-05,2024-09-05|Plate3,6PPD|CSE|Plate3|2024-09-05 11:08:09|t25,t25,20.0,1.3031960574204888,23.916666666666668,True,0.874215900802334,4,13710.0,4,0.899905516456901,0.85122150421978,0.85122150421978,0.9780041619884945,2.0,1.0,True
6PPD,CSE,Plate3,2024-09-05,2024-09-05|Plate3,6PPD|CSE|Plate3|2024-09-05 11:08:09|t25,t25,50.0,1.6998377258672457,23.916666666666668,True,0.6524799416484318,4,13710.0,4,0.8934088041708854,0.7235455674358844,0.7235455674358844,0.9780041619884945,2.0,1.0,True
6PPD,CSE,Plate3,2024-09-05,2024-09-05|Plate3,6PPD|CSE|Plate3|2024-09-05 11:08:09|t25,t25,100.0,2.000434077479319,23.916666666666668,True,0.5805616338439096,4,13710.0,4,0.8884852467990714,0.5811569850712607,0.5811569850712607,0.9780041619884945,2.0,1.0,True
6PPD,CSE,Plate3,2024-09-05,2024-09-05|Plate3,6PPD|CSE|Plate3|2024-09-05 11:08:09|t25,t25,200.0,2.3012470886362113,23.916666666666668,True,0.5291028446389496,4,13710.0,4,0.8835581406958993,0.5240738716169742,0.5240738716169742,0.9780041619884945,2.0,1.0,True
6PPD,CSE,Plate3,2024-09-05,2024-09-05|Plate3,6PPD|CSE|Plate3|2024-09-05 11:08:09|t25,t25,400.0,2.6021685513789974,23.916666666666668,True,0.524434719183078,4,13710.0,4,0.8786292582318289,0.5235671764636639,0.5235671764636639,0.9780041619884945,2.0,1.0,True
6PPD,RTG,Plate1,2024-06-13,2024-06-13|Plate1,6PPD|RTG|Plate1|2024-06-13 10:18:42|unozonated,unozonated,0.1,-0.6989700043360187,23.0,True,0.9918544806904048,4,38180.5,4,1.0812554832275785,0.998727131919501,0.998727131919501,0.9780041619884945,2.0,1.0,True
6PPD,RTG,Plate1,2024-06-13,2024-06-13|Plate1,6PPD|RTG|Plate1|2024-06-13 10:18:42|unozonated,unozonated,0.5,-0.2218487496163564,23.0,True,0.9888555676326921,4,38180.5,4,1.0734405717746418,1.000138872131204,1.000138872131204,0.9780041619884945,2.0,1.0,True
6PPD,RTG,Plate1,2024-06-13,2024-06-13|Plate1,6PPD|RTG|Plate1|2024-06-13 10:18:42|unozonated,unozonated,1.0,0.04139268515822508,23.0,True,0.9824386794305994,4,38180.5,4,1.0691288617362449,0.9985274401319933,0.9985274401319933,0.9780041619884945,2.0,1.0,True
6PPD,RTG,Plate1,2024-06-13,2024-06-13|Plate1,6PPD|RTG|Plate1|2024-06-13 10:18:42|unozonated,unozonated,5.0,0.7075701760979364,23.0,True,0.9746074566860047,4,38180.5,4,1.0582173417565026,0.9984455122531597,0.9984455122531597,0.9780041619884945,2.0,1.0,True
6PPD,RTG,Plate1,2024-06-13,2024-06-13|Plate1,6PPD|RTG|Plate1|2024-06-13 10:18:42|unozonated,unozonated,10.0,1.0043213737826426,23.0,True,0.9794266706826783,4,38180.5,4,1.053356765308653,0.9945317123784058,0.9945317123784058,0.9780041619884945,2.0,1.0,True
6PPD,RTG,Plate1,2024-06-13,2024-06-13|Plate1,6PPD|RTG|Plate1|2024-06-13 10:18:42|unozonated,unozonated,20.0,1.3031960574204888,23.0,True,0.9660690666701588,4,38180.5,4,1.048461407650511,0.9906224176253495,0.9906224176253495,0.9780041619884945,2.0,1.0,True
6PPD,RTG,Plate1,2024-06-13,2024-06-13|Plate1,6PPD|RTG|Plate1|2024-06-13 10:18:42|unozonated,unozonated,50.0,1.6998377258672457,23.0,True,0.9825368971071621,4,38180.5,4,1.0419646953644954,0.9923153952114938,0.9923153952114938,0.9780041619884945,2.0,1.0,True
6PPD,RTG,Plate1,2024-06-13,2024-06-13|Plate1,6PPD|RTG|Plate1|2024-06-13 10:18:42|unozonated,unozonated,100.0,2.000434077479319,23.0,True,0.9893139167899844,4,38180.5,4,1.0370411379926814,0.9980410883872253,0.9980410883872253,0.9780041619884945,2.0,1.0,True
6PPD,RTG,Plate1,2024-06-13,2024-06-13|Plate1,6PPD|RTG|Plate1|2024-06-13 10:18:42|unozonated,unozonated,200.0,2.3012470886362113,23.0,True,1.0309123767368158,4,38180.5,4,1.0321140318895095,1.0072344034980227,1.0072344034980227,0.9780041619884945,2.0,1.0,True
6PPD,RTG,Plate2,2024-06-13,2024-06-13|Plate2,6PPD|RTG|Plate2|2024-06-13 10:21:16|unozonated,unozonated,0.1,-0.6989700043360187,23.0,True,1.0038210311620581,4,38733.0,4,1.0836586879912722,0.9946442760589488,0.9946442760589488,0.9820471015172056,1.0,1.0,True
6PPD,RTG,Plate2,2024-06-13,2024-06-13|Plate2,6PPD|RTG|Plate2|2024-06-13 10:21:16|unozonated,unozonated,0.5,-0.2218487496163564,23.0,True,1.0001742700023235,4,38733.0,4,1.0756727306864151,0.9910302036088505,0.9910302036088505,0.9820471015172056,1.0,1.0,True
6PPD,RTG,Plate2,2024-06-13,2024-06-13|Plate2,6PPD|RTG|Plate2|2024-06-13 10:21:16|unozonated,unozonated,1.0,0.04139268515822508,23.0,True,0.985238685358738,4,38733.0,4,1.0712666497621557,0.9867184023997364,0.9867184023997364,0.9820471015172056,1.0,1.0,True
6PPD,RTG,Plate2,2024-06-13,2024-06-13|Plate2,6PPD|RTG|Plate2|2024-06-13 10:21:16|unozonated,unozonated,5.0,0.7075701760979364,23.0,True,1.025282059225983,4,38733.0,4,1.060116308109011,0.9836946885009373,0.9836946885009373,0.9820471015172056,1.0,1.0,True
6PPD,RTG,Plate2,2024-06-13,2024-06-13|Plate2,6PPD|RTG|Plate2|2024-06-13 10:21:16|unozonated,unozonated,10.0,1.0043213737826426,23.0,True,0.9767446363565951,4,38733.0,4,1.0551493476740423,0.9839544832929547,0.9839544832929547,0.9820471015172056,1.0,1.0,True
6PPD,RTG,Plate2,2024-06-13,2024-06-13|Plate2,6PPD|RTG|Plate2|2024-06-13 10:21:16|unozonated,unozonated,20.0,1.3031960574204888,23.0,True,0.989569617638706,4,38733.0,4,1.050146844768493,0.9840962054594076,0.9840962054594076,0.9820471015172056,1.0,1.0,True
6PPD,RTG,Plate2,2024-06-13,2024-06-13|Plate2,6PPD|RTG|Plate2|2024-06-13 10:21:16|unozonated,unozonated,50.0,1.6998377258672457,23.0,True,0.9701740118245423,4,38733.0,4,1.0435079382049945,0.990479342963864,0.990479342963864,0.9820471015172056,1.0,1.0,True
6PPD,RTG,Plate2,2024-06-13,2024-06-13|Plate2,6PPD|RTG|Plate2|2024-06-13 10:21:16|unozonated,unozonated,100.0,2.000434077479319,23.0,True,0.9995481888828648,4,38733.0,4,1.0384766183754466,0.9934377812726721,0.9934377812726721,0.9820471015172056,1.0,1.0,True
6PPD,RTG,Plate2,2024-06-13,2024-06-13|Plate2,6PPD|RTG|Plate2|2024-06-13 10:21:16|unozonated,unozonated,200.0,2.3012470886362113,23.0,True,1.0076033356569334,4,38733.0,4,1.0334416721430557,0.99119475423962,0.99119475423962,0.9820471015172056,1.0,1.0,True
6PPD,RTG,Plate3,2024-06-13,2024-06-13|Plate3,6PPD|RTG|Plate3|2024-06-13 10:22:59|unozonated,unozonated,0.1,-0.6989700043360187,22.983333333333334,True,0.9959027100737258,4,39233.25,4,1.085364195440947,0.992362553544012,0.992362553544012,0.9776901457031006,0.0,1.0,True
6PPD,RTG,Plate3,2024-06-13,2024-06-13|Plate3,6PPD|RTG|Plate3|2024-06-13 10:22:59|unozonated,unozonated,0.5,-0.2218487496163564,22.983333333333334,True,1.0828825039985217,4,39233.25,4,1.076588482771531,0.992362553544012,0.992362553544012,0.9776901457031006,0.0,1.0,True
6PPD,RTG,Plate3,2024-06-13,2024-06-13|Plate3,6PPD|RTG|Plate3|2024-06-13 10:22:59|unozonated,unozonated,1.0,0.04139268515822508,22.983333333333334,True,1.0006117260232075,4,39233.25,4,1.07174667123743,0.9911749136404457,0.9911749136404457,0.9776901457031006,0.0,1.0,True
6PPD,RTG,Plate3,2024-06-13,2024-06-13|Plate3,6PPD|RTG|Plate3|2024-06-13 10:22:59|unozonated,unozonated,5.0,0.7075701760979364,22.983333333333334,True,1.0180714062689173,4,39233.25,4,1.0594936387231808,0.9898540906237495,0.9898540906237495,0.9776901457031006,0.0,1.0,True
6PPD,RTG,Plate3,2024-06-13,2024-06-13|Plate3,6PPD|RTG|Plate3|2024-06-13 10:22:59|unozonated,unozonated,10.0,1.0043213737826426,22.983333333333334,True,1.0031096072846375,4,39233.25,4,1.0540354806146803,0.9880022615080676,0.9880022615080676,0.9776901457031006,0.0,1.0,True
6PPD,RTG,Plate3,2024-06-13,2024-06-13|Plate3,6PPD|RTG|Plate3|2024-06-13 10:22:59|unozonated,unozonated,20.0,1.3031960574204888,22.983333333333334,True,0.9877145023672523,4,39233.25,4,1.048538265133661,0.9872980966647179,0.9872980966647179,0.9776901457031006,0.0,1.0,True
6PPD,RTG,Plate3,2024-06-13,2024-06-13|Plate3,6PPD|RTG|Plate3|2024-06-13 10:22:59|unozonated,unozonated,50.0,1.6998377258672457,22.983333333333334,True,1.0145730980737002,4,39233.25,4,1.041242817109549,0.9894251050749976,0.9894251050749976,0.9776901457031006,0.0,1.0,True
6PPD,RTG,Plate3,2024-06-13,2024-06-13|Plate3,6PPD|RTG|Plate3|2024-06-13 10:22:59|unozonated,unozonated,100.0,2.000434077479319,22.983333333333334,True,1.0023067168791777,4,39233.25,4,1.0357139349121456,0.9957170287895165,0.9957170287895165,0.9776901457031006,0.0,1.0,True
6PPD,RTG,Plate3,2024-06-13,2024-06-13|Plate3,6PPD|RTG|Plate3|2024-06-13 10:22:59|unozonated,unozonated,200.0,2.3012470886362113,22.983333333333334,True,1.02869377377607,4,39233.25,4,1.0301810676860024,0.996713868675792,0.996713868675792,0.9776901457031006,0.0,1.0,True
6PPD,RTG,Plate4,2024-08-29,2024-08-29|Plate4,6PPD|RTG|Plate4|2024-08-29 11:21:19|t0,t0,0.1,-0.6989700043360187,23.883333333333333,True,0.9742986336138388,4,20290.75,4,1.0365215873153688,0.9281278999121357,0.9281278999121357,0.9788687404954326,3.0,1.0,True
6PPD,RTG,Plate4,2024-08-29,2024-08-29|Plate4,6PPD|RTG|Plate4|2024-08-29 11:21:19|t0,t0,1.0,0.04139268515822508,23.883333333333333,True,1.001306013824033,4,20290.75,4,1.0234703185673095,0.9220088236162661,0.9220088236162661,0.9788687404954326,3.0,1.0,True
6PPD,RTG,Plate4,2024-08-29,2024-08-29|Plate4,6PPD|RTG|Plate4|2024-08-29 11:21:19|t0,t0,10.0,1.0043213737826426,23.883333333333333,True,0.9141234306272563,4,20290.75,4,1.0064956097134117,0.917682743242414,0.917682743242414,0.9788687404954326,3.0,1.0,True
6PPD,RTG,Plate4,2024-08-29,2024-08-29|Plate4,6PPD|RTG|Plate4|2024-08-29 11:21:19|t0,t0,20.0,1.3031960574204888,23.883333333333333,True,0.9096755910944643,4,20290.75,4,1.0012269841147698,0.9066376333761398,0.9066376333761398,0.9788687404954326,3.0,1.0,True
6PPD,RTG,Plate4,2024-08-29,2024-08-29|Plate4,6PPD|RTG|Plate4|2024-08-29 11:21:19|t0,t0,50.0,1.6998377258672457,23.883333333333333,True,0.9423505784655569,4,20290.75,4,0.9942349016057047,0.899122411383939,0.899122411383939,0.9788687404954326,3.0,1.0,True
6PPD,RTG,Plate4,2024-08-29,2024-08-29|Plate4,6PPD|RTG|Plate4|2024-08-29 11:21:19|t0,t0,100.0,2.000434077479319,23.883333333333333,True,0.9603760334142405,4,20290.75,4,0.988935926082971,0.8898551643112741,0.8898551643112741,0.9788687404954326,3.0,1.0,True
6PPD,RTG,Plate4,2024-08-29,2024-08-29|Plate4,6PPD|RTG|Plate4|2024-08-29 11:21:19|t0,t0,200.0,2.3012470886362113,23.883333333333333,True,0.931742296366571,4,20290.75,4,0.9836331312403467,0.895033461513901,0.895033461513901,0.9788687404954326,3.0,1.0,True
6PPD,RTG,Plate4,2024-08-29,2024-08-29|Plate4,6PPD|RTG|Plate4|2024-08-29 11:21:19|t0,t0,400.0,2.6021685513789974,23.883333333333333,True,0.9843031923413378,4,20290.75,4,0.9783284245904235,0.8868966448249409,0.8868966448249409,0.9788687404954326,3.0,1.0,True
6PPD,RTG,Plate4,2024-08-30,2024-08-30|Plate4,6PPD|RTG|Plate4|2024-08-30 10:57:01|t25,t25,0.1,-0.6989700043360187,23.933333333333334,True,0.9426843764535635,4,19349.0,4,0.9883812937800525,0.9933572902011886,0.9933572902011886,0.9779225257819442,4.0,1.0,True
6PPD,RTG,Plate4,2024-08-30,2024-08-30|Plate4,6PPD|RTG|Plate4|2024-08-30 10:57:01|t25,t25,1.0,0.04139268515822508,23.933333333333334,True,0.9964468447981808,4,19349.0,4,0.9743667428403817,1.0179417455838193,1.0179417455838193,0.9779225257819442,4.0,1.0,True
6PPD,RTG,Plate4,2024-08-30,2024-08-30|Plate4,6PPD|RTG|Plate4|2024-08-30 10:57:01|t25,t25,5.0,0.7075701760979364,23.933333333333334,True,1.0915938808207142,4,19349.0,4,0.9617564661285523,1.0585671737902165,1.0585671737902165,0.9779225257819442,4.0,1.0,True
6PPD,RTG,Plate4,2024-08-30,2024-08-30|Plate4,6PPD|RTG|Plate4|2024-08-30 10:57:01|t25,t25,10.0,1.0043213737826426,23.933333333333334,True,0.9495064344410564,4,19349.0,4,0.9561391722867979,1.0175349273968697,1.0175349273968697,0.9779225257819442,4.0,1.0,True
6PPD,RTG,Plate4,2024-08-30,2024-08-30|Plate4,6PPD|RTG|Plate4|2024-08-30 10:57:01|t25,t25,20.0,1.3031960574204888,23.933333333333334,True,0.9256938343066825,4,19349.0,4,0.9504816823324056,0.9934742988477611,0.9934742988477611,0.9779225257819442,4.0,1.0,True
6PPD,RTG,Plate4,2024-08-30,2024-08-30|Plate4,6PPD|RTG|Plate4|2024-08-30 10:57:01|t25,t25,50.0,1.6998377258672457,23.933333333333334,True,0.931159233035299,4,19349.0,4,0.9429735313327375,0.9882256706333233,0.9882256706333233,0.9779225257819442,4.0,1.0,True
6PPD,RTG,Plate4,2024-08-30,2024-08-30|Plate4,6PPD|RTG|Plate4|2024-08-30 10:57:01|t25,t25,100.0,2.000434077479319,23.933333333333334,True,0.8596826709390666,4,19349.0,4,0.9372834514006648,0.9855601089168774,0.9855601089168774,0.9779225257819442,4.0,1.0,True
6PPD,RTG,Plate4,2024-08-30,2024-08-30|Plate4,6PPD|RTG|Plate4|2024-08-30 10:57:01|t25,t25,200.0,2.3012470886362113,23.933333333333334,True,0.8648379761227971,4,19349.0,4,0.9315892702540515,0.956404830576127,0.956404830576127,0.9779225257819442,4.0,1.0,True
6PPD,RTG,Plate4,2024-08-30,2024-08-30|Plate4,6PPD|RTG|Plate4|2024-08-30 10:57:01|t25,t25,400.0,2.6021685513789974,23.933333333333334,True,0.8806139852188744,4,19349.0,4,0.9258930361943234,0.9409169728927499,0.9409169728927499,0.9779225257819442,4.0,1.0,True
6PPD,RTG,Plate5,2024-08-29,2024-08-29|Plate5,6PPD|RTG|Plate5|2024-08-29 11:24:17|t0,t0,0.1,-0.6989700043360187,23.883333333333333,True,0.911404394391998,4,24019.25,4,1.0324996997282783,1.0007728636141884,1.0007728636141884,0.9779225257819442,4.0,1.0,True
6PPD,RTG,Plate5,2024-08-29,2024-08-29|Plate5,6PPD|RTG|Plate5|2024-08-29 11:24:17|t0,t0,1.0,0.04139268515822508,23.883333333333333,True,0.9553483143728467,4,24019.25,4,1.0184851487886075,1.005273601469177,1.005273601469177,0.9779225257819442,4.0,1.0,True
6PPD,RTG,Plate5,2024-08-29,2024-08-29|Plate5,6PPD|RTG|Plate5|2024-08-29 11:24:17|t0,t0,10.0,1.0043213737826426,23.883333333333333,True,0.9764667922603745,4,24019.25,4,1.0002575782350238,0.9517857053530621,0.9517857053530621,0.9779225257819442,4.0,1.0,True
6PPD,RTG,Plate5,2024-08-29,2024-08-29|Plate5,6PPD|RTG|Plate5|2024-08-29 11:24:17|t0,t0,20.0,1.3031960574204888,23.883333333333333,True,0.8337791563017163,4,24019.25,4,0.9946000882806314,0.9297117352404266,0.9297117352404266,0.9779225257819442,4.0,1.0,True
6PPD,RTG,Plate5,2024-08-29,2024-08-29|Plate5,6PPD|RTG|Plate5|2024-08-29 11:24:17|t0,t0,50.0,1.6998377258672457,23.883333333333333,True,0.8799296397681027,4,24019.25,4,0.9870919372809634,0.9472280711597351,0.9472280711597351,0.9779225257819442,4.0,1.0,True
6PPD,RTG,Plate5,2024-08-29,2024-08-29|Plate5,6PPD|RTG|Plate5|2024-08-29 11:24:17|t0,t0,100.0,2.000434077479319,23.883333333333333,True,0.8671898581346211,4,24019.25,4,0.9814018573488906,0.9586213449871479,0.9586213449871479,0.9779225257819442,4.0,1.0,True
6PPD,RTG,Plate5,2024-08-29,2024-08-29|Plate5,6PPD|RTG|Plate5|2024-08-29 11:24:17|t0,t0,200.0,2.3012470886362113,23.883333333333333,True,0.9285573029965548,4,24019.25,4,0.9757076762022774,0.9501513448918971,0.9501513448918971,0.9779225257819442,4.0,1.0,True
6PPD,RTG,Plate5,2024-08-29,2024-08-29|Plate5,6PPD|RTG|Plate5|2024-08-29 11:24:17|t0,t0,400.0,2.6021685513789974,23.883333333333333,True,0.8560737741603089,4,24019.25,4,0.9700114421425492,0.9644217966096243,0.9644217966096243,0.9779225257819442,4.0,1.0,True
6PPD,RTG,Plate5,2024-08-30,2024-08-30|Plate5,6PPD|RTG|Plate5|2024-08-30 10:59:14|t25,t25,0.1,-0.6989700043360187,23.916666666666668,True,0.9692681338362595,4,18425.5,4,0.9641118570434251,0.9682061634885188,0.9682061634885188,0.9788687404954326,3.0,1.0,True
6PPD,RTG,Plate5,2024-08-30,2024-08-30|Plate5,6PPD|RTG|Plate5|2024-08-30 10:59:14|t25,t25,1.0,0.04139268515822508,23.916666666666668,True,1.0078152560310438,4,18425.5,4,0.9510605882953659,1.022166753592149,1.022166753592149,0.9788687404954326,3.0,1.0,True
6PPD,RTG,Plate5,2024-08-30,2024-08-30|Plate5,6PPD|RTG|Plate5|2024-08-30 10:59:14|t25,t25,5.0,0.7075701760979364,23.916666666666668,True,1.0949227972103879,4,18425.5,4,0.9393170717844227,1.0820449465408155,1.0820449465408155,0.9788687404954326,3.0,1.0,True
6PPD,RTG,Plate5,2024-08-30,2024-08-30|Plate5,6PPD|RTG|Plate5|2024-08-30 10:59:14|t25,t25,10.0,1.0043213737826426,23.916666666666668,True,0.980760359284687,4,18425.5,4,0.9340858794414681,0.9975865811432487,0.9975865811432487,0.9788687404954326,3.0,1.0,True
6PPD,RTG,Plate5,2024-08-30,2024-08-30|Plate5,6PPD|RTG|Plate5|2024-08-30 10:59:14|t25,t25,20.0,1.3031960574204888,23.916666666666668,True,0.9909093376027788,4,18425.5,4,0.9288172538428263,0.9748513194786875,0.9748513194786875,0.9788687404954326,3.0,1.0,True
6PPD,RTG,Plate5,2024-08-30,2024-08-30|Plate5,6PPD|RTG|Plate5|2024-08-30 10:59:14|t25,t25,50.0,1.6998377258672457,23.916666666666668,True,0.9858619847493961,4,18425.5,4,0.9218251713337611,0.9513800768668458,0.9513800768668458,0.9788687404954326,3.0,1.0,True
6PPD,RTG,Plate5,2024-08-30,2024-08-30|Plate5,6PPD|RTG|Plate5|2024-08-30 10:59:14|t25,t25,100.0,2.000434077479319,23.916666666666668,True,0.970204336381645,4,18425.5,4,0.9165261958110273,0.9408327162076308,0.9408327162076308,0.9788687404954326,3.0,1.0,True
6PPD,RTG,Plate5,2024-08-30,2024-08-30|Plate5,6PPD|RTG|Plate5|2024-08-30 10:59:14|t25,t25,200.0,2.3012470886362113,23.916666666666668,True,0.9533798268703699,4,18425.5,4,0.911223400968403,0.9269821940437409,0.9269821940437409,0.9788687404954326,3.0,1.0,True
6PPD,RTG,Plate5,2024-08-30,2024-08-30|Plate5,6PPD|RTG|Plate5|2024-08-30 10:59:14|t25,t25,400.0,2.6021685513789974,23.916666666666668,True,0.9252123415918156,4,18425.5,4,0.9059186943184798,0.9199285490216204,0.9199285490216204,0.9788687404954326,3.0,1.0,True
6PPD,RTG,Plate6,2024-08-29,2024-08-29|Plate6,6PPD|RTG|Plate6|2024-08-29 11:26:05|t0,t0,0.1,-0.6989700043360187,23.85,True,1.0482511033528752,4,22771.5,4,1.0392265797683358,0.9294171048089407,0.9294171048089407,0.9788687404954326,3.0,1.0,True
6PPD,RTG,Plate6,2024-08-29,2024-08-29|Plate6,6PPD|RTG|Plate6|2024-08-29 11:26:05|t0,t0,1.0,0.04139268515822508,23.85,True,1.0419823024394528,4,22771.5,4,1.0261753110202765,0.9230935793530383,0.9230935793530383,0.9788687404954326,3.0,1.0,True
6PPD,RTG,Plate6,2024-08-29,2024-08-29|Plate6,6PPD|RTG|Plate6|2024-08-29 11:26:05|t0,t0,10.0,1.0043213737826426,23.85,True,1.0248007377643107,4,22771.5,4,1.0092006021663789,0.9187094326965058,0.9187094326965058,0.9788687404954326,3.0,1.0,True
6PPD,RTG,Plate6,2024-08-29,2024-08-29|Plate6,6PPD|RTG|Plate6|2024-08-29 11:26:05|t0,t0,20.0,1.3031960574204888,23.85,True,0.8544891640866873,4,22771.5,4,1.003931976567737,0.9076289278799032,0.9076289278799032,0.9788687404954326,3.0,1.0,True
6PPD,RTG,Plate6,2024-08-29,2024-08-29|Plate6,6PPD|RTG|Plate6|2024-08-29 11:26:05|t0,t0,50.0,1.6998377258672457,23.85,True,0.9619919636387589,4,22771.5,4,0.9969398940586718,0.9009957376200488,0.9009957376200488,0.9788687404954326,3.0,1.0,True
6PPD,RTG,Plate6,2024-08-29,2024-08-29|Plate6,6PPD|RTG|Plate6|2024-08-29 11:26:05|t0,t0,100.0,2.000434077479319,23.85,True,0.9766813780383374,4,22771.5,4,0.991640918535938,0.8909045477706341,0.8909045477706341,0.9788687404954326,3.0,1.0,True
6PPD,RTG,Plate6,2024-08-29,2024-08-29|Plate6,6PPD|RTG|Plate6|2024-08-29 11:26:05|t0,t0,200.0,2.3012470886362113,23.85,True,0.9160463737566695,4,22771.5,4,0.9863381236933138,0.896082844973261,0.896082844973261,0.9788687404954326,3.0,1.0,True
6PPD,RTG,Plate6,2024-08-29,2024-08-29|Plate6,6PPD|RTG|Plate6|2024-08-29 11:26:05|t0,t0,400.0,2.6021685513789974,23.85,True,1.0406538875348572,4,22771.5,4,0.9810334170433905,0.887665139002663,0.887665139002663,0.9788687404954326,3.0,1.0,True
6PPD,RTG,Plate6,2024-08-30,2024-08-30|Plate6,6PPD|RTG|Plate6|2024-08-30 11:00:59|t25,t25,0.1,-0.6989700043360187,23.866666666666667,True,0.95675691696676,4,16869.75,4,0.970273567960036,0.9853899229466958,0.9853899229466958,0.9780041619884945,2.0,1.0,True
6PPD,RTG,Plate6,2024-08-30,2024-08-30|Plate6,6PPD|RTG|Plate6|2024-08-30 11:00:59|t25,t25,1.0,0.04139268515822508,23.866666666666667,True,1.0081506839164778,4,16869.75,4,0.9581469464687026,1.0165646036914087,1.0165646036914087,0.9780041619884945,2.0,1.0,True
6PPD,RTG,Plate6,2024-08-30,2024-08-30|Plate6,6PPD|RTG|Plate6|2024-08-30 11:00:59|t25,t25,5.0,0.7075701760979364,23.866666666666667,True,1.1541220231479423,4,16869.75,4,0.9472354264889603,1.0422192655688056,1.0422192655688056,0.9780041619884945,2.0,1.0,True
6PPD,RTG,Plate6,2024-08-30,2024-08-30|Plate6,6PPD|RTG|Plate6|2024-08-30 11:00:59|t25,t25,10.0,1.0043213737826426,23.866666666666667,True,1.0485780761422072,4,16869.75,4,0.9423748500411107,0.9934478328324665,0.9934478328324665,0.9780041619884945,2.0,1.0,True
6PPD,RTG,Plate6,2024-08-30,2024-08-30|Plate6,6PPD|RTG|Plate6|2024-08-30 11:00:59|t25,t25,20.0,1.3031960574204888,23.866666666666667,True,1.0294017398005306,4,16869.75,4,0.9374794923829687,0.9652353259601115,0.9652353259601115,0.9780041619884945,2.0,1.0,True
6PPD,RTG,Plate6,2024-08-30,2024-08-30|Plate6,6PPD|RTG|Plate6|2024-08-30 11:00:59|t25,t25,50.0,1.6998377258672457,23.866666666666667,True,0.9924569125209324,4,16869.75,4,0.930982780096953,0.9640700140072388,0.9640700140072388,0.9780041619884945,2.0,1.0,True
6PPD,RTG,Plate6,2024-08-30,2024-08-30|Plate6,6PPD|RTG|Plate6|2024-08-30 11:00:59|t25,t25,100.0,2.000434077479319,23.866666666666667,True,1.0406200447546645,4,16869.75,4,0.9260592227251391,0.9493448729162003,0.9493448729162003,0.9780041619884945,2.0,1.0,True
6PPD,RTG,Plate6,2024-08-30,2024-08-30|Plate6,6PPD|RTG|Plate6|2024-08-30 11:00:59|t25,t25,200.0,2.3012470886362113,23.866666666666667,True,0.9527556721350345,4,16869.75,4,0.921132116621967,0.9433219367728751,0.9433219367728751,0.9780041619884945,2.0,1.0,True
6PPD,RTG,Plate6,2024-08-30,2024-08-30|Plate6,6PPD|RTG|Plate6|2024-08-30 11:00:59|t25,t25,400.0,2.6021685513789974,23.866666666666667,True,0.9173224262363106,4,16869.75,4,0.9162032341578966,0.9350907179950578,0.9350907179950578,0.9780041619884945,2.0,1.0,True
6PPDQ,CHSE,Plate1,2024-08-09,2024-08-09|Plate1,6PPDQ|CHSE|Plate1|2024-08-09 11:36:40|unozonated,unozonated,0.1,-0.6989700043360187,24.216666666666665,True,0.9720962789735759,4,15714.75,8,0.9618449840322003,0.9379510449190138,0.9379510449190138,0.9788687404954326,3.0,1.0,True
6PPDQ,CHSE,Plate1,2024-08-09,2024-08-09|Plate1,6PPDQ|CHSE|Plate1|2024-08-09 11:36:40|unozonated,unozonated,0.5,-0.2218487496163564,24.216666666666665,True,0.9698372548083807,4,15714.75,8,0.9534341904993558,0.9379510449190138,0.9379510449190138,0.9788687404954326,3.0,1.0,True
6PPDQ,CHSE,Plate1,2024-08-09,2024-08-09|Plate1,6PPDQ|CHSE|Plate1|2024-08-09 11:36:40|unozonated,unozonated,1.0,0.04139268515822508,24.216666666666665,True,0.9898025740148587,4,15714.75,8,0.9487937152841411,0.9379510449190138,0.9379510449190138,0.9788687404954326,3.0,1.0,True
6PPDQ,CHSE,Plate1,2024-08-09,2024-08-09|Plate1,6PPDQ|CHSE|Plate1|2024-08-09 11:36:40|unozonated,unozonated,5.0,0.7075701760979364,24.216666666666665,True,0.93437693886317,4,15714.75,8,0.937050198773198,0.9497355443756974,0.9497355443756974,0.9788687404954326,3.0,1.0,True
6PPDQ,CHSE,Plate1,2024-08-09,2024-08-09|Plate1,6PPDQ|CHSE|Plate1|2024-08-09 11:36:40|unozonated,unozonated,10.0,1.0043213737826426,24.216666666666665,True,0.8964189694395392,4,15714.75,8,0.9318190064302434,0.9514464754773415,0.9514464754773415,0.9788687404954326,3.0,1.0,True
6PPDQ,CHSE,Plate1,2024-08-09,2024-08-09|Plate1,6PPDQ|CHSE|Plate1|2024-08-09 11:36:40|unozonated,unozonated,20.0,1.3031960574204888,24.216666666666665,True,0.9417744475731399,4,15714.75,8,0.9265503808316016,0.952126223035858,0.952126223035858,0.9788687404954326,3.0,1.0,True
6PPDQ,CHSE,Plate1,2024-08-09,2024-08-09|Plate1,6PPDQ|CHSE|Plate1|2024-08-09 11:36:40|unozonated,unozonated,50.0,1.6998377258672457,24.216666666666665,True,0.936635963028365,4,15714.75,8,0.9195582983225363,0.952126223035858,0.952126223035858,0.9788687404954326,3.0,1.0,True
6PPDQ,CHSE,Plate1,2024-08-09,2024-08-09|Plate1,6PPDQ|CHSE|Plate1|2024-08-09 11:36:40|unozonated,unozonated,100.0,2.000434077479319,24.216666666666665,True,0.9740212221002562,4,15714.75,8,0.9142593227998027,0.952126223035858,0.952126223035858,0.9788687404954326,3.0,1.0,True
6PPDQ,CHSE,Plate2,2024-08-09,2024-08-09|Plate2,6PPDQ|CHSE|Plate2|2024-08-09 11:39:00|unozonated,unozonated,0.1,-0.6989700043360187,24.2,True,0.9691192765362936,4,18162.625,8,0.9587300703093654,0.9793228329956221,0.9793228329956221,0.9780041619884945,2.0,1.0,True
6PPDQ,CHSE,Plate2,2024-08-09,2024-08-09|Plate2,6PPDQ|CHSE|Plate2|2024-08-09 11:39:00|unozonated,unozonated,0.5,-0.2218487496163564,24.2,True,0.8850592907137597,4,18162.625,8,0.9509151588564289,0.9801420488079052,0.9801420488079052,0.9780041619884945,2.0,1.0,True
6PPDQ,CHSE,Plate2,2024-08-09,2024-08-09|Plate2,6PPDQ|CHSE|Plate2|2024-08-09 11:39:00|unozonated,unozonated,1.0,0.04139268515822508,24.2,True,0.9174609947625962,4,18162.625,8,0.9466034488180319,0.9790296372095288,0.9790296372095288,0.9780041619884945,2.0,1.0,True
6PPDQ,CHSE,Plate2,2024-08-09,2024-08-09|Plate2,6PPDQ|CHSE|Plate2|2024-08-09 11:39:00|unozonated,unozonated,5.0,0.7075701760979364,24.2,True,0.9884033833215188,4,18162.625,8,0.9356919288382897,0.9717321758987196,0.9717321758987196,0.9780041619884945,2.0,1.0,True
6PPDQ,CHSE,Plate2,2024-08-09,2024-08-09|Plate2,6PPDQ|CHSE|Plate2|2024-08-09 11:39:00|unozonated,unozonated,10.0,1.0043213737826426,24.2,True,0.9402275276839114,4,18162.625,8,0.93083135239044,0.971638646096663,0.971638646096663,0.9780041619884945,2.0,1.0,True
6PPDQ,CHSE,Plate2,2024-08-09,2024-08-09|Plate2,6PPDQ|CHSE|Plate2|2024-08-09 11:39:00|unozonated,unozonated,20.0,1.3031960574204888,24.2,True,0.9220583478434422,4,18162.625,8,0.925935994732298,0.9748331799360123,0.9748331799360123,0.9780041619884945,2.0,1.0,True
6PPDQ,CHSE,Plate2,2024-08-09,2024-08-09|Plate2,6PPDQ|CHSE|Plate2|2024-08-09 11:39:00|unozonated,unozonated,50.0,1.6998377258672457,24.2,True,0.9352860613485111,4,18162.625,8,0.9194392824462824,0.974635027351005,0.974635027351005,0.9780041619884945,2.0,1.0,True
6PPDQ,CHSE,Plate2,2024-08-09,2024-08-09|Plate2,6PPDQ|CHSE|Plate2|2024-08-09 11:39:00|unozonated,unozonated,100.0,2.000434077479319,24.2,True,1.013798941507629,4,18162.625,8,0.9145157250744684,0.9795700592091847,0.9795700592091847,0.9780041619884945,2.0,1.0,True
6PPDQ,CHSE,Plate3,2024-08-09,2024-08-09|Plate3,6PPDQ|CHSE|Plate3|2024-08-09 11:40:39|unozonated,unozonated,0.1,-0.6989700043360187,24.183333333333334,True,0.9713383829284288,4,17344.625,8,0.9595866998958306,0.9394918357218609,0.9394918357218609,0.9820471015172056,1.0,1.0,True
6PPDQ,CHSE,Plate3,2024-08-09,2024-08-09|Plate3,6PPDQ|CHSE|Plate3|2024-08-09 11:40:39|unozonated,unozonated,0.5,-0.2218487496163564,24.183333333333334,True,1.0294255424951535,4,17344.625,8,0.9516007425909736,0.9394918357218609,0.9394918357218609,0.9820471015172056,1.0,1.0,True
6PPDQ,CHSE,Plate3,2024-08-09,2024-08-09|Plate3,6PPDQ|CHSE|Plate3|2024-08-09 11:40:39|unozonated,unozonated,1.0,0.04139268515822508,24.183333333333334,True,0.9797415625878334,4,17344.625,8,0.9471946616667141,0.9394918357218609,0.9394918357218609,0.9820471015172056,1.0,1.0,True
6PPDQ,CHSE,Plate3,2024-08-09,2024-08-09|Plate3,6PPDQ|CHSE|Plate3|2024-08-09 11:40:39|unozonated,unozonated,5.0,0.7075701760979364,24.183333333333334,True,0.9891681140410935,4,17344.625,8,0.9360443200135695,0.9447639994830648,0.9447639994830648,0.9820471015172056,1.0,1.0,True
6PPDQ,CHSE,Plate3,2024-08-09,2024-08-09|Plate3,6PPDQ|CHSE|Plate3|2024-08-09 11:40:39|unozonated,unozonated,10.0,1.0043213737826426,24.183333333333334,True,1.0056573722406799,4,17344.625,8,0.9310773595786008,0.9459373882127005,0.9459373882127005,0.9820471015172056,1.0,1.0,True
6PPDQ,CHSE,Plate3,2024-08-09,2024-08-09|Plate3,6PPDQ|CHSE|Plate3|2024-08-09 11:40:39|unozonated,unozonated,20.0,1.3031960574204888,24.183333333333334,True,0.9970668146471889,4,17344.625,8,0.9260748566730514,0.9496759997845413,0.9496759997845413,0.9820471015172056,1.0,1.0,True
6PPDQ,CHSE,Plate3,2024-08-09,2024-08-09|Plate3,6PPDQ|CHSE|Plate3|2024-08-09 11:40:39|unozonated,unozonated,50.0,1.6998377258672457,24.183333333333334,True,0.9920076104268614,4,17344.625,8,0.9194359501095529,0.9544221190465879,0.9544221190465879,0.9820471015172056,1.0,1.0,True
6PPDQ,CHSE,Plate3,2024-08-09,2024-08-09|Plate3,6PPDQ|CHSE|Plate3|2024-08-09 11:40:39|unozonated,unozonated,100.0,2.000434077479319,24.183333333333334,True,1.026312186051875,4,17344.625,8,0.9144046302800051,0.9544221190465879,0.9544221190465879,0.9820471015172056,1.0,1.0,True
6PPDQ,CSE,Plate1,2024-08-09,2024-08-09|Plate1,6PPDQ|CSE|Plate1|2024-08-09 11:36:40|unozonated,unozonated,0.1,-0.6989700043360187,24.216666666666665,True,0.9442733238795634,4,18951.875,8,0.9161299828381568,0.867304548513305,0.867304548513305,0.9788687404954326,3.0,1.0,True
6PPDQ,CSE,Plate1,2024-08-09,2024-08-09|Plate1,6PPDQ|CSE|Plate1|2024-08-09 11:36:40|unozonated,unozonated,0.5,-0.2218487496163564,24.216666666666665,True,0.9343402697622267,4,18951.875,8,0.9077191893053125,0.867304548513305,0.867304548513305,0.9788687404954326,3.0,1.0,True
6PPDQ,CSE,Plate1,2024-08-09,2024-08-09|Plate1,6PPDQ|CSE|Plate1|2024-08-09 11:36:40|unozonated,unozonated,1.0,0.04139268515822508,24.216666666666665,True,0.9612373445899153,4,18951.875,8,0.9030787140900977,0.8446736810540816,0.8446736810540816,0.9788687404954326,3.0,1.0,True
6PPDQ,CSE,Plate1,2024-08-09,2024-08-09|Plate1,6PPDQ|CSE|Plate1|2024-08-09 11:36:40|unozonated,unozonated,5.0,0.7075701760979364,24.216666666666665,True,0.8184678297002276,4,18951.875,8,0.8913351975791546,0.7519569327172012,0.7519569327172012,0.9788687404954326,3.0,1.0,True
6PPDQ,CSE,Plate1,2024-08-09,2024-08-09|Plate1,6PPDQ|CSE|Plate1|2024-08-09 11:36:40|unozonated,unozonated,10.0,1.0043213737826426,24.216666666666665,True,0.6345678198067474,4,18951.875,8,0.8861040052361999,0.6917921452760918,0.6917921452760918,0.9788687404954326,3.0,1.0,True
6PPDQ,CSE,Plate1,2024-08-09,2024-08-09|Plate1,6PPDQ|CSE|Plate1|2024-08-09 11:36:40|unozonated,unozonated,20.0,1.3031960574204888,24.216666666666665,True,0.5205553540216997,4,18951.875,8,0.8808353796375581,0.6189058216379286,0.6189058216379286,0.9788687404954326,3.0,1.0,True
6PPDQ,CSE,Plate1,2024-08-09,2024-08-09|Plate1,6PPDQ|CSE|Plate1|2024-08-09 11:36:40|unozonated,unozonated,50.0,1.6998377258672457,24.216666666666665,True,0.41034198463212745,4,18951.875,8,0.8738432971284928,0.537577541136202,0.537577541136202,0.9788687404954326,3.0,1.0,True
6PPDQ,CSE,Plate1,2024-08-09,2024-08-09|Plate1,6PPDQ|CSE|Plate1|2024-08-09 11:36:40|unozonated,unozonated,100.0,2.000434077479319,24.216666666666665,True,0.37918411766645777,4,18951.875,8,0.8685443216057592,0.537577541136202,0.537577541136202,0.9788687404954326,3.0,1.0,True
6PPDQ,CSE,Plate2,2024-08-09,2024-08-09|Plate2,6PPDQ|CSE|Plate2|2024-08-09 11:39:00|unozonated,unozonated,0.1,-0.6989700043360187,24.2,True,0.9559165523762468,4,14673.875,8,0.9141591382588402,0.8979676127894339,0.8979676127894339,0.9780041619884945,2.0,1.0,True
6PPDQ,CSE,Plate2,2024-08-09,2024-08-09|Plate2,6PPDQ|CSE|Plate2|2024-08-09 11:39:00|unozonated,unozonated,0.5,-0.2218487496163564,24.2,True,0.8949749128979223,4,14673.875,8,0.9063442268059037,0.8979676127894339,0.8979676127894339,0.9780041619884945,2.0,1.0,True
6PPDQ,CSE,Plate2,2024-08-09,2024-08-09|Plate2,6PPDQ|CSE|Plate2|2024-08-09 11:39:00|unozonated,unozonated,1.0,0.04139268515822508,24.2,True,0.8471518259491784,4,14673.875,8,0.9020325167675066,0.8662155279809344,0.8662155279809344,0.9780041619884945,2.0,1.0,True
6PPDQ,CSE,Plate2,2024-08-09,2024-08-09|Plate2,6PPDQ|CSE|Plate2|2024-08-09 11:39:00|unozonated,unozonated,5.0,0.7075701760979364,24.2,True,0.8295014098184699,4,14673.875,8,0.8911209967877644,0.7256618262984754,0.7256618262984754,0.9780041619884945,2.0,1.0,True
6PPDQ,CSE,Plate2,2024-08-09,2024-08-09|Plate2,6PPDQ|CSE|Plate2|2024-08-09 11:39:00|unozonated,unozonated,10.0,1.0043213737826426,24.2,True,0.7318107861761123,4,14673.875,8,0.8862604203399147,0.6496459171354789,0.6496459171354789,0.9780041619884945,2.0,1.0,True
6PPDQ,CSE,Plate2,2024-08-09,2024-08-09|Plate2,6PPDQ|CSE|Plate2|2024-08-09 11:39:00|unozonated,unozonated,20.0,1.3031960574204888,24.2,True,0.5622066427579626,4,14673.875,8,0.8813650626817728,0.5719860353699393,0.5719860353699393,0.9780041619884945,2.0,1.0,True
6PPDQ,CSE,Plate2,2024-08-09,2024-08-09|Plate2,6PPDQ|CSE|Plate2|2024-08-09 11:39:00|unozonated,unozonated,50.0,1.6998377258672457,24.2,True,0.467122692540314,4,14673.875,8,0.8748683503957572,0.49126776653848453,0.49126776653848453,0.9780041619884945,2.0,1.0,True
6PPDQ,CSE,Plate2,2024-08-09,2024-08-09|Plate2,6PPDQ|CSE|Plate2|2024-08-09 11:39:00|unozonated,unozonated,100.0,2.000434077479319,24.2,True,0.45632118305491903,4,14673.875,8,0.8699447930239431,0.49126776653848453,0.49126776653848453,0.9780041619884945,2.0,1.0,True
6PPDQ,CSE,Plate3,2024-08-09,2024-08-09|Plate3,6PPDQ|CSE|Plate3|2024-08-09 11:40:39|unozonated,unozonated,0.1,-0.6989700043360187,24.183333333333334,True,0.8676611094862046,4,19231.875,8,0.9113601567722036,0.8694386642026969,0.8694386642026969,0.9820471015172056,1.0,1.0,True
6PPDQ,CSE,Plate3,2024-08-09,2024-08-09|Plate3,6PPDQ|CSE|Plate3|2024-08-09 11:40:39|unozonated,unozonated,0.5,-0.2218487496163564,24.183333333333334,True,1.0019563875077184,4,19231.875,8,0.9033741994673468,0.8694386642026969,0.8694386642026969,0.9820471015172056,1.0,1.0,True
6PPDQ,CSE,Plate3,2024-08-09,2024-08-09|Plate3,6PPDQ|CSE|Plate3|2024-08-09 11:40:39|unozonated,unozonated,1.0,0.04139268515822508,24.183333333333334,True,0.9466445679373436,4,19231.875,8,0.8989681185430872,0.8372127455905972,0.8372127455905972,0.9820471015172056,1.0,1.0,True
6PPDQ,CSE,Plate3,2024-08-09,2024-08-09|Plate3,6PPDQ|CSE|Plate3|2024-08-09 11:40:39|unozonated,unozonated,5.0,0.7075701760979364,24.183333333333334,True,0.8203698287348478,4,19231.875,8,0.8878177768899427,0.7359477944128118,0.7359477944128118,0.9820471015172056,1.0,1.0,True
6PPDQ,CSE,Plate3,2024-08-09,2024-08-09|Plate3,6PPDQ|CSE|Plate3|2024-08-09 11:40:39|unozonated,unozonated,10.0,1.0043213737826426,24.183333333333334,True,0.653030450749082,4,19231.875,8,0.8828508164549739,0.6840181867897459,0.6840181867897459,0.9820471015172056,1.0,1.0,True
6PPDQ,CSE,Plate3,2024-08-09,2024-08-09|Plate3,6PPDQ|CSE|Plate3|2024-08-09 11:40:39|unozonated,unozonated,20.0,1.3031960574204888,24.183333333333334,True,0.5159013356731987,4,19231.875,8,0.8778483135494246,0.6320240673781705,0.6320240673781705,0.9820471015172056,1.0,1.0,True
6PPDQ,CSE,Plate3,2024-08-09,2024-08-09|Plate3,6PPDQ|CSE|Plate3|2024-08-09 11:40:39|unozonated,unozonated,50.0,1.6998377258672457,24.183333333333334,True,0.39931103961522213,4,19231.875,8,0.8712094069859261,0.5449171914995862,0.5449171914995862,0.9820471015172056,1.0,1.0,True
6PPDQ,CSE,Plate3,2024-08-09,2024-08-09|Plate3,6PPDQ|CSE|Plate3|2024-08-09 11:40:39|unozonated,unozonated,100.0,2.000434077479319,24.183333333333334,True,0.3751844268954535,4,19231.875,8,0.8661780871563782,0.5449171914995862,0.5449171914995862,0.9820471015172056,1.0,1.0,True
6PPDQ,RTG,Plate4,2024-08-09,2024-08-09|Plate4,6PPDQ|RTG|Plate4|2024-08-09 11:42:29|unozonated,unozonated,0.1,-0.6989700043360187,23.35,True,1.029276804756673,4,27077.75,8,1.0057800810311368,1.0987035703590444,1.0987035703590444,0.9780041619884945,2.0,1.0,True
6PPDQ,RTG,Plate4,2024-08-09,2024-08-09|Plate4,6PPDQ|RTG|Plate4|2024-08-09 11:42:29|unozonated,unozonated,0.5,-0.2218487496163564,23.35,True,1.0314557154859618,4,27077.75,8,0.9979651695782003,1.0987035703590444,1.0987035703590444,0.9780041619884945,2.0,1.0,True
6PPDQ,RTG,Plate4,2024-08-09,2024-08-09|Plate4,6PPDQ|RTG|Plate4|2024-08-09 11:42:29|unozonated,unozonated,1.0,0.04139268515822508,23.35,True,1.0806289296562677,4,27077.75,8,0.9936534595398032,1.0950456662679593,1.0950456662679593,0.9780041619884945,2.0,1.0,True
6PPDQ,RTG,Plate4,2024-08-09,2024-08-09|Plate4,6PPDQ|RTG|Plate4|2024-08-09 11:42:29|unozonated,unozonated,5.0,0.7075701760979364,23.35,True,1.1118353629825226,4,27077.75,8,0.982741939560061,1.0877889215269139,1.0877889215269139,0.9780041619884945,2.0,1.0,True
6PPDQ,RTG,Plate4,2024-08-09,2024-08-09|Plate4,6PPDQ|RTG|Plate4|2024-08-09 11:42:29|unozonated,unozonated,10.0,1.0043213737826426,23.35,True,1.1293774408878137,4,27077.75,8,0.9778813631122113,1.0863680727086633,1.0863680727086633,0.9780041619884945,2.0,1.0,True
6PPDQ,RTG,Plate4,2024-08-09,2024-08-09|Plate4,6PPDQ|RTG|Plate4|2024-08-09 11:42:29|unozonated,unozonated,20.0,1.3031960574204888,23.35,True,1.0532632881240134,4,27077.75,8,0.9729860054540693,1.0883586189642147,1.0883586189642147,0.9780041619884945,2.0,1.0,True
6PPDQ,RTG,Plate4,2024-08-09,2024-08-09|Plate4,6PPDQ|RTG|Plate4|2024-08-09 11:42:29|unozonated,unozonated,50.0,1.6998377258672457,23.35,True,1.1157407834845954,4,27077.75,8,0.9664892931680538,1.1015328369690713,1.1015328369690713,0.9780041619884945,2.0,1.0,True
6PPDQ,RTG,Plate4,2024-08-09,2024-08-09|Plate4,6PPDQ|RTG|Plate4|2024-08-09 11:42:29|unozonated,unozonated,100.0,2.000434077479319,23.35,True,1.1296913517555927,4,27077.75,8,0.9615657357962397,1.101406582448429,1.101406582448429,0.9780041619884945,2.0,1.0,True
6PPDQ,RTG,Plate5,2024-08-09,2024-08-09|Plate5,6PPDQ|RTG|Plate5|2024-08-09 11:44:09|unozonated,unozonated,0.1,-0.6989700043360187,23.333333333333332,True,1.0408563108151956,4,30432.875,8,1.004346048834938,1.1171999734392426,1.1171999734392426,0.9820471015172056,1.0,1.0,True
6PPDQ,RTG,Plate5,2024-08-09,2024-08-09|Plate5,6PPDQ|RTG|Plate5|2024-08-09 11:44:09|unozonated,unozonated,0.5,-0.2218487496163564,23.333333333333332,True,1.1192912270036925,4,30432.875,8,0.9963600915300811,1.1171999734392426,1.1171999734392426,0.9820471015172056,1.0,1.0,True
6PPDQ,RTG,Plate5,2024-08-09,2024-08-09|Plate5,6PPDQ|RTG|Plate5|2024-08-09 11:44:09|unozonated,unozonated,1.0,0.04139268515822508,23.333333333333332,True,1.070758185021954,4,30432.875,8,0.9919540106058216,1.1171999734392426,1.1171999734392426,0.9820471015172056,1.0,1.0,True
6PPDQ,RTG,Plate5,2024-08-09,2024-08-09|Plate5,6PPDQ|RTG|Plate5|2024-08-09 11:44:09|unozonated,unozonated,5.0,0.7075701760979364,23.333333333333332,True,1.0854051745029019,4,30432.875,8,0.980803668952677,1.105949169353866,1.105949169353866,0.9820471015172056,1.0,1.0,True
6PPDQ,RTG,Plate5,2024-08-09,2024-08-09|Plate5,6PPDQ|RTG|Plate5|2024-08-09 11:44:09|unozonated,unozonated,10.0,1.0043213737826426,23.333333333333332,True,1.0578855924719566,4,30432.875,8,0.9758367085177083,1.1057715443004326,1.1057715443004326,0.9820471015172056,1.0,1.0,True
6PPDQ,RTG,Plate5,2024-08-09,2024-08-09|Plate5,6PPDQ|RTG|Plate5|2024-08-09 11:44:09|unozonated,unozonated,20.0,1.3031960574204888,23.333333333333332,True,1.0144046528630635,4,30432.875,8,0.9708342056121589,1.1049868510425767,1.1049868510425767,0.9820471015172056,1.0,1.0,True
6PPDQ,RTG,Plate5,2024-08-09,2024-08-09|Plate5,6PPDQ|RTG|Plate5|2024-08-09 11:44:09|unozonated,unozonated,50.0,1.6998377258672457,23.333333333333332,True,1.1222156960195184,4,30432.875,8,0.9641952990486604,1.1049868510425767,1.1049868510425767,0.9820471015172056,1.0,1.0,True
6PPDQ,RTG,Plate5,2024-08-09,2024-08-09|Plate5,6PPDQ|RTG|Plate5|2024-08-09 11:44:09|unozonated,unozonated,100.0,2.000434077479319,23.333333333333332,True,1.1487577167783196,4,30432.875,8,0.9591639792191127,1.1049868510425767,1.1049868510425767,0.9820471015172056,1.0,1.0,True
6PPDQ,RTG,Plate6,2024-08-09,2024-08-09|Plate6,6PPDQ|RTG|Plate6|2024-08-09 11:45:51|unozonated,unozonated,0.1,-0.6989700043360187,23.333333333333332,True,1.139041405727993,4,30119.625,8,0.9857015108552795,1.0738373565062196,1.0738373565062196,0.9776901457031006,0.0,1.0,True
6PPDQ,RTG,Plate6,2024-08-09,2024-08-09|Plate6,6PPDQ|RTG|Plate6|2024-08-09 11:45:51|unozonated,unozonated,0.5,-0.2218487496163564,23.333333333333332,True,1.1284005029943103,4,30119.625,8,0.9769257981858636,1.0738373565062196,1.0738373565062196,0.9776901457031006,0.0,1.0,True
6PPDQ,RTG,Plate6,2024-08-09,2024-08-09|Plate6,6PPDQ|RTG|Plate6|2024-08-09 11:45:51|unozonated,unozonated,1.0,0.04139268515822508,23.333333333333332,True,1.1292388268446238,4,30119.625,8,0.9720839866517623,1.0769551901086145,1.0769551901086145,0.9776901457031006,0.0,1.0,True
6PPDQ,RTG,Plate6,2024-08-09,2024-08-09|Plate6,6PPDQ|RTG|Plate6|2024-08-09 11:45:51|unozonated,unozonated,5.0,0.7075701760979364,23.333333333333332,True,1.046012359051615,4,30119.625,8,0.9598309541375132,1.075885605385593,1.075885605385593,0.9776901457031006,0.0,1.0,True
6PPDQ,RTG,Plate6,2024-08-09,2024-08-09|Plate6,6PPDQ|RTG|Plate6|2024-08-09 11:45:51|unozonated,unozonated,10.0,1.0043213737826426,23.333333333333332,True,1.1246238955498284,4,30119.625,8,0.9543727960290128,1.075582959003576,1.075582959003576,0.9776901457031006,0.0,1.0,True
6PPDQ,RTG,Plate6,2024-08-09,2024-08-09|Plate6,6PPDQ|RTG|Plate6|2024-08-09 11:45:51|unozonated,unozonated,20.0,1.3031960574204888,23.333333333333332,True,1.0910162394120113,4,30119.625,8,0.9488755805479934,1.0783109878342347,1.0783109878342347,0.9776901457031006,0.0,1.0,True
6PPDQ,RTG,Plate6,2024-08-09,2024-08-09|Plate6,6PPDQ|RTG|Plate6|2024-08-09 11:45:51|unozonated,unozonated,50.0,1.6998377258672457,23.333333333333332,True,1.0701494457517318,4,30119.625,8,0.9415801325238813,1.0995704663321915,1.0995704663321915,0.9776901457031006,0.0,1.0,True
6PPDQ,RTG,Plate6,2024-08-09,2024-08-09|Plate6,6PPDQ|RTG|Plate6|2024-08-09 11:45:51|unozonated,unozonated,100.0,2.000434077479319,23.333333333333332,True,1.14979851176766,4,30119.625,8,0.936051250326478,1.0995704663321915,1.0995704663321915,0.9776901457031006,0.0,1.0,True
77PD,CHSE,Plate1,2024-02-23,2024-02-23|Plate1,77PD|CHSE|Plate1|2024-02-23 11:04:55|unozonated,unozonated,0.1,-0.6989700043360187,24.0,True,0.9572978648932446,4,15713.5,4,1.0237730596102292,0.9876303677483802,0.9876303677483802,0.9776901457031006,0.0,1.0,True
77PD,CHSE,Plate1,2024-02-23,2024-02-23|Plate1,77PD|CHSE|Plate1|2024-02-23 11:04:55|unozonated,unozonated,0.5,-0.2218487496163564,24.0,True,0.9666528780984504,4,15713.5,4,1.0149973469408133,0.9835089729070565,0.9835089729070565,0.9776901457031006,0.0,1.0,True
77PD,CHSE,Plate1,2024-02-23,2024-02-23|Plate1,77PD|CHSE|Plate1|2024-02-23 11:04:55|unozonated,unozonated,1.0,0.04139268515822508,24.0,True,0.9831037006395774,4,15713.5,4,1.0101555354067122,0.9785316945640092,0.9785316945640092,0.9776901457031006,0.0,1.0,True
77PD,CHSE,Plate1,2024-02-23,2024-02-23|Plate1,77PD|CHSE|Plate1|2024-02-23 11:04:55|unozonated,unozonated,5.0,0.7075701760979364,24.0,True,1.009323193432399,4,15713.5,4,0.9979025028924631,0.9727558167644645,0.9727558167644645,0.9776901457031006,0.0,1.0,True
77PD,CHSE,Plate1,2024-02-23,2024-02-23|Plate1,77PD|CHSE|Plate1|2024-02-23 11:04:55|unozonated,unozonated,10.0,1.0043213737826426,24.0,True,0.9917109491838229,4,15713.5,4,0.9924443447839626,0.970599412496529,0.970599412496529,0.9776901457031006,0.0,1.0,True
77PD,CHSE,Plate1,2024-02-23,2024-02-23|Plate1,77PD|CHSE|Plate1|2024-02-23 11:04:55|unozonated,unozonated,20.0,1.3031960574204888,24.0,True,0.9595888885353359,4,15713.5,4,0.9869471293029433,0.9639136014285947,0.9639136014285947,0.9776901457031006,0.0,1.0,True
77PD,CHSE,Plate1,2024-02-23,2024-02-23|Plate1,77PD|CHSE|Plate1|2024-02-23 11:04:55|unozonated,unozonated,50.0,1.6998377258672457,24.0,True,0.9066407865847838,4,15713.5,4,0.9796516812788311,0.955384405116251,0.955384405116251,0.9776901457031006,0.0,1.0,True
77PD,CHSE,Plate1,2024-02-23,2024-02-23|Plate1,77PD|CHSE|Plate1|2024-02-23 11:04:55|unozonated,unozonated,100.0,2.000434077479319,24.0,True,0.9046679606707608,4,15713.5,4,0.9741227990814277,0.9542266346438707,0.9542266346438707,0.9776901457031006,0.0,1.0,True
77PD,CHSE,Plate1,2024-02-23,2024-02-23|Plate1,77PD|CHSE|Plate1|2024-02-23 11:04:55|unozonated,unozonated,200.0,2.3012470886362113,24.0,True,0.9650777993445127,4,15713.5,4,0.9685899318552846,0.9593894247037233,0.9593894247037233,0.9776901457031006,0.0,1.0,True
77PD,CHSE,Plate2,2024-02-23,2024-02-23|Plate2,77PD|CHSE|Plate2|2024-02-23 11:06:58|unozonated,unozonated,0.1,-0.6989700043360187,24.0,True,1.0279203017011151,4,15445.75,4,1.0335552103559105,0.9717919493096503,0.9717919493096503,0.9779225257819442,4.0,1.0,True
77PD,CHSE,Plate2,2024-02-23,2024-02-23|Plate2,77PD|CHSE|Plate2|2024-02-23 11:06:58|unozonated,unozonated,0.5,-0.2218487496163564,24.0,True,1.0027839373290388,4,15445.75,4,1.0245236367453654,0.9707436067263607,0.9707436067263607,0.9779225257819442,4.0,1.0,True
77PD,CHSE,Plate2,2024-02-23,2024-02-23|Plate2,77PD|CHSE|Plate2|2024-02-23 11:06:58|unozonated,unozonated,1.0,0.04139268515822508,24.0,True,0.9676933784374342,4,15445.75,4,1.0195406594162397,0.9710550463546628,0.9710550463546628,0.9779225257819442,4.0,1.0,True
77PD,CHSE,Plate2,2024-02-23,2024-02-23|Plate2,77PD|CHSE|Plate2|2024-02-23 11:06:58|unozonated,unozonated,5.0,0.7075701760979364,24.0,True,0.9836039039865335,4,15445.75,4,1.0069303827044103,0.9713252995124789,0.9713252995124789,0.9779225257819442,4.0,1.0,True
77PD,CHSE,Plate2,2024-02-23,2024-02-23|Plate2,77PD|CHSE|Plate2|2024-02-23 11:06:58|unozonated,unozonated,10.0,1.0043213737826426,24.0,True,0.9677743068481621,4,15445.75,4,1.001313088862656,0.9678576054905583,0.9678576054905583,0.9779225257819442,4.0,1.0,True
77PD,CHSE,Plate2,2024-02-23,2024-02-23|Plate2,77PD|CHSE|Plate2|2024-02-23 11:06:58|unozonated,unozonated,20.0,1.3031960574204888,24.0,True,0.9924736578023081,4,15445.75,4,0.9956555989082636,0.9582935043532643,0.9582935043532643,0.9779225257819442,4.0,1.0,True
77PD,CHSE,Plate2,2024-02-23,2024-02-23|Plate2,77PD|CHSE|Plate2|2024-02-23 11:06:58|unozonated,unozonated,50.0,1.6998377258672457,24.0,True,0.9579495977857988,4,15445.75,4,0.9881474479085955,0.9448127643142324,0.9448127643142324,0.9779225257819442,4.0,1.0,True
77PD,CHSE,Plate2,2024-02-23,2024-02-23|Plate2,77PD|CHSE|Plate2|2024-02-23 11:06:58|unozonated,unozonated,100.0,2.000434077479319,24.0,True,0.9223410970655358,4,15445.75,4,0.9824573679765228,0.9425504404208103,0.9425504404208103,0.9779225257819442,4.0,1.0,True
77PD,CHSE,Plate2,2024-02-23,2024-02-23|Plate2,77PD|CHSE|Plate2|2024-02-23 11:06:58|unozonated,unozonated,200.0,2.3012470886362113,24.0,True,0.9845426735509768,4,15445.75,4,0.9767631868299095,0.9482835126056538,0.9482835126056538,0.9779225257819442,4.0,1.0,True
77PD,CHSE,Plate3,2024-02-23,2024-02-23|Plate3,77PD|CHSE|Plate3|2024-02-23 11:09:00|unozonated,unozonated,0.1,-0.6989700043360187,24.0,True,0.9834117157756663,4,15628.5,4,1.034041858984009,0.9958022043029428,0.9958022043029428,0.9788687404954326,3.0,1.0,True
77PD,CHSE,Plate3,2024-02-23,2024-02-23|Plate3,77PD|CHSE|Plate3|2024-02-23 11:09:00|unozonated,unozonated,0.5,-0.2218487496163564,24.0,True,0.9765012637169275,4,15628.5,4,1.0256310654511647,0.9845840019949874,0.9845840019949874,0.9788687404954326,3.0,1.0,True
77PD,CHSE,Plate3,2024-02-23,2024-02-23|Plate3,77PD|CHSE|Plate3|2024-02-23 11:09:00|unozonated,unozonated,1.0,0.04139268515822508,24.0,True,0.961704578174489,4,15628.5,4,1.02099059023595,0.980553385095725,0.980553385095725,0.9788687404954326,3.0,1.0,True
77PD,CHSE,Plate3,2024-02-23,2024-02-23|Plate3,77PD|CHSE|Plate3|2024-02-23 11:09:00|unozonated,unozonated,5.0,0.7075701760979364,24.0,True,0.9712224461720574,4,15628.5,4,1.0092470737250068,0.98287433654836,0.98287433654836,0.9788687404954326,3.0,1.0,True
77PD,CHSE,Plate3,2024-02-23,2024-02-23|Plate3,77PD|CHSE|Plate3|2024-02-23 11:09:00|unozonated,unozonated,10.0,1.0043213737826426,24.0,True,0.9896183254950891,4,15628.5,4,1.0040158813820521,0.979800119348497,0.979800119348497,0.9788687404954326,3.0,1.0,True
77PD,CHSE,Plate3,2024-02-23,2024-02-23|Plate3,77PD|CHSE|Plate3|2024-02-23 11:09:00|unozonated,unozonated,20.0,1.3031960574204888,24.0,True,0.9427488242633649,4,15628.5,4,0.9987472557834104,0.972906701452902,0.972906701452902,0.9788687404954326,3.0,1.0,True
77PD,CHSE,Plate3,2024-02-23,2024-02-23|Plate3,77PD|CHSE|Plate3|2024-02-23 11:09:00|unozonated,unozonated,50.0,1.6998377258672457,24.0,True,0.9000863806507342,4,15628.5,4,0.9917551732743451,0.9471702960748511,0.9471702960748511,0.9788687404954326,3.0,1.0,True
77PD,CHSE,Plate3,2024-02-23,2024-02-23|Plate3,77PD|CHSE|Plate3|2024-02-23 11:09:00|unozonated,unozonated,100.0,2.000434077479319,24.0,True,0.9597370189077646,4,15628.5,4,0.9864561977516114,0.9422563313230243,0.9422563313230243,0.9788687404954326,3.0,1.0,True
77PD,CHSE,Plate3,2024-02-23,2024-02-23|Plate3,77PD|CHSE|Plate3|2024-02-23 11:09:00|unozonated,unozonated,200.0,2.3012470886362113,24.0,True,0.9515628499216175,4,15628.5,4,0.9811534029089871,0.9536124807749756,0.9536124807749756,0.9788687404954326,3.0,1.0,True
77PD,CSE,Plate1,2024-02-23,2024-02-23|Plate1,77PD|CSE|Plate1|2024-02-23 11:04:55|unozonated,unozonated,0.1,-0.6989700043360187,24.0,True,1.0836455757649308,4,16480.25,4,0.9679941810302606,0.9617035898120541,0.9617035898120541,0.9776901457031006,0.0,1.0,True
77PD,CSE,Plate1,2024-02-23,2024-02-23|Plate1,77PD|CSE|Plate1|2024-02-23 11:04:55|unozonated,unozonated,0.5,-0.2218487496163564,24.0,True,1.0211161845238999,4,16480.25,4,0.9592184683608447,0.9617035898120541,0.9617035898120541,0.9776901457031006,0.0,1.0,True
77PD,CSE,Plate1,2024-02-23,2024-02-23|Plate1,77PD|CSE|Plate1|2024-02-23 11:04:55|unozonated,unozonated,1.0,0.04139268515822508,24.0,True,0.9983768450114532,4,16480.25,4,0.9543766568267434,0.9565216753570632,0.9565216753570632,0.9776901457031006,0.0,1.0,True
77PD,CSE,Plate1,2024-02-23,2024-02-23|Plate1,77PD|CSE|Plate1|2024-02-23 11:04:55|unozonated,unozonated,5.0,0.7075701760979364,24.0,True,0.9970419138059192,4,16480.25,4,0.9421236243124944,0.9455358902889884,0.9455358902889884,0.9776901457031006,0.0,1.0,True
77PD,CSE,Plate1,2024-02-23,2024-02-23|Plate1,77PD|CSE|Plate1|2024-02-23 11:04:55|unozonated,unozonated,10.0,1.0043213737826426,24.0,True,1.006234735516755,4,16480.25,4,0.9366654662039939,0.9419109347005094,0.9419109347005094,0.9776901457031006,0.0,1.0,True
77PD,CSE,Plate1,2024-02-23,2024-02-23|Plate1,77PD|CSE|Plate1|2024-02-23 11:04:55|unozonated,unozonated,20.0,1.3031960574204888,24.0,True,0.9888654601720241,4,16480.25,4,0.9311682507229746,0.9367533621829066,0.9367533621829066,0.9776901457031006,0.0,1.0,True
77PD,CSE,Plate1,2024-02-23,2024-02-23|Plate1,77PD|CSE|Plate1|2024-02-23 11:04:55|unozonated,unozonated,50.0,1.6998377258672457,24.0,True,0.9712534700626507,4,16480.25,4,0.9238728026988624,0.9307130428627285,0.9307130428627285,0.9776901457031006,0.0,1.0,True
77PD,CSE,Plate1,2024-02-23,2024-02-23|Plate1,77PD|CSE|Plate1|2024-02-23 11:04:55|unozonated,unozonated,100.0,2.000434077479319,24.0,True,0.9493939715720332,4,16480.25,4,0.9183439205014591,0.92511332362074,0.92511332362074,0.9776901457031006,0.0,1.0,True
77PD,CSE,Plate1,2024-02-23,2024-02-23|Plate1,77PD|CSE|Plate1|2024-02-23 11:04:55|unozonated,unozonated,200.0,2.3012470886362113,24.0,True,1.001805191062029,4,16480.25,4,0.912811053275316,0.92511332362074,0.92511332362074,0.9776901457031006,0.0,1.0,True
77PD,CSE,Plate2,2024-02-23,2024-02-23|Plate2,77PD|CSE|Plate2|2024-02-23 11:06:58|unozonated,unozonated,0.1,-0.6989700043360187,24.0,True,0.9753702606635071,4,16880.0,4,0.9779514685394515,0.9959877743536479,0.9959877743536479,0.9779225257819442,4.0,1.0,True
77PD,CSE,Plate2,2024-02-23,2024-02-23|Plate2,77PD|CSE|Plate2|2024-02-23 11:06:58|unozonated,unozonated,0.5,-0.2218487496163564,24.0,True,0.976303317535545,4,16880.0,4,0.9689198949289065,0.994494239344178,0.994494239344178,0.9779225257819442,4.0,1.0,True
77PD,CSE,Plate2,2024-02-23,2024-02-23|Plate2,77PD|CSE|Plate2|2024-02-23 11:06:58|unozonated,unozonated,1.0,0.04139268515822508,24.0,True,0.9672245260663507,4,16880.0,4,0.9639369175997807,0.9830340990066534,0.9830340990066534,0.9779225257819442,4.0,1.0,True
77PD,CSE,Plate2,2024-02-23,2024-02-23|Plate2,77PD|CSE|Plate2|2024-02-23 11:06:58|unozonated,unozonated,5.0,0.7075701760979364,24.0,True,0.9535545023696682,4,16880.0,4,0.9513266408879513,0.9700960996700073,0.9700960996700073,0.9779225257819442,4.0,1.0,True
77PD,CSE,Plate2,2024-02-23,2024-02-23|Plate2,77PD|CSE|Plate2|2024-02-23 11:06:58|unozonated,unozonated,10.0,1.0043213737826426,24.0,True,0.943172393364929,4,16880.0,4,0.9457093470461969,0.9659252683332039,0.9659252683332039,0.9779225257819442,4.0,1.0,True
77PD,CSE,Plate2,2024-02-23,2024-02-23|Plate2,77PD|CSE|Plate2|2024-02-23 11:06:58|unozonated,unozonated,20.0,1.3031960574204888,24.0,True,0.963077606635071,4,16880.0,4,0.9400518570918046,0.9591318846933109,0.9591318846933109,0.9779225257819442,4.0,1.0,True
77PD,CSE,Plate2,2024-02-23,2024-02-23|Plate2,77PD|CSE|Plate2|2024-02-23 11:06:58|unozonated,unozonated,50.0,1.6998377258672457,24.0,True,0.9359893364928911,4,16880.0,4,0.9325437060921365,0.950426626800788,0.950426626800788,0.9779225257819442,4.0,1.0,True
77PD,CSE,Plate2,2024-02-23,2024-02-23|Plate2,77PD|CSE|Plate2|2024-02-23 11:06:58|unozonated,unozonated,100.0,2.000434077479319,24.0,True,0.9164691943127962,4,16880.0,4,0.9268536261600638,0.9481903389323522,0.9481903389323522,0.9779225257819442,4.0,1.0,True
77PD,CSE,Plate2,2024-02-23,2024-02-23|Plate2,77PD|CSE|Plate2|2024-02-23 11:06:58|unozonated,unozonated,200.0,2.3012470886362113,24.0,True,0.9244964454976303,4,16880.0,4,0.9211594450134505,0.9481903389323522,0.9481903389323522,0.9779225257819442,4.0,1.0,True
77PD,CSE,Plate3,2024-02-23,2024-02-23|Plate3,77PD|CSE|Plate3|2024-02-23 11:09:00|unozonated,unozonated,0.1,-0.6989700043360187,24.0,True,1.000328952286966,4,16719.75,4,0.9883268577899657,1.0144943455676718,1.0144943455676718,0.9788687404954326,3.0,1.0,True
77PD,CSE,Plate3,2024-02-23,2024-02-23|Plate3,77PD|CSE|Plate3|2024-02-23 11:09:00|unozonated,unozonated,0.5,-0.2218487496163564,24.0,True,0.9758519116613585,4,16719.75,4,0.9799160642571212,0.9965387229080394,0.9965387229080394,0.9788687404954326,3.0,1.0,True
77PD,CSE,Plate3,2024-02-23,2024-02-23|Plate3,77PD|CSE|Plate3|2024-02-23 11:09:00|unozonated,unozonated,1.0,0.04139268515822508,24.0,True,0.9314284005442666,4,16719.75,4,0.9752755890419065,0.9862218726462908,0.9862218726462908,0.9788687404954326,3.0,1.0,True
77PD,CSE,Plate3,2024-02-23,2024-02-23|Plate3,77PD|CSE|Plate3|2024-02-23 11:09:00|unozonated,unozonated,5.0,0.7075701760979364,24.0,True,0.9440482064624172,4,16719.75,4,0.9635320725309633,0.9778391716789336,0.9778391716789336,0.9788687404954326,3.0,1.0,True
77PD,CSE,Plate3,2024-02-23,2024-02-23|Plate3,77PD|CSE|Plate3|2024-02-23 11:09:00|unozonated,unozonated,10.0,1.0043213737826426,24.0,True,0.933701161799668,4,16719.75,4,0.9583008801880087,0.9781492983558274,0.9781492983558274,0.9788687404954326,3.0,1.0,True
77PD,CSE,Plate3,2024-02-23,2024-02-23|Plate3,77PD|CSE|Plate3|2024-02-23 11:09:00|unozonated,unozonated,20.0,1.3031960574204888,24.0,True,0.9281837348046472,4,16719.75,4,0.9530322545893669,0.9774940565916775,0.9774940565916775,0.9788687404954326,3.0,1.0,True
77PD,CSE,Plate3,2024-02-23,2024-02-23|Plate3,77PD|CSE|Plate3|2024-02-23 11:09:00|unozonated,unozonated,50.0,1.6998377258672457,24.0,True,0.8843882235081266,4,16719.75,4,0.9460401720803017,0.9535356877671012,0.9535356877671012,0.9788687404954326,3.0,1.0,True
77PD,CSE,Plate3,2024-02-23,2024-02-23|Plate3,77PD|CSE|Plate3|2024-02-23 11:09:00|unozonated,unozonated,100.0,2.000434077479319,24.0,True,0.884791937678494,4,16719.75,4,0.940741196557568,0.9489660197321279,0.9489660197321279,0.9788687404954326,3.0,1.0,True
77PD,CSE,Plate3,2024-02-23,2024-02-23|Plate3,77PD|CSE|Plate3|2024-02-23 11:09:00|unozonated,unozonated,200.0,2.3012470886362113,24.0,True,0.9317573528312325,4,16719.75,4,0.9354384017149437,0.9573208257784518,0.9573208257784518,0.9788687404954326,3.0,1.0,True
77PD,RTG,Plate1,2024-10-10,2024-10-10|Plate1,77PD|RTG|Plate1|2024-10-10 10:43:17|unozonated,unozonated,0.1,-0.6989700043360187,24.0,True,1.0260377502772007,4,19615.75,4,1.0131795313400276,1.0262514199229233,1.0262514199229233,0.9820471015172056,1.0,1.0,True
77PD,RTG,Plate1,2024-10-10,2024-10-10|Plate1,77PD|RTG|Plate1|2024-10-10 10:43:17|unozonated,unozonated,0.5,-0.2218487496163564,24.0,True,0.9890011852720391,4,19615.75,4,1.0051935740351705,1.0218846863823408,1.0218846863823408,0.9820471015172056,1.0,1.0,True
77PD,RTG,Plate1,2024-10-10,2024-10-10|Plate1,77PD|RTG|Plate1|2024-10-10 10:43:17|unozonated,unozonated,1.0,0.04139268515822508,24.0,True,0.97128582898946,4,19615.75,4,1.000787493110911,1.0179033130410273,1.0179033130410273,0.9820471015172056,1.0,1.0,True
77PD,RTG,Plate1,2024-10-10,2024-10-10|Plate1,77PD|RTG|Plate1|2024-10-10 10:43:17|unozonated,unozonated,5.0,0.7075701760979364,24.0,True,0.9298522870652409,4,19615.75,4,0.9896371514577665,1.0225542092998294,1.0225542092998294,0.9820471015172056,1.0,1.0,True
77PD,RTG,Plate1,2024-10-10,2024-10-10|Plate1,77PD|RTG|Plate1|2024-10-10 10:43:17|unozonated,unozonated,10.0,1.0043213737826426,24.0,True,1.1185399487656602,4,19615.75,4,0.9846701910227977,1.021539384238827,1.021539384238827,0.9820471015172056,1.0,1.0,True
77PD,RTG,Plate1,2024-10-10,2024-10-10|Plate1,77PD|RTG|Plate1|2024-10-10 10:43:17|unozonated,unozonated,20.0,1.3031960574204888,24.0,True,1.0415227559486637,4,19615.75,4,0.9796676881172484,1.0151881159593976,1.0151881159593976,0.9820471015172056,1.0,1.0,True
77PD,RTG,Plate1,2024-10-10,2024-10-10|Plate1,77PD|RTG|Plate1|2024-10-10 10:43:17|unozonated,unozonated,50.0,1.6998377258672457,24.0,True,0.9725475701923199,4,19615.75,4,0.9730287815537498,1.004301070500688,1.004301070500688,0.9820471015172056,1.0,1.0,True
77PD,RTG,Plate1,2024-10-10,2024-10-10|Plate1,77PD|RTG|Plate1|2024-10-10 10:43:17|unozonated,unozonated,100.0,2.000434077479319,24.0,True,0.991741330308553,4,19615.75,4,0.9679974617242021,1.0080327279712604,1.0080327279712604,0.9820471015172056,1.0,1.0,True
77PD,RTG,Plate1,2024-10-10,2024-10-10|Plate1,77PD|RTG|Plate1|2024-10-10 10:43:17|unozonated,unozonated,200.0,2.3012470886362113,24.0,True,0.9817238698494832,4,19615.75,4,0.9629625154918111,1.0042945279627222,1.0042945279627222,0.9820471015172056,1.0,1.0,True
77PD,RTG,Plate2,2024-10-10,2024-10-10|Plate2,77PD|RTG|Plate2|2024-10-10 10:45:51|unozonated,unozonated,0.1,-0.6989700043360187,23.933333333333334,True,1.1012729681469962,4,21701.25,4,1.0123805878392143,0.987360270934112,0.987360270934112,0.9776901457031006,0.0,1.0,True
77PD,RTG,Plate2,2024-10-10,2024-10-10|Plate2,77PD|RTG|Plate2|2024-10-10 10:45:51|unozonated,unozonated,0.5,-0.2218487496163564,23.933333333333334,True,1.0401013766488105,4,21701.25,4,1.0036048751697983,0.9835807243803991,0.9835807243803991,0.9776901457031006,0.0,1.0,True
77PD,RTG,Plate2,2024-10-10,2024-10-10|Plate2,77PD|RTG|Plate2|2024-10-10 10:45:51|unozonated,unozonated,1.0,0.04139268515822508,23.933333333333334,True,1.0322677265134497,4,21701.25,4,0.9987630636356971,0.9829796058509307,0.9829796058509307,0.9776901457031006,0.0,1.0,True
77PD,RTG,Plate2,2024-10-10,2024-10-10|Plate2,77PD|RTG|Plate2|2024-10-10 10:45:51|unozonated,unozonated,5.0,0.7075701760979364,23.933333333333334,True,1.0131328840504579,4,21701.25,4,0.9865100311214481,0.9840734566839584,0.9840734566839584,0.9776901457031006,0.0,1.0,True
77PD,RTG,Plate2,2024-10-10,2024-10-10|Plate2,77PD|RTG|Plate2|2024-10-10 10:45:51|unozonated,unozonated,10.0,1.0043213737826426,23.933333333333334,True,1.0521513737687922,4,21701.25,4,0.9810518730129476,0.9896270672195571,0.9896270672195571,0.9776901457031006,0.0,1.0,True
77PD,RTG,Plate2,2024-10-10,2024-10-10|Plate2,77PD|RTG|Plate2|2024-10-10 10:45:51|unozonated,unozonated,20.0,1.3031960574204888,23.933333333333334,True,1.0113127124013594,4,21701.25,4,0.9755546575319283,0.9879489382594365,0.9879489382594365,0.9776901457031006,0.0,1.0,True
77PD,RTG,Plate2,2024-10-10,2024-10-10|Plate2,77PD|RTG|Plate2|2024-10-10 10:45:51|unozonated,unozonated,50.0,1.6998377258672457,23.933333333333334,True,1.0198260468867,4,21701.25,4,0.9682592095078161,0.9827449475121337,0.9827449475121337,0.9776901457031006,0.0,1.0,True
77PD,RTG,Plate2,2024-10-10,2024-10-10|Plate2,77PD|RTG|Plate2|2024-10-10 10:45:51|unozonated,unozonated,100.0,2.000434077479319,23.933333333333334,True,1.2088934969183802,4,21701.25,4,0.9627303273104127,0.982502293596353,0.982502293596353,0.9776901457031006,0.0,1.0,True
77PD,RTG,Plate2,2024-10-10,2024-10-10|Plate2,77PD|RTG|Plate2|2024-10-10 10:45:51|unozonated,unozonated,200.0,2.3012470886362113,23.933333333333334,True,0.9121709578941305,4,21701.25,4,0.9571974600842696,0.9816473558275162,0.9816473558275162,0.9776901457031006,0.0,1.0,True
77PD,RTG,Plate3,2024-10-10,2024-10-10|Plate3,77PD|RTG|Plate3|2024-10-10 10:48:07|unozonated,unozonated,0.1,-0.6989700043360187,23.9,True,1.0315215260991701,4,22960.5,4,1.036361471626123,1.0459386422477759,1.0459386422477759,0.9779225257819442,4.0,1.0,True
77PD,RTG,Plate3,2024-10-10,2024-10-10|Plate3,77PD|RTG|Plate3|2024-10-10 10:48:07|unozonated,unozonated,0.5,-0.2218487496163564,23.9,True,0.9462555257942988,4,22960.5,4,1.0273298980155778,1.044505882571178,1.044505882571178,0.9779225257819442,4.0,1.0,True
77PD,RTG,Plate3,2024-10-10,2024-10-10|Plate3,77PD|RTG|Plate3|2024-10-10 10:48:07|unozonated,unozonated,1.0,0.04139268515822508,23.9,True,0.956708259837547,4,22960.5,4,1.022346920686452,1.043888043646805,1.043888043646805,0.9779225257819442,4.0,1.0,True
77PD,RTG,Plate3,2024-10-10,2024-10-10|Plate3,77PD|RTG|Plate3|2024-10-10 10:48:07|unozonated,unozonated,5.0,0.7075701760979364,23.9,True,0.971919165523399,4,22960.5,4,1.0097366439746225,1.0351958131627104,1.0351958131627104,0.9779225257819442,4.0,1.0,True
77PD,RTG,Plate3,2024-10-10,2024-10-10|Plate3,77PD|RTG|Plate3|2024-10-10 10:48:07|unozonated,unozonated,10.0,1.0043213737826426,23.9,True,0.9954922584438491,4,22960.5,4,1.0041193501328682,1.0392451167837118,1.0392451167837118,0.9779225257819442,4.0,1.0,True
77PD,RTG,Plate3,2024-10-10,2024-10-10|Plate3,77PD|RTG|Plate3|2024-10-10 10:48:07|unozonated,unozonated,20.0,1.3031960574204888,23.9,True,0.9650051174843753,4,22960.5,4,0.9984618601784758,1.0377796470512124,1.0377796470512124,0.9779225257819442,4.0,1.0,True
77PD,RTG,Plate3,2024-10-10,2024-10-10|Plate3,77PD|RTG|Plate3|2024-10-10 10:48:07|unozonated,unozonated,50.0,1.6998377258672457,23.9,True,0.9865203283900612,4,22960.5,4,0.9909537091788079,1.0389622929378943,1.0389622929378943,0.9779225257819442,4.0,1.0,True
77PD,RTG,Plate3,2024-10-10,2024-10-10|Plate3,77PD|RTG|Plate3|2024-10-10 10:48:07|unozonated,unozonated,100.0,2.000434077479319,23.9,True,0.9796933864680647,4,22960.5,4,0.9852636292467352,1.0412098427560452,1.0412098427560452,0.9779225257819442,4.0,1.0,True
77PD,RTG,Plate3,2024-10-10,2024-10-10|Plate3,77PD|RTG|Plate3|2024-10-10 10:48:07|unozonated,unozonated,200.0,2.3012470886362113,23.9,True,0.9597351974042377,4,22960.5,4,0.9795694481001218,1.032925658337387,1.032925658337387,0.9779225257819442,4.0,1.0,True
77PDQ,CHSE,Plate1,2024-09-12,2024-09-12|Plate1,77PDQ|CHSE|Plate1|2024-09-12 11:36:03|unozonated,unozonated,0.1,-0.6989700043360187,24.0,True,0.9826074483154327,4,13942.75,4,1.0668229752589735,1.0092400451652046,1.0092400451652046,0.9788687404954326,3.0,1.0,True
77PDQ,CHSE,Plate1,2024-09-12,2024-09-12|Plate1,77PDQ|CHSE|Plate1|2024-09-12 11:36:03|unozonated,unozonated,1.0,0.04139268515822508,24.0,True,1.0083914579261624,4,13942.75,4,1.0537717065109145,1.0146528304862312,1.0146528304862312,0.9788687404954326,3.0,1.0,True
77PDQ,CHSE,Plate1,2024-09-12,2024-09-12|Plate1,77PDQ|CHSE|Plate1|2024-09-12 11:36:03|unozonated,unozonated,5.0,0.7075701760979364,24.0,True,1.0297645729859604,4,13942.75,4,1.0420281899999713,1.0098872459515869,1.0098872459515869,0.9788687404954326,3.0,1.0,True
77PDQ,CHSE,Plate1,2024-09-12,2024-09-12|Plate1,77PDQ|CHSE|Plate1|2024-09-12 11:36:03|unozonated,unozonated,10.0,1.0043213737826426,24.0,True,1.0187911280055943,4,13942.75,4,1.0367969976570166,1.0135896540384903,1.0135896540384903,0.9788687404954326,3.0,1.0,True
77PDQ,CHSE,Plate1,2024-09-12,2024-09-12|Plate1,77PDQ|CHSE|Plate1|2024-09-12 11:36:03|unozonated,unozonated,20.0,1.3031960574204888,24.0,True,1.0022054472754658,4,13942.75,4,1.0315283720583748,1.0064898567052913,1.0064898567052913,0.9788687404954326,3.0,1.0,True
77PDQ,CHSE,Plate1,2024-09-12,2024-09-12|Plate1,77PDQ|CHSE|Plate1|2024-09-12 11:36:03|unozonated,unozonated,50.0,1.6998377258672457,24.0,True,1.0896881892022736,4,13942.75,4,1.0245362895493095,1.0082160953058463,1.0082160953058463,0.9788687404954326,3.0,1.0,True
77PDQ,CHSE,Plate1,2024-09-12,2024-09-12|Plate1,77PDQ|CHSE|Plate1|2024-09-12 11:36:03|unozonated,unozonated,100.0,2.000434077479319,24.0,True,1.0161374190887738,4,13942.75,4,1.0192373140265758,1.0264592443139238,1.0264592443139238,0.9788687404954326,3.0,1.0,True
77PDQ,CHSE,Plate1,2024-09-12,2024-09-12|Plate1,77PDQ|CHSE|Plate1|2024-09-12 11:36:03|unozonated,unozonated,200.0,2.3012470886362113,24.0,True,1.041509027989457,4,13942.75,4,1.0139345191839515,1.0609067408099302,1.0609067408099302,0.9788687404954326,3.0,1.0,True
77PDQ,CHSE,Plate1,2024-09-12,2024-09-12|Plate1,77PDQ|CHSE|Plate1|2024-09-12 11:36:03|unozonated,unozonated,400.0,2.6021685513789974,24.0,True,1.0677412992415414,4,13942.75,4,1.0086298125340283,1.0703094021527801,1.0703094021527801,0.9788687404954326,3.0,1.0,True
77PDQ,CHSE,Plate2,2024-09-12,2024-09-12|Plate2,77PDQ|CHSE|Plate2|2024-09-12 11:38:29|unozonated,unozonated,0.1,-0.6989700043360187,24.0,True,1.002221739638842,4,14965.75,4,1.0523668497766094,1.0052651677160023,1.0052651677160023,0.9780041619884945,2.0,1.0,True
77PDQ,CHSE,Plate2,2024-09-12,2024-09-12|Plate2,77PDQ|CHSE|Plate2|2024-09-12 11:38:29|unozonated,unozonated,1.0,0.04139268515822508,24.0,True,1.0375524113392245,4,14965.75,4,1.0402402282852758,1.00929044204015,1.00929044204015,0.9780041619884945,2.0,1.0,True
77PDQ,CHSE,Plate2,2024-09-12,2024-09-12|Plate2,77PDQ|CHSE|Plate2|2024-09-12 11:38:29|unozonated,unozonated,5.0,0.7075701760979364,24.0,True,1.01593638808613,4,14965.75,4,1.0293287083055336,1.016953670514657,1.016953670514657,0.9780041619884945,2.0,1.0,True
77PDQ,CHSE,Plate2,2024-09-12,2024-09-12|Plate2,77PDQ|CHSE|Plate2|2024-09-12 11:38:29|unozonated,unozonated,10.0,1.0043213737826426,24.0,True,1.023353323421813,4,14965.75,4,1.0244681318576838,1.0178265613227397,1.0178265613227397,0.9780041619884945,2.0,1.0,True
77PDQ,CHSE,Plate2,2024-09-12,2024-09-12|Plate2,77PDQ|CHSE|Plate2|2024-09-12 11:38:29|unozonated,unozonated,20.0,1.3031960574204888,24.0,True,0.9894926749411155,4,14965.75,4,1.019572774199542,1.0191856875600265,1.0191856875600265,0.9780041619884945,2.0,1.0,True
77PDQ,CHSE,Plate2,2024-09-12,2024-09-12|Plate2,77PDQ|CHSE|Plate2|2024-09-12 11:38:29|unozonated,unozonated,50.0,1.6998377258672457,24.0,True,1.0070160199121325,4,14965.75,4,1.0130760619135262,1.0278133733446662,1.0278133733446662,0.9780041619884945,2.0,1.0,True
77PDQ,CHSE,Plate2,2024-09-12,2024-09-12|Plate2,77PDQ|CHSE|Plate2|2024-09-12 11:38:29|unozonated,unozonated,100.0,2.000434077479319,24.0,True,1.0261597313866662,4,14965.75,4,1.0081525045417123,1.0324646692407948,1.0324646692407948,0.9780041619884945,2.0,1.0,True
77PDQ,CHSE,Plate2,2024-09-12,2024-09-12|Plate2,77PDQ|CHSE|Plate2|2024-09-12 11:38:29|unozonated,unozonated,200.0,2.3012470886362113,24.0,True,1.0722315954763375,4,14965.75,4,1.0032253984385402,1.0427223959471663,1.0427223959471663,0.9780041619884945,2.0,1.0,True
77PDQ,CHSE,Plate2,2024-09-12,2024-09-12|Plate2,77PDQ|CHSE|Plate2|2024-09-12 11:38:29|unozonated,unozonated,400.0,2.6021685513789974,24.0,True,1.0853448707883,4,14965.75,4,0.9982965159744698,1.0451596526624112,1.0451596526624112,0.9780041619884945,2.0,1.0,True
77PDQ,CHSE,Plate3,2024-09-12,2024-09-12|Plate3,77PDQ|CHSE|Plate3|2024-09-12 11:40:31|unozonated,unozonated,0.1,-0.6989700043360187,24.0,True,0.9924888815681107,4,15177.5,4,1.069591678093817,1.01014008470419,1.01014008470419,0.9820471015172056,1.0,1.0,True
77PDQ,CHSE,Plate3,2024-09-12,2024-09-12|Plate3,77PDQ|CHSE|Plate3|2024-09-12 11:40:31|unozonated,unozonated,1.0,0.04139268515822508,24.0,True,1.0042167682424643,4,15177.5,4,1.0571996398647006,1.0172236856825034,1.0172236856825034,0.9820471015172056,1.0,1.0,True
77PDQ,CHSE,Plate3,2024-09-12,2024-09-12|Plate3,77PDQ|CHSE|Plate3|2024-09-12 11:40:31|unozonated,unozonated,5.0,0.7075701760979364,24.0,True,1.0185801350683579,4,15177.5,4,1.0460492982115561,1.0193404827032548,1.0193404827032548,0.9820471015172056,1.0,1.0,True
77PDQ,CHSE,Plate3,2024-09-12,2024-09-12|Plate3,77PDQ|CHSE|Plate3|2024-09-12 11:40:31|unozonated,unozonated,10.0,1.0043213737826426,24.0,True,1.0139845165541097,4,15177.5,4,1.0410823377765872,1.021488821806232,1.021488821806232,0.9820471015172056,1.0,1.0,True
77PDQ,CHSE,Plate3,2024-09-12,2024-09-12|Plate3,77PDQ|CHSE|Plate3|2024-09-12 11:40:31|unozonated,unozonated,20.0,1.3031960574204888,24.0,True,1.0138362707955855,4,15177.5,4,1.0360798348710378,1.0158419438229362,1.0158419438229362,0.9820471015172056,1.0,1.0,True
77PDQ,CHSE,Plate3,2024-09-12,2024-09-12|Plate3,77PDQ|CHSE|Plate3|2024-09-12 11:40:31|unozonated,unozonated,50.0,1.6998377258672457,24.0,True,0.9936583758853565,4,15177.5,4,1.0294409283075394,1.0312834986133914,1.0312834986133914,0.9820471015172056,1.0,1.0,True
77PDQ,CHSE,Plate3,2024-09-12,2024-09-12|Plate3,77PDQ|CHSE|Plate3|2024-09-12 11:40:31|unozonated,unozonated,100.0,2.000434077479319,24.0,True,1.0261736122549827,4,15177.5,4,1.0244096084779917,1.0352737553282014,1.0352737553282014,0.9820471015172056,1.0,1.0,True
77PDQ,CHSE,Plate3,2024-09-12,2024-09-12|Plate3,77PDQ|CHSE|Plate3|2024-09-12 11:40:31|unozonated,unozonated,200.0,2.3012470886362113,24.0,True,1.0496293856036898,4,15177.5,4,1.0193746622456006,1.0526284683662002,1.0526284683662002,0.9820471015172056,1.0,1.0,True
77PDQ,CHSE,Plate3,2024-09-12,2024-09-12|Plate3,77PDQ|CHSE|Plate3|2024-09-12 11:40:31|unozonated,unozonated,400.0,2.6021685513789974,24.0,True,1.0701696590347554,4,15177.5,4,1.0143379007728992,1.0558610692395973,1.0558610692395973,0.9820471015172056,1.0,1.0,True
77PDQ,CSE,Plate1,2024-09-12,2024-09-12|Plate1,77PDQ|CSE|Plate1|2024-09-12 11:36:03|unozonated,unozonated,0.1,-0.6989700043360187,24.0,True,0.9908321464237185,4,15270.75,4,1.02110797406493,1.0138122650928774,1.0138122650928774,0.9788687404954326,3.0,1.0,True
77PDQ,CSE,Plate1,2024-09-12,2024-09-12|Plate1,77PDQ|CSE|Plate1|2024-09-12 11:36:03|unozonated,unozonated,1.0,0.04139268515822508,24.0,True,0.9875087995023165,4,15270.75,4,1.008056705316871,1.011425426594533,1.011425426594533,0.9788687404954326,3.0,1.0,True
77PDQ,CSE,Plate1,2024-09-12,2024-09-12|Plate1,77PDQ|CSE|Plate1|2024-09-12 11:36:03|unozonated,unozonated,5.0,0.7075701760979364,24.0,True,0.9879671921811306,4,15270.75,4,0.9963131888059278,0.9922625218715704,0.9922625218715704,0.9788687404954326,3.0,1.0,True
77PDQ,CSE,Plate1,2024-09-12,2024-09-12|Plate1,77PDQ|CSE|Plate1|2024-09-12 11:36:03|unozonated,unozonated,10.0,1.0043213737826426,24.0,True,1.02702879688293,4,15270.75,4,0.9910819964629731,0.9938850205878658,0.9938850205878658,0.9788687404954326,3.0,1.0,True
77PDQ,CSE,Plate1,2024-09-12,2024-09-12|Plate1,77PDQ|CSE|Plate1|2024-09-12 11:36:03|unozonated,unozonated,20.0,1.3031960574204888,24.0,True,1.0067449208454071,4,15270.75,4,0.9858133708643313,1.002682035599161,1.002682035599161,0.9788687404954326,3.0,1.0,True
77PDQ,CSE,Plate1,2024-09-12,2024-09-12|Plate1,77PDQ|CSE|Plate1|2024-09-12 11:36:03|unozonated,unozonated,50.0,1.6998377258672457,24.0,True,0.9845456182571255,4,15270.75,4,0.978821288355266,1.0205903065161375,1.0205903065161375,0.9788687404954326,3.0,1.0,True
77PDQ,CSE,Plate1,2024-09-12,2024-09-12|Plate1,77PDQ|CSE|Plate1|2024-09-12 11:36:03|unozonated,unozonated,100.0,2.000434077479319,24.0,True,1.0200546796981156,4,15270.75,4,0.9735223128325324,1.0342166574044054,1.0342166574044054,0.9788687404954326,3.0,1.0,True
77PDQ,CSE,Plate1,2024-09-12,2024-09-12|Plate1,77PDQ|CSE|Plate1|2024-09-12 11:36:03|unozonated,unozonated,200.0,2.3012470886362113,24.0,True,1.0150614737324624,4,15270.75,4,0.9682195179899081,1.0606874274860925,1.0606874274860925,0.9788687404954326,3.0,1.0,True
77PDQ,CSE,Plate1,2024-09-12,2024-09-12|Plate1,77PDQ|CSE|Plate1|2024-09-12 11:36:03|unozonated,unozonated,400.0,2.6021685513789974,24.0,True,1.091236514251101,4,15270.75,4,0.9629148113399849,1.0703094021527801,1.0703094021527801,0.9788687404954326,3.0,1.0,True
77PDQ,CSE,Plate2,2024-09-12,2024-09-12|Plate2,77PDQ|CSE|Plate2|2024-09-12 11:38:29|unozonated,unozonated,0.1,-0.6989700043360187,24.0,True,1.0340112831937907,4,13914.5,4,1.007795917726084,1.001336625249711,1.001336625249711,0.9780041619884945,2.0,1.0,True
77PDQ,CSE,Plate2,2024-09-12,2024-09-12|Plate2,77PDQ|CSE|Plate2|2024-09-12 11:38:29|unozonated,unozonated,1.0,0.04139268515822508,24.0,True,1.012702576449028,4,13914.5,4,0.9956692962347505,1.0009449593164172,1.0009449593164172,0.9780041619884945,2.0,1.0,True
77PDQ,CSE,Plate2,2024-09-12,2024-09-12|Plate2,77PDQ|CSE|Plate2|2024-09-12 11:38:29|unozonated,unozonated,5.0,0.7075701760979364,24.0,True,1.0006827410255488,4,13914.5,4,0.9847577762550083,0.9928549650727901,0.9928549650727901,0.9780041619884945,2.0,1.0,True
77PDQ,CSE,Plate2,2024-09-12,2024-09-12|Plate2,77PDQ|CSE|Plate2|2024-09-12 11:38:29|unozonated,unozonated,10.0,1.0043213737826426,24.0,True,1.03485572604118,4,13914.5,4,0.9798971998071586,0.9942685326220772,0.9942685326220772,0.9780041619884945,2.0,1.0,True
77PDQ,CSE,Plate2,2024-09-12,2024-09-12|Plate2,77PDQ|CSE|Plate2|2024-09-12 11:38:29|unozonated,unozonated,20.0,1.3031960574204888,24.0,True,1.0338495813719502,4,13914.5,4,0.9750018421490166,0.9990350035143244,0.9990350035143244,0.9780041619884945,2.0,1.0,True
77PDQ,CSE,Plate2,2024-09-12,2024-09-12|Plate2,77PDQ|CSE|Plate2|2024-09-12 11:38:29|unozonated,unozonated,50.0,1.6998377258672457,24.0,True,1.015271838729383,4,13914.5,4,0.9685051298630011,1.0104477249814567,1.0104477249814567,0.9780041619884945,2.0,1.0,True
77PDQ,CSE,Plate2,2024-09-12,2024-09-12|Plate2,77PDQ|CSE|Plate2|2024-09-12 11:38:29|unozonated,unozonated,100.0,2.000434077479319,24.0,True,1.0517625498580618,4,13914.5,4,0.963581572491187,1.0176995033792064,1.0176995033792064,0.9780041619884945,2.0,1.0,True
77PDQ,CSE,Plate2,2024-09-12,2024-09-12|Plate2,77PDQ|CSE|Plate2|2024-09-12 11:38:29|unozonated,unozonated,200.0,2.3012470886362113,24.0,True,1.0533256674691869,4,13914.5,4,0.958654466388015,1.0276032704930955,1.0276032704930955,0.9780041619884945,2.0,1.0,True
77PDQ,CSE,Plate2,2024-09-12,2024-09-12|Plate2,77PDQ|CSE|Plate2|2024-09-12 11:38:29|unozonated,unozonated,400.0,2.6021685513789974,24.0,True,1.1467174530166373,4,13914.5,4,0.9537255839239446,1.0260780474496427,1.0260780474496427,0.9780041619884945,2.0,1.0,True
77PDQ,CSE,Plate3,2024-09-12,2024-09-12|Plate3,77PDQ|CSE|Plate3|2024-09-12 11:40:31|unozonated,unozonated,0.1,-0.6989700043360187,24.0,True,1.025287848974264,4,12832.25,4,1.0213651349701902,1.0139664628281593,1.0139664628281593,0.9820471015172056,1.0,1.0,True
77PDQ,CSE,Plate3,2024-09-12,2024-09-12|Plate3,77PDQ|CSE|Plate3|2024-09-12 11:40:31|unozonated,unozonated,1.0,0.04139268515822508,24.0,True,1.0068966860838902,4,12832.25,4,1.0089730967410737,1.0127075750301175,1.0127075750301175,0.9820471015172056,1.0,1.0,True
77PDQ,CSE,Plate3,2024-09-12,2024-09-12|Plate3,77PDQ|CSE|Plate3|2024-09-12 11:40:31|unozonated,unozonated,5.0,0.7075701760979364,24.0,True,0.9465799060959691,4,12832.25,4,0.9978227550879292,1.01546176116404,1.01546176116404,0.9820471015172056,1.0,1.0,True
77PDQ,CSE,Plate3,2024-09-12,2024-09-12|Plate3,77PDQ|CSE|Plate3|2024-09-12 11:40:31|unozonated,unozonated,10.0,1.0043213737826426,24.0,True,0.9399754524732608,4,12832.25,4,0.9928557946529604,1.0206285916332127,1.0206285916332127,0.9820471015172056,1.0,1.0,True
77PDQ,CSE,Plate3,2024-09-12,2024-09-12|Plate3,77PDQ|CSE|Plate3|2024-09-12 11:40:31|unozonated,unozonated,20.0,1.3031960574204888,24.0,True,0.9739913109548208,4,12832.25,4,0.9878532917474111,1.0228674149211263,1.0228674149211263,0.9820471015172056,1.0,1.0,True
77PDQ,CSE,Plate3,2024-09-12,2024-09-12|Plate3,77PDQ|CSE|Plate3|2024-09-12 11:40:31|unozonated,unozonated,50.0,1.6998377258672457,24.0,True,1.0454324066317287,4,12832.25,4,0.9812143851839126,1.028913849226024,1.028913849226024,0.9820471015172056,1.0,1.0,True
77PDQ,CSE,Plate3,2024-09-12,2024-09-12|Plate3,77PDQ|CSE|Plate3|2024-09-12 11:40:31|unozonated,unozonated,100.0,2.000434077479319,24.0,True,1.0351458239981297,4,12832.25,4,0.9761830653543647,1.036055505973361,1.036055505973361,0.9820471015172056,1.0,1.0,True
77PDQ,CSE,Plate3,2024-09-12,2024-09-12|Plate3,77PDQ|CSE|Plate3|2024-09-12 11:40:31|unozonated,unozonated,200.0,2.3012470886362113,24.0,True,1.0699994155350776,4,12832.25,4,0.9711481191219739,1.0485840828964432,1.0485840828964432,0.9820471015172056,1.0,1.0,True
77PDQ,CSE,Plate3,2024-09-12,2024-09-12|Plate3,77PDQ|CSE|Plate3|2024-09-12 11:40:31|unozonated,unozonated,400.0,2.6021685513789974,24.0,True,0.9900640963198193,4,12832.25,4,0.9661113576492724,1.0485840828964432,1.0485840828964432,0.9820471015172056,1.0,1.0,True
77PDQ,RTG,Plate4,2024-09-12,2024-09-12|Plate4,77PDQ|RTG|Plate4|2024-09-12 11:48:03|unozonated,unozonated,0.1,-0.6989700043360187,23.8,True,1.010048265545175,4,26571.75,4,1.0670758605540702,1.0239310808425266,1.0239310808425266,0.9788687404954326,3.0,1.0,True
77PDQ,RTG,Plate4,2024-09-12,2024-09-12|Plate4,77PDQ|RTG|Plate4|2024-09-12 11:48:03|unozonated,unozonated,1.0,0.04139268515822508,23.8,True,1.005899122188038,4,26571.75,4,1.0540245918060112,1.0290502333427822,1.0290502333427822,0.9788687404954326,3.0,1.0,True
77PDQ,RTG,Plate4,2024-09-12,2024-09-12|Plate4,77PDQ|RTG|Plate4|2024-09-12 11:48:03|unozonated,unozonated,5.0,0.7075701760979364,23.8,True,1.0154487378512895,4,26571.75,4,1.042281075295068,1.0230797455681622,1.0230797455681622,0.9788687404954326,3.0,1.0,True
77PDQ,RTG,Plate4,2024-09-12,2024-09-12|Plate4,77PDQ|RTG|Plate4|2024-09-12 11:48:03|unozonated,unozonated,10.0,1.0043213737826426,23.8,True,1.0227026823600252,4,26571.75,4,1.0370498829521133,1.0289363235951248,1.0289363235951248,0.9788687404954326,3.0,1.0,True
77PDQ,RTG,Plate4,2024-09-12,2024-09-12|Plate4,77PDQ|RTG|Plate4|2024-09-12 11:48:03|unozonated,unozonated,20.0,1.3031960574204888,23.8,True,0.9864611852813607,4,26571.75,4,1.0317812573534715,1.0248176004494338,1.0248176004494338,0.9788687404954326,3.0,1.0,True
77PDQ,RTG,Plate4,2024-09-12,2024-09-12|Plate4,77PDQ|RTG|Plate4|2024-09-12 11:48:03|unozonated,unozonated,50.0,1.6998377258672457,23.8,True,1.0053628383527617,4,26571.75,4,1.0247891748444062,1.022993093896104,1.022993093896104,0.9788687404954326,3.0,1.0,True
77PDQ,RTG,Plate4,2024-09-12,2024-09-12|Plate4,77PDQ|RTG|Plate4|2024-09-12 11:48:03|unozonated,unozonated,100.0,2.000434077479319,23.8,True,1.0260991466501077,4,26571.75,4,1.0194901993216727,1.0352759900266595,1.0352759900266595,0.9788687404954326,3.0,1.0,True
77PDQ,RTG,Plate4,2024-09-12,2024-09-12|Plate4,77PDQ|RTG|Plate4|2024-09-12 11:48:03|unozonated,unozonated,200.0,2.3012470886362113,23.8,True,1.0368154148672932,4,26571.75,4,1.0141874044790484,1.0416249480273825,1.0416249480273825,0.9788687404954326,3.0,1.0,True
77PDQ,RTG,Plate4,2024-09-12,2024-09-12|Plate4,77PDQ|RTG|Plate4|2024-09-12 11:48:03|unozonated,unozonated,400.0,2.6021685513789974,23.8,True,1.0479362480830205,4,26571.75,4,1.008882697829125,1.0423370495703366,1.0423370495703366,0.9788687404954326,3.0,1.0,True
77PDQ,RTG,Plate5,2024-09-12,2024-09-12|Plate5,77PDQ|RTG|Plate5|2024-09-12 11:49:58|unozonated,unozonated,0.1,-0.6989700043360187,23.766666666666666,True,1.0296299970241047,4,25202.5,4,1.057755656887746,0.9937539225705533,0.9937539225705533,0.9780041619884945,2.0,1.0,True
77PDQ,RTG,Plate5,2024-09-12,2024-09-12|Plate5,77PDQ|RTG|Plate5|2024-09-12 11:49:58|unozonated,unozonated,1.0,0.04139268515822508,23.766666666666666,True,1.0444797143140563,4,25202.5,4,1.0456290353964124,0.9951423099447978,0.9951423099447978,0.9780041619884945,2.0,1.0,True
77PDQ,RTG,Plate5,2024-09-12,2024-09-12|Plate5,77PDQ|RTG|Plate5|2024-09-12 11:49:58|unozonated,unozonated,5.0,0.7075701760979364,23.766666666666666,True,1.0223985715702808,4,25202.5,4,1.0347175154166701,0.9939720375210015,0.9939720375210015,0.9780041619884945,2.0,1.0,True
77PDQ,RTG,Plate5,2024-09-12,2024-09-12|Plate5,77PDQ|RTG|Plate5|2024-09-12 11:49:58|unozonated,unozonated,10.0,1.0043213737826426,23.766666666666666,True,1.0530006943755579,4,25202.5,4,1.0298569389688206,0.9948764722942576,0.9948764722942576,0.9780041619884945,2.0,1.0,True
77PDQ,RTG,Plate5,2024-09-12,2024-09-12|Plate5,77PDQ|RTG|Plate5|2024-09-12 11:49:58|unozonated,unozonated,20.0,1.3031960574204888,23.766666666666666,True,1.0214264457891082,4,25202.5,4,1.0249615813106785,0.9898094696268793,0.9898094696268793,0.9780041619884945,2.0,1.0,True
77PDQ,RTG,Plate5,2024-09-12,2024-09-12|Plate5,77PDQ|RTG|Plate5|2024-09-12 11:49:58|unozonated,unozonated,50.0,1.6998377258672457,23.766666666666666,True,1.0062890586251363,4,25202.5,4,1.018464869024663,0.9919618919014109,0.9919618919014109,0.9780041619884945,2.0,1.0,True
77PDQ,RTG,Plate5,2024-09-12,2024-09-12|Plate5,77PDQ|RTG|Plate5|2024-09-12 11:49:58|unozonated,unozonated,100.0,2.000434077479319,23.766666666666666,True,1.01404622557286,4,25202.5,4,1.0135413116528489,1.000625575632298,1.000625575632298,0.9780041619884945,2.0,1.0,True
77PDQ,RTG,Plate5,2024-09-12,2024-09-12|Plate5,77PDQ|RTG|Plate5|2024-09-12 11:49:58|unozonated,unozonated,200.0,2.3012470886362113,23.766666666666666,True,1.070250967165956,4,25202.5,4,1.008614205549677,1.0064565135826216,1.0064565135826216,0.9780041619884945,2.0,1.0,True
77PDQ,RTG,Plate5,2024-09-12,2024-09-12|Plate5,77PDQ|RTG|Plate5|2024-09-12 11:49:58|unozonated,unozonated,400.0,2.6021685513789974,23.766666666666666,True,1.0580398769963297,4,25202.5,4,1.0036853230856064,0.9986335083453377,0.9986335083453377,0.9780041619884945,2.0,1.0,True
77PDQ,RTG,Plate6,2024-09-12,2024-09-12|Plate6,77PDQ|RTG|Plate6|2024-09-12 11:51:54|unozonated,unozonated,0.1,-0.6989700043360187,23.75,True,0.9818661672058573,4,23492.0,4,1.0746798909201964,1.026618713005818,1.026618713005818,0.9820471015172056,1.0,1.0,True
77PDQ,RTG,Plate6,2024-09-12,2024-09-12|Plate6,77PDQ|RTG|Plate6|2024-09-12 11:51:54|unozonated,unozonated,1.0,0.04139268515822508,23.75,True,1.0126319598161075,4,23492.0,4,1.06228785269108,1.0315701078467912,1.0315701078467912,0.9820471015172056,1.0,1.0,True
77PDQ,RTG,Plate6,2024-09-12,2024-09-12|Plate6,77PDQ|RTG|Plate6|2024-09-12 11:51:54|unozonated,unozonated,5.0,0.7075701760979364,23.75,True,0.9594542823088711,4,23492.0,4,1.0511375110379353,1.03169933843117,1.03169933843117,0.9820471015172056,1.0,1.0,True
77PDQ,RTG,Plate6,2024-09-12,2024-09-12|Plate6,77PDQ|RTG|Plate6|2024-09-12 11:51:54|unozonated,unozonated,10.0,1.0043213737826426,23.75,True,1.0073854929337647,4,23492.0,4,1.0461705506029666,1.0322388576943315,1.0322388576943315,0.9820471015172056,1.0,1.0,True
77PDQ,RTG,Plate6,2024-09-12,2024-09-12|Plate6,77PDQ|RTG|Plate6|2024-09-12 11:51:54|unozonated,unozonated,20.0,1.3031960574204888,23.75,True,0.9616252341222544,4,23492.0,4,1.0411680476974172,1.025099671470388,1.025099671470388,0.9820471015172056,1.0,1.0,True
77PDQ,RTG,Plate6,2024-09-12,2024-09-12|Plate6,77PDQ|RTG|Plate6|2024-09-12 11:51:54|unozonated,unozonated,50.0,1.6998377258672457,23.75,True,0.9355950962029627,4,23492.0,4,1.0345291411339188,1.0268423659106176,1.0268423659106176,0.9820471015172056,1.0,1.0,True
77PDQ,RTG,Plate6,2024-09-12,2024-09-12|Plate6,77PDQ|RTG|Plate6|2024-09-12 11:51:54|unozonated,unozonated,100.0,2.000434077479319,23.75,True,1.0077047505533798,4,23492.0,4,1.0294978213043708,1.0293512428595024,1.0293512428595024,0.9820471015172056,1.0,1.0,True
77PDQ,RTG,Plate6,2024-09-12,2024-09-12|Plate6,77PDQ|RTG|Plate6|2024-09-12 11:51:54|unozonated,unozonated,200.0,2.3012470886362113,23.75,True,1.041397071343436,4,23492.0,4,1.02446287507198,1.0454399060869728,1.0454399060869728,0.9820471015172056,1.0,1.0,True
77PDQ,RTG,Plate6,2024-09-12,2024-09-12|Plate6,77PDQ|RTG|Plate6|2024-09-12 11:51:54|unozonated,unozonated,400.0,2.6021685513789974,23.75,True,0.9427464668823429,4,23492.0,4,1.0194261135992786,1.0496797053340954,1.0496797053340954,0.9820471015172056,1.0,1.0,True
7PPD,CHSE,Plate1,2024-02-23,2024-02-23|Plate1,7PPD|CHSE|Plate1|2024-02-23 10:10:11|unozonated,unozonated,0.1,-0.6989700043360187,24.016666666666666,True,1.0223489932885905,4,14900.0,4,1.051027651743061,0.9829569588653548,0.9829569588653548,0.9776901457031006,0.0,1.0,True
7PPD,CHSE,Plate1,2024-02-23,2024-02-23|Plate1,7PPD|CHSE|Plate1|2024-02-23 10:10:11|unozonated,unozonated,0.5,-0.2218487496163564,24.016666666666666,True,1.0048489932885907,4,14900.0,4,1.042251939073645,0.9825193763951978,0.9825193763951978,0.9776901457031006,0.0,1.0,True
7PPD,CHSE,Plate1,2024-02-23,2024-02-23|Plate1,7PPD|CHSE|Plate1|2024-02-23 10:10:11|unozonated,unozonated,1.0,0.04139268515822508,24.016666666666666,True,1.0189765100671142,4,14900.0,4,1.0374101275395438,0.9839170981403502,0.9839170981403502,0.9776901457031006,0.0,1.0,True
7PPD,CHSE,Plate1,2024-02-23,2024-02-23|Plate1,7PPD|CHSE|Plate1|2024-02-23 10:10:11|unozonated,unozonated,5.0,0.7075701760979364,24.016666666666666,True,1.0035738255033557,4,14900.0,4,1.0251570950252946,0.9826515272662559,0.9826515272662559,0.9776901457031006,0.0,1.0,True
7PPD,CHSE,Plate1,2024-02-23,2024-02-23|Plate1,7PPD|CHSE|Plate1|2024-02-23 10:10:11|unozonated,unozonated,10.0,1.0043213737826426,24.016666666666666,True,1.0031879194630873,4,14900.0,4,1.0196989369167944,0.9820698377009279,0.9820698377009279,0.9776901457031006,0.0,1.0,True
7PPD,CHSE,Plate1,2024-02-23,2024-02-23|Plate1,7PPD|CHSE|Plate1|2024-02-23 10:10:11|unozonated,unozonated,20.0,1.3031960574204888,24.016666666666666,True,0.9526174496644295,4,14900.0,4,1.0142017214357748,0.9816179872343276,0.9816179872343276,0.9776901457031006,0.0,1.0,True
7PPD,CHSE,Plate1,2024-02-23,2024-02-23|Plate1,7PPD|CHSE|Plate1|2024-02-23 10:10:11|unozonated,unozonated,50.0,1.6998377258672457,24.016666666666666,True,0.9785738255033557,4,14900.0,4,1.0069062734116627,0.9751873291339815,0.9751873291339815,0.9776901457031006,0.0,1.0,True
7PPD,CHSE,Plate1,2024-02-23,2024-02-23|Plate1,7PPD|CHSE|Plate1|2024-02-23 10:10:11|unozonated,unozonated,100.0,2.000434077479319,24.016666666666666,True,0.978003355704698,4,14900.0,4,1.0013773912142594,0.9735635219136651,0.9735635219136651,0.9776901457031006,0.0,1.0,True
7PPD,CHSE,Plate1,2024-02-23,2024-02-23|Plate1,7PPD|CHSE|Plate1|2024-02-23 10:10:11|unozonated,unozonated,200.0,2.3012470886362113,24.016666666666666,True,1.0281375838926174,4,14900.0,4,0.9958445239881163,0.9923945886908994,0.9923945886908994,0.9776901457031006,0.0,1.0,True
7PPD,CHSE,Plate1,2024-10-17,2024-10-17|Plate1,7PPD|CHSE|Plate1|2024-10-17 10:40:03|t0,t0,0.1,-0.6989700043360187,24.25,True,0.9931854931854931,4,12987.0,4,1.0410214879602517,1.0193959645748818,1.0193959645748818,0.9776901457031006,0.0,1.0,True
7PPD,CHSE,Plate1,2024-10-17,2024-10-17|Plate1,7PPD|CHSE|Plate1|2024-10-17 10:40:03|t0,t0,1.0,0.04139268515822508,24.25,True,0.9956687456687456,4,12987.0,4,1.0274039637567345,1.0210655886768045,1.0210655886768045,0.9776901457031006,0.0,1.0,True
7PPD,CHSE,Plate1,2024-10-17,2024-10-17|Plate1,7PPD|CHSE|Plate1|2024-10-17 10:40:03|t0,t0,5.0,0.7075701760979364,24.25,True,1.0256410256410255,4,12987.0,4,1.0151509312424856,1.021038223316576,1.021038223316576,0.9776901457031006,0.0,1.0,True
7PPD,CHSE,Plate1,2024-10-17,2024-10-17|Plate1,7PPD|CHSE|Plate1|2024-10-17 10:40:03|t0,t0,10.0,1.0043213737826426,24.25,True,1.0296835296835296,4,12987.0,4,1.009692773133985,1.0278643393579305,1.0278643393579305,0.9776901457031006,0.0,1.0,True
7PPD,CHSE,Plate1,2024-10-17,2024-10-17|Plate1,7PPD|CHSE|Plate1|2024-10-17 10:40:03|t0,t0,20.0,1.3031960574204888,24.25,True,1.061041811041811,4,12987.0,4,1.0041955576529658,1.032495715651286,1.032495715651286,0.9776901457031006,0.0,1.0,True
7PPD,CHSE,Plate1,2024-10-17,2024-10-17|Plate1,7PPD|CHSE|Plate1|2024-10-17 10:40:03|t0,t0,50.0,1.6998377258672457,24.25,True,1.0613113113113113,4,12987.0,4,0.9969001096288536,1.0393350523116789,1.0393350523116789,0.9776901457031006,0.0,1.0,True
7PPD,CHSE,Plate1,2024-10-17,2024-10-17|Plate1,7PPD|CHSE|Plate1|2024-10-17 10:40:03|t0,t0,100.0,2.000434077479319,24.25,True,1.053996303996304,4,12987.0,4,0.9913712274314502,1.0389910708694408,1.0389910708694408,0.9776901457031006,0.0,1.0,True
7PPD,CHSE,Plate1,2024-10-17,2024-10-17|Plate1,7PPD|CHSE|Plate1|2024-10-17 10:40:03|t0,t0,200.0,2.3012470886362113,24.25,True,1.0407137907137907,4,12987.0,4,0.9858383602053071,1.0279167319715696,1.0279167319715696,0.9776901457031006,0.0,1.0,True
7PPD,CHSE,Plate1,2024-10-17,2024-10-17|Plate1,7PPD|CHSE|Plate1|2024-10-17 10:40:03|t0,t0,400.0,2.6021685513789974,24.25,True,0.877011627011627,4,12987.0,4,0.9803034982242732,0.9656262625674157,0.9656262625674157,0.9776901457031006,0.0,1.0,True
7PPD,CHSE,Plate1,2024-10-25,2024-10-25|Plate1,7PPD|CHSE|Plate1|2024-10-25 10:41:03|t25,t25,0.1,-0.6989700043360187,24.116666666666667,True,0.9789297487925175,4,19565.5,4,0.9778947531911995,0.9795315656951249,0.9795315656951249,0.9780041619884945,2.0,1.0,True
7PPD,CHSE,Plate1,2024-10-25,2024-10-25|Plate1,7PPD|CHSE|Plate1|2024-10-25 10:41:03|t25,t25,1.0,0.04139268515822508,24.116666666666667,True,1.0603613503360507,4,19565.5,4,0.9657681316998659,0.9765177416472354,0.9765177416472354,0.9780041619884945,2.0,1.0,True
7PPD,CHSE,Plate1,2024-10-25,2024-10-25|Plate1,7PPD|CHSE|Plate1|2024-10-25 10:41:03|t25,t25,5.0,0.7075701760979364,24.116666666666667,True,1.098566354041553,4,19565.5,4,0.9548566117201236,0.9754730341733733,0.9754730341733733,0.9780041619884945,2.0,1.0,True
7PPD,CHSE,Plate1,2024-10-25,2024-10-25|Plate1,7PPD|CHSE|Plate1|2024-10-25 10:41:03|t25,t25,10.0,1.0043213737826426,24.116666666666667,True,0.9721065140170198,4,19565.5,4,0.9499960352722739,0.9563584280553662,0.9563584280553662,0.9780041619884945,2.0,1.0,True
7PPD,CHSE,Plate1,2024-10-25,2024-10-25|Plate1,7PPD|CHSE|Plate1|2024-10-25 10:41:03|t25,t25,20.0,1.3031960574204888,24.116666666666667,True,0.9644782908691318,4,19565.5,4,0.945100677614132,0.9170478711126562,0.9170478711126562,0.9780041619884945,2.0,1.0,True
7PPD,CHSE,Plate1,2024-10-25,2024-10-25|Plate1,7PPD|CHSE|Plate1|2024-10-25 10:41:03|t25,t25,50.0,1.6998377258672457,24.116666666666667,True,0.959865579719404,4,19565.5,4,0.9386039653281163,0.8898298383842463,0.8898298383842463,0.9780041619884945,2.0,1.0,True
7PPD,CHSE,Plate1,2024-10-25,2024-10-25|Plate1,7PPD|CHSE|Plate1|2024-10-25 10:41:03|t25,t25,100.0,2.000434077479319,24.116666666666667,True,1.057166952032915,4,19565.5,4,0.9336804079563024,0.8842657608447448,0.8842657608447448,0.9780041619884945,2.0,1.0,True
7PPD,CHSE,Plate1,2024-10-25,2024-10-25|Plate1,7PPD|CHSE|Plate1|2024-10-25 10:41:03|t25,t25,200.0,2.3012470886362113,24.116666666666667,True,0.9194628299813448,4,19565.5,4,0.9287533018531303,0.8847378204819372,0.8847378204819372,0.9780041619884945,2.0,1.0,True
7PPD,CHSE,Plate1,2024-10-25,2024-10-25|Plate1,7PPD|CHSE|Plate1|2024-10-25 10:41:03|t25,t25,400.0,2.6021685513789974,24.116666666666667,True,0.8261991771229971,4,19565.5,4,0.9238244193890599,0.8719444887104209,0.8719444887104209,0.9780041619884945,2.0,1.0,True
7PPD,CHSE,Plate2,2024-02-23,2024-02-23|Plate2,7PPD|CHSE|Plate2|2024-02-23 10:12:11|unozonated,unozonated,0.1,-0.6989700043360187,24.0,True,0.9919901825840367,4,15075.25,4,1.045777452395032,0.9875454999511355,0.9875454999511355,0.9779225257819442,4.0,1.0,True
7PPD,CHSE,Plate2,2024-02-23,2024-02-23|Plate2,7PPD|CHSE|Plate2|2024-02-23 10:12:11|unozonated,unozonated,0.5,-0.2218487496163564,24.0,True,0.9625545181671946,4,15075.25,4,1.036745878784487,0.9865605339675866,0.9865605339675866,0.9779225257819442,4.0,1.0,True
7PPD,CHSE,Plate2,2024-02-23,2024-02-23|Plate2,7PPD|CHSE|Plate2|2024-02-23 10:12:11|unozonated,unozonated,1.0,0.04139268515822508,24.0,True,0.9872141423856984,4,15075.25,4,1.031762901455361,0.9856329131282395,0.9856329131282395,0.9779225257819442,4.0,1.0,True
7PPD,CHSE,Plate2,2024-02-23,2024-02-23|Plate2,7PPD|CHSE|Plate2|2024-02-23 10:12:11|unozonated,unozonated,5.0,0.7075701760979364,24.0,True,0.9866834712525497,4,15075.25,4,1.0191526247435316,0.9759810957505842,0.9759810957505842,0.9779225257819442,4.0,1.0,True
7PPD,CHSE,Plate2,2024-02-23,2024-02-23|Plate2,7PPD|CHSE|Plate2|2024-02-23 10:12:11|unozonated,unozonated,10.0,1.0043213737826426,24.0,True,1.0270808112634948,4,15075.25,4,1.0135353309017774,0.9711546928641219,0.9711546928641219,0.9779225257819442,4.0,1.0,True
7PPD,CHSE,Plate2,2024-02-23,2024-02-23|Plate2,7PPD|CHSE|Plate2|2024-02-23 10:12:11|unozonated,unozonated,20.0,1.3031960574204888,24.0,True,1.0032171937447139,4,15075.25,4,1.007877840947385,0.9662114719894018,0.9662114719894018,0.9779225257819442,4.0,1.0,True
7PPD,CHSE,Plate2,2024-02-23,2024-02-23|Plate2,7PPD|CHSE|Plate2|2024-02-23 10:12:11|unozonated,unozonated,50.0,1.6998377258672457,24.0,True,0.9768328883434769,4,15075.25,4,1.000369689947717,0.9622433853700225,0.9622433853700225,0.9779225257819442,4.0,1.0,True
7PPD,CHSE,Plate2,2024-02-23,2024-02-23|Plate2,7PPD|CHSE|Plate2|2024-02-23 10:12:11|unozonated,unozonated,100.0,2.000434077479319,24.0,True,0.9602659989054907,4,15075.25,4,0.9946796100156443,0.9634918559574565,0.9634918559574565,0.9779225257819442,4.0,1.0,True
7PPD,CHSE,Plate2,2024-02-23,2024-02-23|Plate2,7PPD|CHSE|Plate2|2024-02-23 10:12:11|unozonated,unozonated,200.0,2.3012470886362113,24.0,True,1.0466658927712642,4,15075.25,4,0.988985428869031,0.9796278198331231,0.9796278198331231,0.9779225257819442,4.0,1.0,True
7PPD,CHSE,Plate2,2024-10-17,2024-10-17|Plate2,7PPD|CHSE|Plate2|2024-10-17 10:42:24|t0,t0,0.1,-0.6989700043360187,24.216666666666665,True,0.9928546753695388,4,13750.25,4,1.0300591230786595,1.0002733191247453,1.0002733191247453,0.9779225257819442,4.0,1.0,True
7PPD,CHSE,Plate2,2024-10-17,2024-10-17|Plate2,7PPD|CHSE|Plate2|2024-10-17 10:42:24|t0,t0,1.0,0.04139268515822508,24.216666666666665,True,1.0236541153797205,4,13750.25,4,1.0160445721389886,0.9971241823908196,0.9971241823908196,0.9779225257819442,4.0,1.0,True
7PPD,CHSE,Plate2,2024-10-17,2024-10-17|Plate2,7PPD|CHSE|Plate2|2024-10-17 10:42:24|t0,t0,5.0,0.7075701760979364,24.216666666666665,True,1.0501081798512755,4,13750.25,4,1.0034342954271591,0.9910804764472537,0.9910804764472537,0.9779225257819442,4.0,1.0,True
7PPD,CHSE,Plate2,2024-10-17,2024-10-17|Plate2,7PPD|CHSE|Plate2|2024-10-17 10:42:24|t0,t0,10.0,1.0043213737826426,24.216666666666665,True,1.0429446737332049,4,13750.25,4,0.9978170015854049,1.002755502768983,1.002755502768983,0.9779225257819442,4.0,1.0,True
7PPD,CHSE,Plate2,2024-10-17,2024-10-17|Plate2,7PPD|CHSE|Plate2|2024-10-17 10:42:24|t0,t0,20.0,1.3031960574204888,24.216666666666665,True,1.026454064471555,4,13750.25,4,0.9921595116310125,1.0231353881241583,1.0231353881241583,0.9779225257819442,4.0,1.0,True
7PPD,CHSE,Plate2,2024-10-17,2024-10-17|Plate2,7PPD|CHSE|Plate2|2024-10-17 10:42:24|t0,t0,50.0,1.6998377258672457,24.216666666666665,True,1.0654533553935384,4,13750.25,4,0.9846513606313445,1.0273523873940336,1.0273523873940336,0.9779225257819442,4.0,1.0,True
7PPD,CHSE,Plate2,2024-10-17,2024-10-17|Plate2,7PPD|CHSE|Plate2|2024-10-17 10:42:24|t0,t0,100.0,2.000434077479319,24.216666666666665,True,1.0667987854766277,4,13750.25,4,0.9789612806992718,1.029148760912124,1.029148760912124,0.9779225257819442,4.0,1.0,True
7PPD,CHSE,Plate2,2024-10-17,2024-10-17|Plate2,7PPD|CHSE|Plate2|2024-10-17 10:42:24|t0,t0,200.0,2.3012470886362113,24.216666666666665,True,1.0734350284540282,4,13750.25,4,0.9732670995526584,1.008163546803023,1.008163546803023,0.9779225257819442,4.0,1.0,True
7PPD,CHSE,Plate2,2024-10-17,2024-10-17|Plate2,7PPD|CHSE|Plate2|2024-10-17 10:42:24|t0,t0,400.0,2.6021685513789974,24.216666666666665,True,0.9170742350139088,4,13750.25,4,0.9675708654929304,0.9117760061408984,0.9117760061408984,0.9779225257819442,4.0,1.0,True
7PPD,CHSE,Plate3,2024-02-23,2024-02-23|Plate3,7PPD|CHSE|Plate3|2024-02-23 10:14:05|unozonated,unozonated,0.1,-0.6989700043360187,24.0,True,0.9821853680359168,4,15647.25,4,1.0443892404682682,0.9927626486275668,0.9927626486275668,0.9788687404954326,3.0,1.0,True
7PPD,CHSE,Plate3,2024-02-23,2024-02-23|Plate3,7PPD|CHSE|Plate3|2024-02-23 10:14:05|unozonated,unozonated,0.5,-0.2218487496163564,24.0,True,0.9839907971049225,4,15647.25,4,1.0359784469354236,0.9880377589976426,0.9880377589976426,0.9788687404954326,3.0,1.0,True
7PPD,CHSE,Plate3,2024-02-23,2024-02-23|Plate3,7PPD|CHSE|Plate3|2024-02-23 10:14:05|unozonated,unozonated,1.0,0.04139268515822508,24.0,True,1.0045215612967135,4,15647.25,4,1.031337971720209,0.9896768058128216,0.9896768058128216,0.9788687404954326,3.0,1.0,True
7PPD,CHSE,Plate3,2024-02-23,2024-02-23|Plate3,7PPD|CHSE|Plate3|2024-02-23 10:14:05|unozonated,unozonated,5.0,0.7075701760979364,24.0,True,0.9888798351147965,4,15647.25,4,1.0195944552092657,0.9950133296902082,0.9950133296902082,0.9788687404954326,3.0,1.0,True
7PPD,CHSE,Plate3,2024-02-23,2024-02-23|Plate3,7PPD|CHSE|Plate3|2024-02-23 10:14:05|unozonated,unozonated,10.0,1.0043213737826426,24.0,True,0.9503107574813465,4,15647.25,4,1.0143632628663113,0.9975614594490602,0.9975614594490602,0.9788687404954326,3.0,1.0,True
7PPD,CHSE,Plate3,2024-02-23,2024-02-23|Plate3,7PPD|CHSE|Plate3|2024-02-23 10:14:05|unozonated,unozonated,20.0,1.3031960574204888,24.0,True,0.9668951413187621,4,15647.25,4,1.0090946372676695,0.993648798658539,0.993648798658539,0.9788687404954326,3.0,1.0,True
7PPD,CHSE,Plate3,2024-02-23,2024-02-23|Plate3,7PPD|CHSE|Plate3|2024-02-23 10:14:05|unozonated,unozonated,50.0,1.6998377258672457,24.0,True,0.9512054833916503,4,15647.25,4,1.0021025547586042,0.9864366236260592,0.9864366236260592,0.9788687404954326,3.0,1.0,True
7PPD,CHSE,Plate3,2024-02-23,2024-02-23|Plate3,7PPD|CHSE|Plate3|2024-02-23 10:14:05|unozonated,unozonated,100.0,2.000434077479319,24.0,True,0.9230216172170829,4,15647.25,4,0.9968035792358705,0.9904835613319759,0.9904835613319759,0.9788687404954326,3.0,1.0,True
7PPD,CHSE,Plate3,2024-02-23,2024-02-23|Plate3,7PPD|CHSE|Plate3|2024-02-23 10:14:05|unozonated,unozonated,200.0,2.3012470886362113,24.0,True,0.9972519132754958,4,15647.25,4,0.9915007843932462,1.015648900140205,1.015648900140205,0.9788687404954326,3.0,1.0,True
7PPD,CHSE,Plate3,2024-10-17,2024-10-17|Plate3,7PPD|CHSE|Plate3|2024-10-17 10:44:29|t0,t0,0.1,-0.6989700043360187,24.2,True,1.0262993329627572,4,14392.0,4,1.0504801252314246,1.0167783277578253,1.0167783277578253,0.9788687404954326,3.0,1.0,True
7PPD,CHSE,Plate3,2024-10-17,2024-10-17|Plate3,7PPD|CHSE|Plate3|2024-10-17 10:44:29|t0,t0,1.0,0.04139268515822508,24.2,True,0.9829245414118956,4,14392.0,4,1.0374288564833656,1.0240244280500845,1.0240244280500845,0.9788687404954326,3.0,1.0,True
7PPD,CHSE,Plate3,2024-10-17,2024-10-17|Plate3,7PPD|CHSE|Plate3|2024-10-17 10:44:29|t0,t0,5.0,0.7075701760979364,24.2,True,0.9275291828793775,4,14392.0,4,1.0256853399724224,1.0321837275767298,1.0321837275767298,0.9788687404954326,3.0,1.0,True
7PPD,CHSE,Plate3,2024-10-17,2024-10-17|Plate3,7PPD|CHSE|Plate3|2024-10-17 10:44:29|t0,t0,10.0,1.0043213737826426,24.2,True,0.9628265703168426,4,14392.0,4,1.0204541476294677,1.0341038972283694,1.0341038972283694,0.9788687404954326,3.0,1.0,True
7PPD,CHSE,Plate3,2024-10-17,2024-10-17|Plate3,7PPD|CHSE|Plate3|2024-10-17 10:44:29|t0,t0,20.0,1.3031960574204888,24.2,True,1.0804787381878822,4,14392.0,4,1.015185522030826,1.036840930794371,1.036840930794371,0.9788687404954326,3.0,1.0,True
7PPD,CHSE,Plate3,2024-10-17,2024-10-17|Plate3,7PPD|CHSE|Plate3|2024-10-17 10:44:29|t0,t0,50.0,1.6998377258672457,24.2,True,1.0285575319622011,4,14392.0,4,1.0081934395217607,1.0431479054235757,1.0431479054235757,0.9788687404954326,3.0,1.0,True
7PPD,CHSE,Plate3,2024-10-17,2024-10-17|Plate3,7PPD|CHSE|Plate3|2024-10-17 10:44:29|t0,t0,100.0,2.000434077479319,24.2,True,1.0426452195664258,4,14392.0,4,1.002894463999027,1.0424625625510477,1.0424625625510477,0.9788687404954326,3.0,1.0,True
7PPD,CHSE,Plate3,2024-10-17,2024-10-17|Plate3,7PPD|CHSE|Plate3|2024-10-17 10:44:29|t0,t0,200.0,2.3012470886362113,24.2,True,1.0449381600889383,4,14392.0,4,0.9975916691564027,1.0321285266272695,1.0321285266272695,0.9788687404954326,3.0,1.0,True
7PPD,CHSE,Plate3,2024-10-17,2024-10-17|Plate3,7PPD|CHSE|Plate3|2024-10-17 10:44:29|t0,t0,400.0,2.6021685513789974,24.2,True,0.8969392718176765,4,14392.0,4,0.9922869625064794,0.9781172727599365,0.9781172727599365,0.9788687404954326,3.0,1.0,True
7PPD,CHSE,Plate3,2024-10-25,2024-10-25|Plate3,7PPD|CHSE|Plate3|2024-10-25 10:46:21|t25,t25,0.1,-0.6989700043360187,24.1,True,1.0068191326174871,4,17927.5,4,0.9986389679277669,0.9762583113994613,0.9762583113994613,0.9820471015172056,1.0,1.0,True
7PPD,CHSE,Plate3,2024-10-25,2024-10-25|Plate3,7PPD|CHSE|Plate3|2024-10-25 10:46:21|t25,t25,1.0,0.04139268515822508,24.1,True,0.9926370101798913,4,17927.5,4,0.9862469296986504,1.0252010966739793,1.0252010966739793,0.9820471015172056,1.0,1.0,True
7PPD,CHSE,Plate3,2024-10-25,2024-10-25|Plate3,7PPD|CHSE|Plate3|2024-10-25 10:46:21|t25,t25,5.0,0.7075701760979364,24.1,True,1.0120066936271093,4,17927.5,4,0.9750965880455058,1.0415087603757984,1.0415087603757984,0.9820471015172056,1.0,1.0,True
7PPD,CHSE,Plate3,2024-10-25,2024-10-25|Plate3,7PPD|CHSE|Plate3|2024-10-25 10:46:21|t25,t25,10.0,1.0043213737826426,24.1,True,0.9632826662947985,4,17927.5,4,0.970129627610537,1.0052545352526194,1.0052545352526194,0.9820471015172056,1.0,1.0,True
7PPD,CHSE,Plate3,2024-10-25,2024-10-25|Plate3,7PPD|CHSE|Plate3|2024-10-25 10:46:21|t25,t25,20.0,1.3031960574204888,24.1,True,0.9095384186305955,4,17927.5,4,0.9651271247049877,0.9874500414091327,0.9874500414091327,0.9820471015172056,1.0,1.0,True
7PPD,CHSE,Plate3,2024-10-25,2024-10-25|Plate3,7PPD|CHSE|Plate3|2024-10-25 10:46:21|t25,t25,50.0,1.6998377258672457,24.1,True,0.8516106540231488,4,17927.5,4,0.9584882181414892,0.9805943040499678,0.9805943040499678,0.9820471015172056,1.0,1.0,True
7PPD,CHSE,Plate3,2024-10-25,2024-10-25|Plate3,7PPD|CHSE|Plate3|2024-10-25 10:46:21|t25,t25,100.0,2.000434077479319,24.1,True,0.9115743968763074,4,17927.5,4,0.9534568983119414,0.9898476208395899,0.9898476208395899,0.9820471015172056,1.0,1.0,True
7PPD,CHSE,Plate3,2024-10-25,2024-10-25|Plate3,7PPD|CHSE|Plate3|2024-10-25 10:46:21|t25,t25,200.0,2.3012470886362113,24.1,True,0.904281132338586,4,17927.5,4,0.9484219520795505,0.9341959158660432,0.9341959158660432,0.9820471015172056,1.0,1.0,True
7PPD,CHSE,Plate3,2024-10-25,2024-10-25|Plate3,7PPD|CHSE|Plate3|2024-10-25 10:46:21|t25,t25,400.0,2.6021685513789974,24.1,True,0.7502858736577883,4,17927.5,4,0.943385190606849,0.916544659895293,0.916544659895293,0.9820471015172056,1.0,1.0,True
7PPD,CSE,Plate1,2024-02-23,2024-02-23|Plate1,7PPD|CSE|Plate1|2024-02-23 10:10:11|unozonated,unozonated,0.1,-0.6989700043360187,24.016666666666666,True,0.9864515461785086,4,16920.75,4,0.9952487731630922,1.0228422819307528,1.0228422819307528,0.9776901457031006,0.0,1.0,True
7PPD,CSE,Plate1,2024-02-23,2024-02-23|Plate1,7PPD|CSE|Plate1|2024-02-23 10:10:11|unozonated,unozonated,0.5,-0.2218487496163564,24.016666666666666,True,1.0240237578121536,4,16920.75,4,0.9864730604936763,1.0083688729462514,1.0083688729462514,0.9776901457031006,0.0,1.0,True
7PPD,CSE,Plate1,2024-02-23,2024-02-23|Plate1,7PPD|CSE|Plate1|2024-02-23 10:10:11|unozonated,unozonated,1.0,0.04139268515822508,24.016666666666666,True,0.9990839649542721,4,16920.75,4,0.9816312489595751,0.9996075853252815,0.9996075853252815,0.9776901457031006,0.0,1.0,True
7PPD,CSE,Plate1,2024-02-23,2024-02-23|Plate1,7PPD|CSE|Plate1|2024-02-23 10:10:11|unozonated,unozonated,5.0,0.7075701760979364,24.016666666666666,True,1.0170648464163823,4,16920.75,4,0.9693782164453261,1.004197029400058,1.004197029400058,0.9776901457031006,0.0,1.0,True
7PPD,CSE,Plate1,2024-02-23,2024-02-23|Plate1,7PPD|CSE|Plate1|2024-02-23 10:10:11|unozonated,unozonated,10.0,1.0043213737826426,24.016666666666666,True,0.9755625489413885,4,16920.75,4,0.9639200583368256,0.9894652579763509,0.9894652579763509,0.9776901457031006,0.0,1.0,True
7PPD,CSE,Plate1,2024-02-23,2024-02-23|Plate1,7PPD|CSE|Plate1|2024-02-23 10:10:11|unozonated,unozonated,20.0,1.3031960574204888,24.016666666666666,True,0.9534151854970967,4,16920.75,4,0.9584228428558061,0.970994592750584,0.970994592750584,0.9776901457031006,0.0,1.0,True
7PPD,CSE,Plate1,2024-02-23,2024-02-23|Plate1,7PPD|CSE|Plate1|2024-02-23 10:10:11|unozonated,unozonated,50.0,1.6998377258672457,24.016666666666666,True,0.9037572211633645,4,16920.75,4,0.9511273948316941,0.947251185275186,0.947251185275186,0.9776901457031006,0.0,1.0,True
7PPD,CSE,Plate1,2024-02-23,2024-02-23|Plate1,7PPD|CSE|Plate1|2024-02-23 10:10:11|unozonated,unozonated,100.0,2.000434077479319,24.016666666666666,True,0.8824372442119883,4,16920.75,4,0.9455985126342907,0.9287590429742653,0.9287590429742653,0.9776901457031006,0.0,1.0,True
7PPD,CSE,Plate1,2024-02-23,2024-02-23|Plate1,7PPD|CSE|Plate1|2024-02-23 10:10:11|unozonated,unozonated,200.0,2.3012470886362113,24.016666666666666,True,0.8677068096863318,4,16920.75,4,0.9400656454081476,0.8826053649691332,0.8826053649691332,0.9776901457031006,0.0,1.0,True
7PPD,CSE,Plate1,2024-10-17,2024-10-17|Plate1,7PPD|CSE|Plate1|2024-10-17 10:40:03|t0,t0,0.1,-0.6989700043360187,24.25,True,0.9925099601593625,4,15687.5,4,0.9852426093802831,1.020570804386361,1.020570804386361,0.9776901457031006,0.0,1.0,True
7PPD,CSE,Plate1,2024-10-17,2024-10-17|Plate1,7PPD|CSE|Plate1|2024-10-17 10:40:03|t0,t0,1.0,0.04139268515822508,24.25,True,0.9677450199203188,4,15687.5,4,0.9716250851767659,0.9980274194844401,0.9980274194844401,0.9776901457031006,0.0,1.0,True
7PPD,CSE,Plate1,2024-10-17,2024-10-17|Plate1,7PPD|CSE|Plate1|2024-10-17 10:40:03|t0,t0,5.0,0.7075701760979364,24.25,True,1.0150278884462152,4,15687.5,4,0.9593720526625169,1.0016861870411014,1.0016861870411014,0.9776901457031006,0.0,1.0,True
7PPD,CSE,Plate1,2024-10-17,2024-10-17|Plate1,7PPD|CSE|Plate1|2024-10-17 10:40:03|t0,t0,10.0,1.0043213737826426,24.25,True,1.004,4,15687.5,4,0.9539138945540164,1.0025614987326754,1.0025614987326754,0.9776901457031006,0.0,1.0,True
7PPD,CSE,Plate1,2024-10-17,2024-10-17|Plate1,7PPD|CSE|Plate1|2024-10-17 10:40:03|t0,t0,20.0,1.3031960574204888,24.25,True,1.0112350597609563,4,15687.5,4,0.948416679072997,0.9948256080201031,0.9948256080201031,0.9776901457031006,0.0,1.0,True
7PPD,CSE,Plate1,2024-10-17,2024-10-17|Plate1,7PPD|CSE|Plate1|2024-10-17 10:40:03|t0,t0,50.0,1.6998377258672457,24.25,True,0.9618964143426295,4,15687.5,4,0.9411212310488849,0.9677797746195725,0.9677797746195725,0.9776901457031006,0.0,1.0,True
7PPD,CSE,Plate1,2024-10-17,2024-10-17|Plate1,7PPD|CSE|Plate1|2024-10-17 10:40:03|t0,t0,100.0,2.000434077479319,24.25,True,0.9196334661354582,4,15687.5,4,0.9355923488514816,0.9225604688550074,0.9225604688550074,0.9776901457031006,0.0,1.0,True
7PPD,CSE,Plate1,2024-10-17,2024-10-17|Plate1,7PPD|CSE|Plate1|2024-10-17 10:40:03|t0,t0,200.0,2.3012470886362113,24.25,True,0.844796812749004,4,15687.5,4,0.9300594816253385,0.8571232896537706,0.8571232896537706,0.9776901457031006,0.0,1.0,True
7PPD,CSE,Plate1,2024-10-17,2024-10-17|Plate1,7PPD|CSE|Plate1|2024-10-17 10:40:03|t0,t0,400.0,2.6021685513789974,24.25,True,0.7586772908366535,4,15687.5,4,0.9245246196443045,0.8571232896537706,0.8571232896537706,0.9776901457031006,0.0,1.0,True
7PPD,CSE,Plate1,2024-10-25,2024-10-25|Plate1,7PPD|CSE|Plate1|2024-10-25 10:41:03|t25,t25,0.1,-0.6989700043360187,24.116666666666667,True,0.9778565101860053,4,13548.0,4,0.9333238211406742,0.9706382941836066,0.9706382941836066,0.9780041619884945,2.0,1.0,True
7PPD,CSE,Plate1,2024-10-25,2024-10-25|Plate1,7PPD|CSE|Plate1|2024-10-25 10:41:03|t25,t25,1.0,0.04139268515822508,24.116666666666667,True,0.9871383229997047,4,13548.0,4,0.9211971996493407,0.9789515149448005,0.9789515149448005,0.9780041619884945,2.0,1.0,True
7PPD,CSE,Plate1,2024-10-25,2024-10-25|Plate1,7PPD|CSE|Plate1|2024-10-25 10:41:03|t25,t25,5.0,0.7075701760979364,24.116666666666667,True,1.006679952760555,4,13548.0,4,0.9102856796695984,0.9738281834594612,0.9738281834594612,0.9780041619884945,2.0,1.0,True
7PPD,CSE,Plate1,2024-10-25,2024-10-25|Plate1,7PPD|CSE|Plate1|2024-10-25 10:41:03|t25,t25,10.0,1.0043213737826426,24.116666666666667,True,0.9704568940064954,4,13548.0,4,0.9054251032217487,0.9439125114715137,0.9439125114715137,0.9780041619884945,2.0,1.0,True
7PPD,CSE,Plate1,2024-10-25,2024-10-25|Plate1,7PPD|CSE|Plate1|2024-10-25 10:41:03|t25,t25,20.0,1.3031960574204888,24.116666666666667,True,0.9229222025391202,4,13548.0,4,0.9005297455636068,0.9073519762613614,0.9073519762613614,0.9780041619884945,2.0,1.0,True
7PPD,CSE,Plate1,2024-10-25,2024-10-25|Plate1,7PPD|CSE|Plate1|2024-10-25 10:41:03|t25,t25,50.0,1.6998377258672457,24.116666666666667,True,0.9076247416592855,4,13548.0,4,0.8940330332775911,0.8193076136850078,0.8193076136850078,0.9780041619884945,2.0,1.0,True
7PPD,CSE,Plate1,2024-10-25,2024-10-25|Plate1,7PPD|CSE|Plate1|2024-10-25 10:41:03|t25,t25,100.0,2.000434077479319,24.116666666666667,True,0.8616770002952465,4,13548.0,4,0.8891094759057772,0.7976626693505249,0.7976626693505249,0.9780041619884945,2.0,1.0,True
7PPD,CSE,Plate1,2024-10-25,2024-10-25|Plate1,7PPD|CSE|Plate1|2024-10-25 10:41:03|t25,t25,200.0,2.3012470886362113,24.116666666666667,True,0.8261736049601417,4,13548.0,4,0.8841823698026051,0.7959150014008194,0.7959150014008194,0.9780041619884945,2.0,1.0,True
7PPD,CSE,Plate1,2024-10-25,2024-10-25|Plate1,7PPD|CSE|Plate1|2024-10-25 10:41:03|t25,t25,400.0,2.6021685513789974,24.116666666666667,True,0.6686226749335695,4,13548.0,4,0.8792534873385347,0.774527173416201,0.774527173416201,0.9780041619884945,2.0,1.0,True
7PPD,CSE,Plate2,2024-02-23,2024-02-23|Plate2,7PPD|CSE|Plate2|2024-02-23 10:12:11|unozonated,unozonated,0.1,-0.6989700043360187,24.0,True,1.0242741847699317,4,16076.75,4,0.990173710578573,1.0163404221071168,1.0163404221071168,0.9779225257819442,4.0,1.0,True
7PPD,CSE,Plate2,2024-02-23,2024-02-23|Plate2,7PPD|CSE|Plate2|2024-02-23 10:12:11|unozonated,unozonated,0.5,-0.2218487496163564,24.0,True,1.02024662944936,4,16076.75,4,0.981142136968028,0.9958077695194212,0.9958077695194212,0.9779225257819442,4.0,1.0,True
7PPD,CSE,Plate2,2024-02-23,2024-02-23|Plate2,7PPD|CSE|Plate2|2024-02-23 10:12:11|unozonated,unozonated,1.0,0.04139268515822508,24.0,True,1.0097656553718881,4,16076.75,4,0.9761591596389022,0.9805019221874428,0.9805019221874428,0.9779225257819442,4.0,1.0,True
7PPD,CSE,Plate2,2024-02-23,2024-02-23|Plate2,7PPD|CSE|Plate2|2024-02-23 10:12:11|unozonated,unozonated,5.0,0.7075701760979364,24.0,True,1.0865691137823255,4,16076.75,4,0.9635488829270727,0.9597784457312398,0.9597784457312398,0.9779225257819442,4.0,1.0,True
7PPD,CSE,Plate2,2024-02-23,2024-02-23|Plate2,7PPD|CSE|Plate2|2024-02-23 10:12:11|unozonated,unozonated,10.0,1.0043213737826426,24.0,True,1.046884476029048,4,16076.75,4,0.9579315890853184,0.9464375632233316,0.9464375632233316,0.9779225257819442,4.0,1.0,True
7PPD,CSE,Plate2,2024-02-23,2024-02-23|Plate2,7PPD|CSE|Plate2|2024-02-23 10:12:11|unozonated,unozonated,20.0,1.3031960574204888,24.0,True,1.013824311505746,4,16076.75,4,0.9522740991309261,0.9303890552090796,0.9303890552090796,0.9779225257819442,4.0,1.0,True
7PPD,CSE,Plate2,2024-02-23,2024-02-23|Plate2,7PPD|CSE|Plate2|2024-02-23 10:12:11|unozonated,unozonated,50.0,1.6998377258672457,24.0,True,0.9764100331223661,4,16076.75,4,0.944765948131258,0.8997993093753219,0.8997993093753219,0.9779225257819442,4.0,1.0,True
7PPD,CSE,Plate2,2024-02-23,2024-02-23|Plate2,7PPD|CSE|Plate2|2024-02-23 10:12:11|unozonated,unozonated,100.0,2.000434077479319,24.0,True,0.9961123983392166,4,16076.75,4,0.9390758681991853,0.8803328641344882,0.8803328641344882,0.9779225257819442,4.0,1.0,True
7PPD,CSE,Plate2,2024-02-23,2024-02-23|Plate2,7PPD|CSE|Plate2|2024-02-23 10:12:11|unozonated,unozonated,200.0,2.3012470886362113,24.0,True,0.9637364517082122,4,16076.75,4,0.933381687052572,0.844597850750041,0.844597850750041,0.9779225257819442,4.0,1.0,True
7PPD,CSE,Plate2,2024-10-17,2024-10-17|Plate2,7PPD|CSE|Plate2|2024-10-17 10:42:24|t0,t0,0.1,-0.6989700043360187,24.216666666666665,True,0.9920921896616778,4,15902.0,4,0.9744553812622004,1.0162380283363512,1.0162380283363512,0.9779225257819442,4.0,1.0,True
7PPD,CSE,Plate2,2024-10-17,2024-10-17|Plate2,7PPD|CSE|Plate2|2024-10-17 10:42:24|t0,t0,1.0,0.04139268515822508,24.216666666666665,True,0.9953779398817758,4,15902.0,4,0.9604408303225296,0.9856032888170428,0.9856032888170428,0.9779225257819442,4.0,1.0,True
7PPD,CSE,Plate2,2024-10-17,2024-10-17|Plate2,7PPD|CSE|Plate2|2024-10-17 10:42:24|t0,t0,5.0,0.7075701760979364,24.216666666666665,True,1.026427493397057,4,15902.0,4,0.9478305536107001,0.9852736072405885,0.9852736072405885,0.9779225257819442,4.0,1.0,True
7PPD,CSE,Plate2,2024-10-17,2024-10-17|Plate2,7PPD|CSE|Plate2|2024-10-17 10:42:24|t0,t0,10.0,1.0043213737826426,24.216666666666665,True,1.0194944032197208,4,15902.0,4,0.9422132597689459,0.9853502082473754,0.9853502082473754,0.9779225257819442,4.0,1.0,True
7PPD,CSE,Plate2,2024-10-17,2024-10-17|Plate2,7PPD|CSE|Plate2|2024-10-17 10:42:24|t0,t0,20.0,1.3031960574204888,24.216666666666665,True,1.0144793107785184,4,15902.0,4,0.9365557698145535,0.9920283042507051,0.9920283042507051,0.9779225257819442,4.0,1.0,True
7PPD,CSE,Plate2,2024-10-17,2024-10-17|Plate2,7PPD|CSE|Plate2|2024-10-17 10:42:24|t0,t0,50.0,1.6998377258672457,24.216666666666665,True,0.9645642057602817,4,15902.0,4,0.9290476188148855,0.9721709770765172,0.9721709770765172,0.9779225257819442,4.0,1.0,True
7PPD,CSE,Plate2,2024-10-17,2024-10-17|Plate2,7PPD|CSE|Plate2|2024-10-17 10:42:24|t0,t0,100.0,2.000434077479319,24.216666666666665,True,0.916944409508238,4,15902.0,4,0.9233575388828127,0.9339830561799051,0.9339830561799051,0.9779225257819442,4.0,1.0,True
7PPD,CSE,Plate2,2024-10-17,2024-10-17|Plate2,7PPD|CSE|Plate2|2024-10-17 10:42:24|t0,t0,200.0,2.3012470886362113,24.216666666666665,True,0.8587756257074581,4,15902.0,4,0.9176633577361994,0.8524048259789953,0.8524048259789953,0.9779225257819442,4.0,1.0,True
7PPD,CSE,Plate2,2024-10-17,2024-10-17|Plate2,7PPD|CSE|Plate2|2024-10-17 10:42:24|t0,t0,400.0,2.6021685513789974,24.216666666666665,True,0.7687083385737643,4,15902.0,4,0.9119671236764713,0.8524048259789953,0.8524048259789953,0.9779225257819442,4.0,1.0,True
7PPD,CSE,Plate3,2024-02-23,2024-02-23|Plate3,7PPD|CSE|Plate3|2024-02-23 10:14:05|unozonated,unozonated,0.1,-0.6989700043360187,24.0,True,1.0504275095598872,4,17455.75,4,0.9986742392742247,1.021969307105436,1.021969307105436,0.9788687404954326,3.0,1.0,True
7PPD,CSE,Plate3,2024-02-23,2024-02-23|Plate3,7PPD|CSE|Plate3|2024-02-23 10:14:05|unozonated,unozonated,0.5,-0.2218487496163564,24.0,True,0.9912493018059951,4,17455.75,4,0.9902634457413803,1.024080675507457,1.024080675507457,0.9788687404954326,3.0,1.0,True
7PPD,CSE,Plate3,2024-02-23,2024-02-23|Plate3,7PPD|CSE|Plate3|2024-02-23 10:14:05|unozonated,unozonated,1.0,0.04139268515822508,24.0,True,0.9749223035389485,4,17455.75,4,0.9856229705261655,1.025570108379646,1.025570108379646,0.9788687404954326,3.0,1.0,True
7PPD,CSE,Plate3,2024-02-23,2024-02-23|Plate3,7PPD|CSE|Plate3|2024-02-23 10:14:05|unozonated,unozonated,5.0,0.7075701760979364,24.0,True,0.9620182461366599,4,17455.75,4,0.9738794540152224,1.0375077455482722,1.0375077455482722,0.9788687404954326,3.0,1.0,True
7PPD,CSE,Plate3,2024-02-23,2024-02-23|Plate3,7PPD|CSE|Plate3|2024-02-23 10:14:05|unozonated,unozonated,10.0,1.0043213737826426,24.0,True,0.9527806023803045,4,17455.75,4,0.9686482616722678,1.0286083809785,1.0286083809785,0.9788687404954326,3.0,1.0,True
7PPD,CSE,Plate3,2024-02-23,2024-02-23|Plate3,7PPD|CSE|Plate3|2024-02-23 10:14:05|unozonated,unozonated,20.0,1.3031960574204888,24.0,True,0.9159016369964053,4,17455.75,4,0.963379636073626,1.0149475748769725,1.0149475748769725,0.9788687404954326,3.0,1.0,True
7PPD,CSE,Plate3,2024-02-23,2024-02-23|Plate3,7PPD|CSE|Plate3|2024-02-23 10:14:05|unozonated,unozonated,50.0,1.6998377258672457,24.0,True,0.8903083511163943,4,17455.75,4,0.9563875535645607,0.9728284805088496,0.9728284805088496,0.9788687404954326,3.0,1.0,True
7PPD,CSE,Plate3,2024-02-23,2024-02-23|Plate3,7PPD|CSE|Plate3|2024-02-23 10:14:05|unozonated,unozonated,100.0,2.000434077479319,24.0,True,0.8479011214069863,4,17455.75,4,0.951088578041827,0.9576890884634234,0.9576890884634234,0.9788687404954326,3.0,1.0,True
7PPD,CSE,Plate3,2024-02-23,2024-02-23|Plate3,7PPD|CSE|Plate3|2024-02-23 10:14:05|unozonated,unozonated,200.0,2.3012470886362113,24.0,True,0.8316743766380705,4,17455.75,4,0.9457857831992027,0.9441651821200575,0.9441651821200575,0.9788687404954326,3.0,1.0,True
7PPD,CSE,Plate3,2024-10-17,2024-10-17|Plate3,7PPD|CSE|Plate3|2024-10-17 10:44:29|t0,t0,0.1,-0.6989700043360187,24.2,True,1.0482531402292539,4,14569.0,4,1.0047651240373812,1.0002429421136434,1.0002429421136434,0.9788687404954326,3.0,1.0,True
7PPD,CSE,Plate3,2024-10-17,2024-10-17|Plate3,7PPD|CSE|Plate3|2024-10-17 10:44:29|t0,t0,1.0,0.04139268515822508,24.2,True,0.981072825863134,4,14569.0,4,0.991713855289322,1.0024827906320288,1.0024827906320288,0.9788687404954326,3.0,1.0,True
7PPD,CSE,Plate3,2024-10-17,2024-10-17|Plate3,7PPD|CSE|Plate3|2024-10-17 10:44:29|t0,t0,5.0,0.7075701760979364,24.2,True,0.9532397556455487,4,14569.0,4,0.9799703387783789,1.0176370850911092,1.0176370850911092,0.9788687404954326,3.0,1.0,True
7PPD,CSE,Plate3,2024-10-17,2024-10-17|Plate3,7PPD|CSE|Plate3|2024-10-17 10:44:29|t0,t0,10.0,1.0043213737826426,24.2,True,0.9449001304138925,4,14569.0,4,0.9747391464354244,1.0122869734255733,1.0122869734255733,0.9788687404954326,3.0,1.0,True
7PPD,CSE,Plate3,2024-10-17,2024-10-17|Plate3,7PPD|CSE|Plate3|2024-10-17 10:44:29|t0,t0,20.0,1.3031960574204888,24.2,True,1.0508099389113872,4,14569.0,4,0.9694705208367824,1.0039117675509586,1.0039117675509586,0.9788687404954326,3.0,1.0,True
7PPD,CSE,Plate3,2024-10-17,2024-10-17|Plate3,7PPD|CSE|Plate3|2024-10-17 10:44:29|t0,t0,50.0,1.6998377258672457,24.2,True,1.0152035143112088,4,14569.0,4,0.9624784383277172,0.9591847807338254,0.9591847807338254,0.9788687404954326,3.0,1.0,True
7PPD,CSE,Plate3,2024-10-17,2024-10-17|Plate3,7PPD|CSE|Plate3|2024-10-17 10:44:29|t0,t0,100.0,2.000434077479319,24.2,True,0.9847964856887913,4,14569.0,4,0.9571794628049836,0.9108206297790606,0.9108206297790606,0.9788687404954326,3.0,1.0,True
7PPD,CSE,Plate3,2024-10-17,2024-10-17|Plate3,7PPD|CSE|Plate3|2024-10-17 10:44:29|t0,t0,200.0,2.3012470886362113,24.2,True,0.893849955384721,4,14569.0,4,0.9518766679623593,0.8473494587584552,0.8473494587584552,0.9788687404954326,3.0,1.0,True
7PPD,CSE,Plate3,2024-10-17,2024-10-17|Plate3,7PPD|CSE|Plate3|2024-10-17 10:44:29|t0,t0,400.0,2.6021685513789974,24.2,True,0.7847141190198367,4,14569.0,4,0.946571961312436,0.8259103217907583,0.8259103217907583,0.9788687404954326,3.0,1.0,True
7PPD,CSE,Plate3,2024-10-25,2024-10-25|Plate3,7PPD|CSE|Plate3|2024-10-25 10:46:21|t25,t25,0.1,-0.6989700043360187,24.1,True,1.0017222928232226,4,14951.0,4,0.95041242480414,0.9681498584149023,0.9681498584149023,0.9820471015172056,1.0,1.0,True
7PPD,CSE,Plate3,2024-10-25,2024-10-25|Plate3,7PPD|CSE|Plate3|2024-10-25 10:46:21|t25,t25,1.0,0.04139268515822508,24.1,True,0.9824760885559494,4,14951.0,4,0.9380203865750235,0.9823827218211272,0.9823827218211272,0.9820471015172056,1.0,1.0,True
7PPD,CSE,Plate3,2024-10-25,2024-10-25|Plate3,7PPD|CSE|Plate3|2024-10-25 10:46:21|t25,t25,5.0,0.7075701760979364,24.1,True,0.9913885358838874,4,14951.0,4,0.926870044921879,0.9972695776834896,0.9972695776834896,0.9820471015172056,1.0,1.0,True
7PPD,CSE,Plate3,2024-10-25,2024-10-25|Plate3,7PPD|CSE|Plate3|2024-10-25 10:46:21|t25,t25,10.0,1.0043213737826426,24.1,True,1.002223931509598,4,14951.0,4,0.9219030844869102,0.9719426622666271,0.9719426622666271,0.9820471015172056,1.0,1.0,True
7PPD,CSE,Plate3,2024-10-25,2024-10-25|Plate3,7PPD|CSE|Plate3|2024-10-25 10:46:21|t25,t25,20.0,1.3031960574204888,24.1,True,0.9226473145608989,4,14951.0,4,0.9169005815813609,0.9391936370831312,0.9391936370831312,0.9820471015172056,1.0,1.0,True
7PPD,CSE,Plate3,2024-10-25,2024-10-25|Plate3,7PPD|CSE|Plate3|2024-10-25 10:46:21|t25,t25,50.0,1.6998377258672457,24.1,True,0.7963012507524581,4,14951.0,4,0.9102616750178624,0.8794252860383782,0.8794252860383782,0.9820471015172056,1.0,1.0,True
7PPD,CSE,Plate3,2024-10-25,2024-10-25|Plate3,7PPD|CSE|Plate3|2024-10-25 10:46:21|t25,t25,100.0,2.000434077479319,24.1,True,0.8135910641428667,4,14951.0,4,0.9052303551883145,0.8514341319676708,0.8514341319676708,0.9820471015172056,1.0,1.0,True
7PPD,CSE,Plate3,2024-10-25,2024-10-25|Plate3,7PPD|CSE|Plate3|2024-10-25 10:46:21|t25,t25,200.0,2.3012470886362113,24.1,True,0.8126212293492074,4,14951.0,4,0.9001954089559236,0.8444016563583564,0.8444016563583564,0.9820471015172056,1.0,1.0,True
7PPD,CSE,Plate3,2024-10-25,2024-10-25|Plate3,7PPD|CSE|Plate3|2024-10-25 10:46:21|t25,t25,400.0,2.6021685513789974,24.1,True,0.6769279646846365,4,14951.0,4,0.8951586474832222,0.8069002653038394,0.8069002653038394,0.9820471015172056,1.0,1.0,True
7PPD,RTG,Plate1,2024-10-09,2024-10-09|Plate1,7PPD|RTG|Plate1|2024-10-09 11:00:09|unozonated,unozonated,0.1,-0.6989700043360187,23.95,True,1.0480108363016103,4,34882.75,4,1.0450987884949499,1.0586984220586935,1.0586984220586935,0.9779225257819442,4.0,1.0,True
7PPD,RTG,Plate1,2024-10-09,2024-10-09|Plate1,7PPD|RTG|Plate1|2024-10-09 11:00:09|unozonated,unozonated,0.5,-0.2218487496163564,23.95,True,0.9956497122503243,4,34882.75,4,1.036067214884405,1.0586984220586935,1.0586984220586935,0.9779225257819442,4.0,1.0,True
7PPD,RTG,Plate1,2024-10-09,2024-10-09|Plate1,7PPD|RTG|Plate1|2024-10-09 11:00:09|unozonated,unozonated,1.0,0.04139268515822508,23.95,True,1.014821079186704,4,34882.75,4,1.0310842375552791,1.062910296307129,1.062910296307129,0.9779225257819442,4.0,1.0,True
7PPD,RTG,Plate1,2024-10-09,2024-10-09|Plate1,7PPD|RTG|Plate1|2024-10-09 11:00:09|unozonated,unozonated,5.0,0.7075701760979364,23.95,True,1.0207480774881568,4,34882.75,4,1.0184739608434497,1.0750897145366807,1.0750897145366807,0.9779225257819442,4.0,1.0,True
7PPD,RTG,Plate1,2024-10-09,2024-10-09|Plate1,7PPD|RTG|Plate1|2024-10-09 11:00:09|unozonated,unozonated,10.0,1.0043213737826426,23.95,True,1.0366226859980936,4,34882.75,4,1.0128566670016954,1.0780988901203705,1.0780988901203705,0.9779225257819442,4.0,1.0,True
7PPD,RTG,Plate1,2024-10-09,2024-10-09|Plate1,7PPD|RTG|Plate1|2024-10-09 11:00:09|unozonated,unozonated,20.0,1.3031960574204888,23.95,True,1.0325590728941956,4,34882.75,4,1.007199177047303,1.0789002810393973,1.0789002810393973,0.9779225257819442,4.0,1.0,True
7PPD,RTG,Plate1,2024-10-09,2024-10-09|Plate1,7PPD|RTG|Plate1|2024-10-09 11:00:09|unozonated,unozonated,50.0,1.6998377258672457,23.95,True,1.0315342110355405,4,34882.75,4,0.999691026047635,1.0781760341699338,1.0781760341699338,0.9779225257819442,4.0,1.0,True
7PPD,RTG,Plate1,2024-10-09,2024-10-09|Plate1,7PPD|RTG|Plate1|2024-10-09 11:00:09|unozonated,unozonated,100.0,2.000434077479319,23.95,True,1.0469573069783775,4,34882.75,4,0.9940009461155622,1.0836038541064819,1.0836038541064819,0.9779225257819442,4.0,1.0,True
7PPD,RTG,Plate1,2024-10-09,2024-10-09|Plate1,7PPD|RTG|Plate1|2024-10-09 11:00:09|unozonated,unozonated,200.0,2.3012470886362113,23.95,True,1.0572919279586614,4,34882.75,4,0.988306764968949,1.0836038541064819,1.0836038541064819,0.9779225257819442,4.0,1.0,True
7PPD,RTG,Plate2,2024-10-09,2024-10-09|Plate2,7PPD|RTG|Plate2|2024-10-09 11:03:21|unozonated,unozonated,0.1,-0.6989700043360187,23.95,True,1.0871651785714285,4,33600.0,4,1.0324696597250125,1.0284503015544044,1.0284503015544044,0.9788687404954326,3.0,1.0,True
7PPD,RTG,Plate2,2024-10-09,2024-10-09|Plate2,7PPD|RTG|Plate2|2024-10-09 11:03:21|unozonated,unozonated,0.5,-0.2218487496163564,23.95,True,1.0737723214285715,4,33600.0,4,1.0240588661921681,1.025491412903915,1.025491412903915,0.9788687404954326,3.0,1.0,True
7PPD,RTG,Plate2,2024-10-09,2024-10-09|Plate2,7PPD|RTG|Plate2|2024-10-09 11:03:21|unozonated,unozonated,1.0,0.04139268515822508,23.95,True,1.071205357142857,4,33600.0,4,1.0194183909769534,1.031562895183311,1.031562895183311,0.9788687404954326,3.0,1.0,True
7PPD,RTG,Plate2,2024-10-09,2024-10-09|Plate2,7PPD|RTG|Plate2|2024-10-09 11:03:21|unozonated,unozonated,5.0,0.7075701760979364,23.95,True,1.0878497023809524,4,33600.0,4,1.0076748744660102,1.042403741489713,1.042403741489713,0.9788687404954326,3.0,1.0,True
7PPD,RTG,Plate2,2024-10-09,2024-10-09|Plate2,7PPD|RTG|Plate2|2024-10-09 11:03:21|unozonated,unozonated,10.0,1.0043213737826426,23.95,True,1.0932589285714287,4,33600.0,4,1.0024436821230556,1.0463032755067494,1.0463032755067494,0.9788687404954326,3.0,1.0,True
7PPD,RTG,Plate2,2024-10-09,2024-10-09|Plate2,7PPD|RTG|Plate2|2024-10-09 11:03:21|unozonated,unozonated,20.0,1.3031960574204888,23.95,True,1.118325892857143,4,33600.0,4,0.9971750565244137,1.0460998757319255,1.0460998757319255,0.9788687404954326,3.0,1.0,True
7PPD,RTG,Plate2,2024-10-09,2024-10-09|Plate2,7PPD|RTG|Plate2|2024-10-09 11:03:21|unozonated,unozonated,50.0,1.6998377258672457,23.95,True,1.055610119047619,4,33600.0,4,0.9901829740153485,1.0515110931291858,1.0515110931291858,0.9788687404954326,3.0,1.0,True
7PPD,RTG,Plate2,2024-10-09,2024-10-09|Plate2,7PPD|RTG|Plate2|2024-10-09 11:03:21|unozonated,unozonated,100.0,2.000434077479319,23.95,True,1.0860937499999999,4,33600.0,4,0.9848839984926149,1.062133886946002,1.062133886946002,0.9788687404954326,3.0,1.0,True
7PPD,RTG,Plate2,2024-10-09,2024-10-09|Plate2,7PPD|RTG|Plate2|2024-10-09 11:03:21|unozonated,unozonated,200.0,2.3012470886362113,23.95,True,1.116391369047619,4,33600.0,4,0.9795812036499906,1.0592196958462032,1.0592196958462032,0.9788687404954326,3.0,1.0,True
7PPD,RTG,Plate3,2024-10-09,2024-10-09|Plate3,7PPD|RTG|Plate3|2024-10-09 11:06:31|unozonated,unozonated,0.1,-0.6989700043360187,23.95,True,1.041867279062401,4,31570.0,4,1.0312106809159445,1.0517190880111638,1.0517190880111638,0.9780041619884945,2.0,1.0,True
7PPD,RTG,Plate3,2024-10-09,2024-10-09|Plate3,7PPD|RTG|Plate3|2024-10-09 11:06:31|unozonated,unozonated,0.5,-0.2218487496163564,23.95,True,0.9885096610706366,4,31570.0,4,1.0233957694630078,1.0513804569674803,1.0513804569674803,0.9780041619884945,2.0,1.0,True
7PPD,RTG,Plate3,2024-10-09,2024-10-09|Plate3,7PPD|RTG|Plate3|2024-10-09 11:06:31|unozonated,unozonated,1.0,0.04139268515822508,23.95,True,1.0465156794425088,4,31570.0,4,1.0190840594246109,1.0520827049172017,1.0520827049172017,0.9780041619884945,2.0,1.0,True
7PPD,RTG,Plate3,2024-10-09,2024-10-09|Plate3,7PPD|RTG|Plate3|2024-10-09 11:06:31|unozonated,unozonated,5.0,0.7075701760979364,23.95,True,1.0719116249604055,4,31570.0,4,1.0081725394448686,1.0568645984682135,1.0568645984682135,0.9780041619884945,2.0,1.0,True
7PPD,RTG,Plate3,2024-10-09,2024-10-09|Plate3,7PPD|RTG|Plate3|2024-10-09 11:06:31|unozonated,unozonated,10.0,1.0043213737826426,23.95,True,1.0685856826100728,4,31570.0,4,1.0033119629970189,1.060673764291325,1.060673764291325,0.9780041619884945,2.0,1.0,True
7PPD,RTG,Plate3,2024-10-09,2024-10-09|Plate3,7PPD|RTG|Plate3|2024-10-09 11:06:31|unozonated,unozonated,20.0,1.3031960574204888,23.95,True,1.0811292366170415,4,31570.0,4,0.998416605338877,1.0622958226437913,1.0622958226437913,0.9780041619884945,2.0,1.0,True
7PPD,RTG,Plate3,2024-10-09,2024-10-09|Plate3,7PPD|RTG|Plate3|2024-10-09 11:06:31|unozonated,unozonated,50.0,1.6998377258672457,23.95,True,1.0296563192904657,4,31570.0,4,0.9919198930528613,1.0614038842719469,1.0614038842719469,0.9780041619884945,2.0,1.0,True
7PPD,RTG,Plate3,2024-10-09,2024-10-09|Plate3,7PPD|RTG|Plate3|2024-10-09 11:06:31|unozonated,unozonated,100.0,2.000434077479319,23.95,True,1.0752850807728858,4,31570.0,4,0.9869963356810474,1.0672176076007573,1.0672176076007573,0.9780041619884945,2.0,1.0,True
7PPD,RTG,Plate3,2024-10-09,2024-10-09|Plate3,7PPD|RTG|Plate3|2024-10-09 11:06:31|unozonated,unozonated,200.0,2.3012470886362113,23.95,True,1.1224263541336712,4,31570.0,4,0.9820692295778753,1.067844514423502,1.067844514423502,0.9780041619884945,2.0,1.0,True
7PPD,RTG,Plate4,2024-10-17,2024-10-17|Plate4,7PPD|RTG|Plate4|2024-10-17 10:48:20|t0,t0,0.1,-0.6989700043360187,24.233333333333334,True,1.0025636553889083,4,28670.0,4,1.0317980633557509,0.9846314777376294,0.9846314777376294,0.9788687404954326,3.0,1.0,True
7PPD,RTG,Plate4,2024-10-17,2024-10-17|Plate4,7PPD|RTG|Plate4|2024-10-17 10:48:20|t0,t0,1.0,0.04139268515822508,24.233333333333334,True,1.0330048831531218,4,28670.0,4,1.0187467946076916,0.9835234854792929,0.9835234854792929,0.9788687404954326,3.0,1.0,True
7PPD,RTG,Plate4,2024-10-17,2024-10-17|Plate4,7PPD|RTG|Plate4|2024-10-17 10:48:20|t0,t0,5.0,0.7075701760979364,24.233333333333334,True,1.0077781653296127,4,28670.0,4,1.0070032780967484,0.9757306770347882,0.9757306770347882,0.9788687404954326,3.0,1.0,True
7PPD,RTG,Plate4,2024-10-17,2024-10-17|Plate4,7PPD|RTG|Plate4|2024-10-17 10:48:20|t0,t0,10.0,1.0043213737826426,24.233333333333334,True,1.016079525636554,4,28670.0,4,1.001772085753794,0.9690176109817225,0.9690176109817225,0.9788687404954326,3.0,1.0,True
7PPD,RTG,Plate4,2024-10-17,2024-10-17|Plate4,7PPD|RTG|Plate4|2024-10-17 10:48:20|t0,t0,20.0,1.3031960574204888,24.233333333333334,True,1.0344436693407744,4,28670.0,4,0.996503460155152,0.9670296024472823,0.9670296024472823,0.9788687404954326,3.0,1.0,True
7PPD,RTG,Plate4,2024-10-17,2024-10-17|Plate4,7PPD|RTG|Plate4|2024-10-17 10:48:20|t0,t0,50.0,1.6998377258672457,24.233333333333334,True,0.9964422741541681,4,28670.0,4,0.9895113776460868,0.9569129623429777,0.9569129623429777,0.9788687404954326,3.0,1.0,True
7PPD,RTG,Plate4,2024-10-17,2024-10-17|Plate4,7PPD|RTG|Plate4|2024-10-17 10:48:20|t0,t0,100.0,2.000434077479319,24.233333333333334,True,0.9971921869550052,4,28670.0,4,0.9842124021233531,0.9088311816200882,0.9088311816200882,0.9788687404954326,3.0,1.0,True
7PPD,RTG,Plate4,2024-10-17,2024-10-17|Plate4,7PPD|RTG|Plate4|2024-10-17 10:48:20|t0,t0,200.0,2.3012470886362113,24.233333333333334,True,0.9332490408092082,4,28670.0,4,0.9789096072807288,0.8753634641162411,0.8753634641162411,0.9788687404954326,3.0,1.0,True
7PPD,RTG,Plate4,2024-10-17,2024-10-17|Plate4,7PPD|RTG|Plate4|2024-10-17 10:48:20|t0,t0,400.0,2.6021685513789974,24.233333333333334,True,0.8691576560865015,4,28670.0,4,0.9736049006308056,0.8469989736738235,0.8469989736738235,0.9788687404954326,3.0,1.0,True
7PPD,RTG,Plate4,2024-10-25,2024-10-25|Plate4,7PPD|RTG|Plate4|2024-10-25 10:48:50|t25,t25,0.1,-0.6989700043360187,24.1,True,1.0288356617712824,4,41927.25,4,0.9686458401148156,1.0084492719115277,1.0084492719115277,0.9780041619884945,2.0,1.0,True
7PPD,RTG,Plate4,2024-10-25,2024-10-25|Plate4,7PPD|RTG|Plate4|2024-10-25 10:48:50|t25,t25,1.0,0.04139268515822508,24.1,True,1.0248704601422702,4,41927.25,4,0.956519218623482,1.018094343064372,1.018094343064372,0.9780041619884945,2.0,1.0,True
7PPD,RTG,Plate4,2024-10-25,2024-10-25|Plate4,7PPD|RTG|Plate4|2024-10-25 10:48:50|t25,t25,5.0,0.7075701760979364,24.1,True,1.0229743186114042,4,41927.25,4,0.9456076986437397,1.016944699070997,1.016944699070997,0.9780041619884945,2.0,1.0,True
7PPD,RTG,Plate4,2024-10-25,2024-10-25|Plate4,7PPD|RTG|Plate4|2024-10-25 10:48:50|t25,t25,10.0,1.0043213737826426,24.1,True,1.011913493014686,4,41927.25,4,0.9407471221958901,1.0044110299844817,1.0044110299844817,0.9780041619884945,2.0,1.0,True
7PPD,RTG,Plate4,2024-10-25,2024-10-25|Plate4,7PPD|RTG|Plate4|2024-10-25 10:48:50|t25,t25,20.0,1.3031960574204888,24.1,True,1.0135830515953228,4,41927.25,4,0.9358517645377481,0.9600130983543551,0.9600130983543551,0.9780041619884945,2.0,1.0,True
7PPD,RTG,Plate4,2024-10-25,2024-10-25|Plate4,7PPD|RTG|Plate4|2024-10-25 10:48:50|t25,t25,50.0,1.6998377258672457,24.1,True,0.9709139044416221,4,41927.25,4,0.9293550522517324,0.9489922804232428,0.9489922804232428,0.9780041619884945,2.0,1.0,True
7PPD,RTG,Plate4,2024-10-25,2024-10-25|Plate4,7PPD|RTG|Plate4|2024-10-25 10:48:50|t25,t25,100.0,2.000434077479319,24.1,True,0.9649392698066294,4,41927.25,4,0.9244314948799185,0.938585247059227,0.938585247059227,0.9780041619884945,2.0,1.0,True
7PPD,RTG,Plate4,2024-10-25,2024-10-25|Plate4,7PPD|RTG|Plate4|2024-10-25 10:48:50|t25,t25,200.0,2.3012470886362113,24.1,True,0.8818608422923039,4,41927.25,4,0.9195043887767465,0.9363224834885043,0.9363224834885043,0.9780041619884945,2.0,1.0,True
7PPD,RTG,Plate4,2024-10-25,2024-10-25|Plate4,7PPD|RTG|Plate4|2024-10-25 10:48:50|t25,t25,400.0,2.6021685513789974,24.1,True,0.7856704172107638,4,41927.25,4,0.914575506312676,0.865469132122247,0.865469132122247,0.9780041619884945,2.0,1.0,True
7PPD,RTG,Plate5,2024-10-17,2024-10-17|Plate5,7PPD|RTG|Plate5|2024-10-17 10:51:17|t0,t0,0.1,-0.6989700043360187,24.233333333333334,True,1.0132134281836755,4,33526.5,4,1.0247135701526056,0.9909179937547482,0.9909179937547482,0.9780041619884945,2.0,1.0,True
7PPD,RTG,Plate5,2024-10-17,2024-10-17|Plate5,7PPD|RTG|Plate5|2024-10-17 10:51:17|t0,t0,1.0,0.04139268515822508,24.233333333333334,True,1.004891652871609,4,33526.5,4,1.012586948661272,0.9937965210521383,0.9937965210521383,0.9780041619884945,2.0,1.0,True
7PPD,RTG,Plate5,2024-10-17,2024-10-17|Plate5,7PPD|RTG|Plate5|2024-10-17 10:51:17|t0,t0,5.0,0.7075701760979364,24.233333333333334,True,0.9985310127809345,4,33526.5,4,1.0016754286815297,0.9874312525469041,0.9874312525469041,0.9780041619884945,2.0,1.0,True
7PPD,RTG,Plate5,2024-10-17,2024-10-17|Plate5,7PPD|RTG|Plate5|2024-10-17 10:51:17|t0,t0,10.0,1.0043213737826426,24.233333333333334,True,0.9848328933828464,4,33526.5,4,0.9968148522336799,0.9854591751166951,0.9854591751166951,0.9780041619884945,2.0,1.0,True
7PPD,RTG,Plate5,2024-10-17,2024-10-17|Plate5,7PPD|RTG|Plate5|2024-10-17 10:51:17|t0,t0,20.0,1.3031960574204888,24.233333333333334,True,0.9930651872399445,4,33526.5,4,0.9919194945755381,0.9769110891222853,0.9769110891222853,0.9780041619884945,2.0,1.0,True
7PPD,RTG,Plate5,2024-10-17,2024-10-17|Plate5,7PPD|RTG|Plate5|2024-10-17 10:51:17|t0,t0,50.0,1.6998377258672457,24.233333333333334,True,0.9770107228610204,4,33526.5,4,0.9854227822895224,0.9633793197184025,0.9633793197184025,0.9780041619884945,2.0,1.0,True
7PPD,RTG,Plate5,2024-10-17,2024-10-17|Plate5,7PPD|RTG|Plate5|2024-10-17 10:51:17|t0,t0,100.0,2.000434077479319,24.233333333333334,True,0.9382503392838502,4,33526.5,4,0.9804992249177084,0.9290413455651478,0.9290413455651478,0.9780041619884945,2.0,1.0,True
7PPD,RTG,Plate5,2024-10-17,2024-10-17|Plate5,7PPD|RTG|Plate5|2024-10-17 10:51:17|t0,t0,200.0,2.3012470886362113,24.233333333333334,True,0.8940986980448302,4,33526.5,4,0.9755721188145364,0.9125589329655143,0.9125589329655143,0.9780041619884945,2.0,1.0,True
7PPD,RTG,Plate5,2024-10-17,2024-10-17|Plate5,7PPD|RTG|Plate5|2024-10-17 10:51:17|t0,t0,400.0,2.6021685513789974,24.233333333333334,True,0.8600659180051601,4,33526.5,4,0.9706432363504659,0.8731942955735688,0.8731942955735688,0.9780041619884945,2.0,1.0,True
7PPD,RTG,Plate5,2024-10-25,2024-10-25|Plate5,7PPD|RTG|Plate5|2024-10-25 10:50:39|t25,t25,0.1,-0.6989700043360187,24.083333333333332,True,1.008694675353853,4,44510.0,4,0.9882995167103076,1.0192007539072763,1.0192007539072763,0.9820471015172056,1.0,1.0,True
7PPD,RTG,Plate5,2024-10-25,2024-10-25|Plate5,7PPD|RTG|Plate5|2024-10-25 10:50:39|t25,t25,1.0,0.04139268515822508,24.083333333333332,True,1.0221523253201528,4,44510.0,4,0.9759074784811912,1.0215676869069876,1.0215676869069876,0.9820471015172056,1.0,1.0,True
7PPD,RTG,Plate5,2024-10-25,2024-10-25|Plate5,7PPD|RTG|Plate5|2024-10-25 10:50:39|t25,t25,5.0,0.7075701760979364,24.083333333333332,True,1.027858908110537,4,44510.0,4,0.9647571368280466,1.0096003565353882,1.0096003565353882,0.9820471015172056,1.0,1.0,True
7PPD,RTG,Plate5,2024-10-25,2024-10-25|Plate5,7PPD|RTG|Plate5|2024-10-25 10:50:39|t25,t25,10.0,1.0043213737826426,24.083333333333332,True,1.0277858908110538,4,44510.0,4,0.9597901763930778,1.0083807934281381,1.0083807934281381,0.9820471015172056,1.0,1.0,True
7PPD,RTG,Plate5,2024-10-25,2024-10-25|Plate5,7PPD|RTG|Plate5|2024-10-25 10:50:39|t25,t25,20.0,1.3031960574204888,24.083333333333332,True,0.9364356324421479,4,44510.0,4,0.9547876734875285,0.9974364206025562,0.9974364206025562,0.9820471015172056,1.0,1.0,True
7PPD,RTG,Plate5,2024-10-25,2024-10-25|Plate5,7PPD|RTG|Plate5|2024-10-25 10:50:39|t25,t25,50.0,1.6998377258672457,24.083333333333332,True,0.9140642552235453,4,44510.0,4,0.94814876692403,0.981242289813171,0.981242289813171,0.9820471015172056,1.0,1.0,True
7PPD,RTG,Plate5,2024-10-25,2024-10-25|Plate5,7PPD|RTG|Plate5|2024-10-25 10:50:39|t25,t25,100.0,2.000434077479319,24.083333333333332,True,0.9291282857784767,4,44510.0,4,0.9431174470944822,0.967134451433112,0.967134451433112,0.9820471015172056,1.0,1.0,True
7PPD,RTG,Plate5,2024-10-25,2024-10-25|Plate5,7PPD|RTG|Plate5|2024-10-25 10:50:39|t25,t25,200.0,2.3012470886362113,24.083333333333332,True,0.9619018198157717,4,44510.0,4,0.9380825008620912,0.9230164677550149,0.9230164677550149,0.9820471015172056,1.0,1.0,True
7PPD,RTG,Plate5,2024-10-25,2024-10-25|Plate5,7PPD|RTG|Plate5|2024-10-25 10:50:39|t25,t25,400.0,2.6021685513789974,24.083333333333332,True,0.8678106043585712,4,44510.0,4,0.9330457393893898,0.8421043940318966,0.8421043940318966,0.9820471015172056,1.0,1.0,True
7PPD,RTG,Plate6,2024-10-17,2024-10-17|Plate6,7PPD|RTG|Plate6|2024-10-17 10:53:08|t0,t0,0.1,-0.6989700043360187,24.233333333333334,True,0.9723960118843561,4,35004.0,4,1.0306989508364772,1.011073288923303,1.011073288923303,0.9820471015172056,1.0,1.0,True
7PPD,RTG,Plate6,2024-10-17,2024-10-17|Plate6,7PPD|RTG|Plate6|2024-10-17 10:53:08|t0,t0,1.0,0.04139268515822508,24.233333333333334,True,0.9755670780482231,4,35004.0,4,1.0183069126073607,1.0141619033593121,1.0141619033593121,0.9820471015172056,1.0,1.0,True
7PPD,RTG,Plate6,2024-10-17,2024-10-17|Plate6,7PPD|RTG|Plate6|2024-10-17 10:53:08|t0,t0,5.0,0.7075701760979364,24.233333333333334,True,0.9535981602102617,4,35004.0,4,1.0071565709542163,1.0061724831030594,1.0061724831030594,0.9820471015172056,1.0,1.0,True
7PPD,RTG,Plate6,2024-10-17,2024-10-17|Plate6,7PPD|RTG|Plate6|2024-10-17 10:53:08|t0,t0,10.0,1.0043213737826426,24.233333333333334,True,0.9392569420637642,4,35004.0,4,1.0021896105192474,1.0055292172332844,1.0055292172332844,0.9820471015172056,1.0,1.0,True
7PPD,RTG,Plate6,2024-10-17,2024-10-17|Plate6,7PPD|RTG|Plate6|2024-10-17 10:53:08|t0,t0,20.0,1.3031960574204888,24.233333333333334,True,0.9413567020911896,4,35004.0,4,0.9971871076136981,1.0049759548943553,1.0049759548943553,0.9820471015172056,1.0,1.0,True
7PPD,RTG,Plate6,2024-10-17,2024-10-17|Plate6,7PPD|RTG|Plate6|2024-10-17 10:53:08|t0,t0,50.0,1.6998377258672457,24.233333333333334,True,0.9420923323048794,4,35004.0,4,0.9905482010501996,0.994535023745896,0.994535023745896,0.9820471015172056,1.0,1.0,True
7PPD,RTG,Plate6,2024-10-17,2024-10-17|Plate6,7PPD|RTG|Plate6|2024-10-17 10:53:08|t0,t0,100.0,2.000434077479319,24.233333333333334,True,0.8686078733858987,4,35004.0,4,0.9855168812206517,0.966862056974929,0.966862056974929,0.9820471015172056,1.0,1.0,True
7PPD,RTG,Plate6,2024-10-17,2024-10-17|Plate6,7PPD|RTG|Plate6|2024-10-17 10:53:08|t0,t0,200.0,2.3012470886362113,24.233333333333334,True,0.8525382813392754,4,35004.0,4,0.9804819349882609,0.9191522752954021,0.9191522752954021,0.9820471015172056,1.0,1.0,True
7PPD,RTG,Plate6,2024-10-17,2024-10-17|Plate6,7PPD|RTG|Plate6|2024-10-17 10:53:08|t0,t0,400.0,2.6021685513789974,24.233333333333334,True,0.8566520969032111,4,35004.0,4,0.9754451735155594,0.842450208520736,0.842450208520736,0.9820471015172056,1.0,1.0,True
7PPD,RTG,Plate6,2024-10-25,2024-10-25|Plate6,7PPD|RTG|Plate6|2024-10-25 10:52:26|t25,t25,0.1,-0.6989700043360187,24.066666666666666,True,1.0153978402192017,4,46532.5,4,0.9836802382063168,1.0081437151638395,1.0081437151638395,0.9776901457031006,0.0,1.0,True
7PPD,RTG,Plate6,2024-10-25,2024-10-25|Plate6,7PPD|RTG|Plate6|2024-10-25 10:52:26|t25,t25,1.0,0.04139268515822508,24.066666666666666,True,1.024364691344759,4,46532.5,4,0.9700627140027995,1.0198606669872314,1.0198606669872314,0.9776901457031006,0.0,1.0,True
7PPD,RTG,Plate6,2024-10-25,2024-10-25|Plate6,7PPD|RTG|Plate6|2024-10-25 10:52:26|t25,t25,5.0,0.7075701760979364,24.066666666666666,True,0.997238489227959,4,46532.5,4,0.9578096814885505,1.032055278864066,1.032055278864066,0.9776901457031006,0.0,1.0,True
7PPD,RTG,Plate6,2024-10-25,2024-10-25|Plate6,7PPD|RTG|Plate6|2024-10-25 10:52:26|t25,t25,10.0,1.0043213737826426,24.066666666666666,True,1.0192607317466287,4,46532.5,4,0.95235152338005,1.001762543061363,1.001762543061363,0.9776901457031006,0.0,1.0,True
7PPD,RTG,Plate6,2024-10-25,2024-10-25|Plate6,7PPD|RTG|Plate6|2024-10-25 10:52:26|t25,t25,20.0,1.3031960574204888,24.066666666666666,True,0.9769193574383496,4,46532.5,4,0.9468543078990307,0.9755839740769382,0.9755839740769382,0.9776901457031006,0.0,1.0,True
7PPD,RTG,Plate6,2024-10-25,2024-10-25|Plate6,7PPD|RTG|Plate6|2024-10-25 10:52:26|t25,t25,50.0,1.6998377258672457,24.066666666666666,True,0.9951807876215548,4,46532.5,4,0.9395588598749185,0.9510502797294758,0.9510502797294758,0.9776901457031006,0.0,1.0,True
7PPD,RTG,Plate6,2024-10-25,2024-10-25|Plate6,7PPD|RTG|Plate6|2024-10-25 10:52:26|t25,t25,100.0,2.000434077479319,24.066666666666666,True,0.9742599258582711,4,46532.5,4,0.9340299776775152,0.9428232156377531,0.9428232156377531,0.9776901457031006,0.0,1.0,True
7PPD,RTG,Plate6,2024-10-25,2024-10-25|Plate6,7PPD|RTG|Plate6|2024-10-25 10:52:26|t25,t25,200.0,2.3012470886362113,24.066666666666666,True,0.9754311502713158,4,46532.5,4,0.9284971104513721,0.9115707426139312,0.9115707426139312,0.9776901457031006,0.0,1.0,True
7PPD,RTG,Plate6,2024-10-25,2024-10-25|Plate6,7PPD|RTG|Plate6|2024-10-25 10:52:26|t25,t25,400.0,2.6021685513789974,24.066666666666666,True,0.8498361360339548,4,46532.5,4,0.9229622484703383,0.8403592977083151,0.8403592977083151,0.9776901457031006,0.0,1.0,True
7PPDQ,CHSE,Plate1,2024-10-31,2024-10-31|Plate1,7PPDQ|CHSE|Plate1|2024-10-31 11:07:41|unozonated,unozonated,0.1,-0.6989700043360187,24.0,True,1.0128382160850906,4,13397.5,4,1.0512060087097088,0.9841956497357631,0.9841956497357631,0.9776901457031006,0.0,1.0,True
7PPDQ,CHSE,Plate1,2024-10-31,2024-10-31|Plate1,7PPDQ|CHSE|Plate1|2024-10-31 11:07:41|unozonated,unozonated,1.0,0.04139268515822508,24.0,True,0.9843814144429931,4,13397.5,4,1.0375884845061916,0.9823244100696102,0.9823244100696102,0.9776901457031006,0.0,1.0,True
7PPDQ,CHSE,Plate1,2024-10-31,2024-10-31|Plate1,7PPDQ|CHSE|Plate1|2024-10-31 11:07:41|unozonated,unozonated,5.0,0.7075701760979364,24.0,True,0.9512409031535735,4,13397.5,4,1.0253354519919426,0.9678479740401728,0.9678479740401728,0.9776901457031006,0.0,1.0,True
7PPDQ,CHSE,Plate1,2024-10-31,2024-10-31|Plate1,7PPDQ|CHSE|Plate1|2024-10-31 11:07:41|unozonated,unozonated,10.0,1.0043213737826426,24.0,True,0.9113640604590408,4,13397.5,4,1.0198772938834422,0.9694562182879531,0.9694562182879531,0.9776901457031006,0.0,1.0,True
7PPDQ,CHSE,Plate1,2024-10-31,2024-10-31|Plate1,7PPDQ|CHSE|Plate1|2024-10-31 11:07:41|unozonated,unozonated,20.0,1.3031960574204888,24.0,True,0.9932636685948871,4,13397.5,4,1.0143800784024228,0.9889680566651555,0.9889680566651555,0.9776901457031006,0.0,1.0,True
7PPDQ,CHSE,Plate1,2024-10-31,2024-10-31|Plate1,7PPDQ|CHSE|Plate1|2024-10-31 11:07:41|unozonated,unozonated,50.0,1.6998377258672457,24.0,True,0.9775331218510916,4,13397.5,4,1.0070846303783105,0.9836903568962201,0.9836903568962201,0.9776901457031006,0.0,1.0,True
7PPDQ,CHSE,Plate1,2024-10-31,2024-10-31|Plate1,7PPDQ|CHSE|Plate1|2024-10-31 11:07:41|unozonated,unozonated,100.0,2.000434077479319,24.0,True,0.9556447098339242,4,13397.5,4,1.0015557481809072,0.9790025297716297,0.9790025297716297,0.9776901457031006,0.0,1.0,True
7PPDQ,CHSE,Plate1,2024-10-31,2024-10-31|Plate1,7PPDQ|CHSE|Plate1|2024-10-31 11:07:41|unozonated,unozonated,200.0,2.3012470886362113,24.0,True,0.9825153946631835,4,13397.5,4,0.9960228809547641,0.9832090827080943,0.9832090827080943,0.9776901457031006,0.0,1.0,True
7PPDQ,CHSE,Plate1,2024-10-31,2024-10-31|Plate1,7PPDQ|CHSE|Plate1|2024-10-31 11:07:41|unozonated,unozonated,400.0,2.6021685513789974,24.0,True,1.0333084530696026,4,13397.5,4,0.9904880189737303,0.9796188784333153,0.9796188784333153,0.9776901457031006,0.0,1.0,True
7PPDQ,CHSE,Plate2,2024-10-31,2024-10-31|Plate2,7PPDQ|CHSE|Plate2|2024-10-31 11:12:08|unozonated,unozonated,0.1,-0.6989700043360187,23.983333333333334,True,0.9882665804179469,4,13913.25,4,1.0506801956195833,0.9888124278642036,0.9888124278642036,0.9779225257819442,4.0,1.0,True
7PPDQ,CHSE,Plate2,2024-10-31,2024-10-31|Plate2,7PPDQ|CHSE|Plate2|2024-10-31 11:12:08|unozonated,unozonated,1.0,0.04139268515822508,23.983333333333334,True,0.9866134799561569,4,13913.25,4,1.0366656446799125,0.9824530610718102,0.9824530610718102,0.9779225257819442,4.0,1.0,True
7PPDQ,CHSE,Plate2,2024-10-31,2024-10-31|Plate2,7PPDQ|CHSE|Plate2|2024-10-31 11:12:08|unozonated,unozonated,5.0,0.7075701760979364,23.983333333333334,True,0.9579178121574758,4,13913.25,4,1.024055367968083,0.96680333114045,0.96680333114045,0.9779225257819442,4.0,1.0,True
7PPDQ,CHSE,Plate2,2024-10-31,2024-10-31|Plate2,7PPDQ|CHSE|Plate2|2024-10-31 11:12:08|unozonated,unozonated,10.0,1.0043213737826426,23.983333333333334,True,0.9410813433238101,4,13913.25,4,1.0184380741263288,0.968993842371962,0.968993842371962,0.9779225257819442,4.0,1.0,True
7PPDQ,CHSE,Plate2,2024-10-31,2024-10-31|Plate2,7PPDQ|CHSE|Plate2|2024-10-31 11:12:08|unozonated,unozonated,20.0,1.3031960574204888,23.983333333333334,True,1.022298887750885,4,13913.25,4,1.0127805841719364,0.9873943758425238,0.9873943758425238,0.9779225257819442,4.0,1.0,True
7PPDQ,CHSE,Plate2,2024-10-31,2024-10-31|Plate2,7PPDQ|CHSE|Plate2|2024-10-31 11:12:08|unozonated,unozonated,50.0,1.6998377258672457,23.983333333333334,True,0.9831635311663343,4,13913.25,4,1.0052724331722682,0.9915163373433434,0.9915163373433434,0.9779225257819442,4.0,1.0,True
7PPDQ,CHSE,Plate2,2024-10-31,2024-10-31|Plate2,7PPDQ|CHSE|Plate2|2024-10-31 11:12:08|unozonated,unozonated,100.0,2.000434077479319,23.983333333333334,True,0.9668122113812373,4,13913.25,4,0.9995823532401955,0.9940228717543697,0.9940228717543697,0.9779225257819442,4.0,1.0,True
7PPDQ,CHSE,Plate2,2024-10-31,2024-10-31|Plate2,7PPDQ|CHSE|Plate2|2024-10-31 11:12:08|unozonated,unozonated,200.0,2.3012470886362113,23.983333333333334,True,0.978689378829533,4,13913.25,4,0.9938881720935823,0.9987451474801331,0.9987451474801331,0.9779225257819442,4.0,1.0,True
7PPDQ,CHSE,Plate2,2024-10-31,2024-10-31|Plate2,7PPDQ|CHSE|Plate2|2024-10-31 11:12:08|unozonated,unozonated,400.0,2.6021685513789974,23.983333333333334,True,0.9439203636821016,4,13913.25,4,0.9881919380338541,1.008710444445063,1.008710444445063,0.9779225257819442,4.0,1.0,True
7PPDQ,CHSE,Plate3,2024-10-31,2024-10-31|Plate3,7PPDQ|CHSE|Plate3|2024-10-31 11:14:59|unozonated,unozonated,0.1,-0.6989700043360187,23.966666666666665,True,1.008401554914641,4,13955.75,4,1.0454514565736746,0.9922446804812705,0.9922446804812705,0.9788687404954326,3.0,1.0,True
7PPDQ,CHSE,Plate3,2024-10-31,2024-10-31|Plate3,7PPDQ|CHSE|Plate3|2024-10-31 11:14:59|unozonated,unozonated,1.0,0.04139268515822508,23.966666666666665,True,0.9929778048474642,4,13955.75,4,1.0324001878256153,0.9826215813834573,0.9826215813834573,0.9788687404954326,3.0,1.0,True
7PPDQ,CHSE,Plate3,2024-10-31,2024-10-31|Plate3,7PPDQ|CHSE|Plate3|2024-10-31 11:14:59|unozonated,unozonated,5.0,0.7075701760979364,23.966666666666665,True,0.9330383533668918,4,13955.75,4,1.020656671314672,0.9685885325241657,0.9685885325241657,0.9788687404954326,3.0,1.0,True
7PPDQ,CHSE,Plate3,2024-10-31,2024-10-31|Plate3,7PPDQ|CHSE|Plate3|2024-10-31 11:14:59|unozonated,unozonated,10.0,1.0043213737826426,23.966666666666665,True,0.9379288107052648,4,13955.75,4,1.0154254789717176,0.968427675719261,0.968427675719261,0.9788687404954326,3.0,1.0,True
7PPDQ,CHSE,Plate3,2024-10-31,2024-10-31|Plate3,7PPDQ|CHSE|Plate3|2024-10-31 11:14:59|unozonated,unozonated,20.0,1.3031960574204888,23.966666666666665,True,1.0248105619547498,4,13955.75,4,1.0101568533730758,0.9808738858356325,0.9808738858356325,0.9788687404954326,3.0,1.0,True
7PPDQ,CHSE,Plate3,2024-10-31,2024-10-31|Plate3,7PPDQ|CHSE|Plate3|2024-10-31 11:14:59|unozonated,unozonated,50.0,1.6998377258672457,23.966666666666665,True,1.0174300915393297,4,13955.75,4,1.0031647708640106,0.976648524764268,0.976648524764268,0.9788687404954326,3.0,1.0,True
7PPDQ,CHSE,Plate3,2024-10-31,2024-10-31|Plate3,7PPDQ|CHSE|Plate3|2024-10-31 11:14:59|unozonated,unozonated,100.0,2.000434077479319,23.966666666666665,True,1.0171076438027336,4,13955.75,4,0.9978657953412768,0.9721576699049053,0.9721576699049053,0.9788687404954326,3.0,1.0,True
7PPDQ,CHSE,Plate3,2024-10-31,2024-10-31|Plate3,7PPDQ|CHSE|Plate3|2024-10-31 11:14:59|unozonated,unozonated,200.0,2.3012470886362113,23.966666666666665,True,0.9972591942389337,4,13955.75,4,0.9925630004986525,0.9736201903880717,0.9736201903880717,0.9788687404954326,3.0,1.0,True
7PPDQ,CHSE,Plate3,2024-10-31,2024-10-31|Plate3,7PPDQ|CHSE|Plate3|2024-10-31 11:14:59|unozonated,unozonated,400.0,2.6021685513789974,23.966666666666665,True,1.0106766028339573,4,13955.75,4,0.9872582938487293,0.9727360052444946,0.9727360052444946,0.9788687404954326,3.0,1.0,True
7PPDQ,CSE,Plate1,2024-10-31,2024-10-31|Plate1,7PPDQ|CSE|Plate1|2024-10-31 11:07:41|unozonated,unozonated,0.1,-0.6989700043360187,24.0,True,1.0328885418341334,4,10885.25,4,0.9954271301297402,1.0079884686486695,1.0079884686486695,0.9776901457031006,0.0,1.0,True
7PPDQ,CSE,Plate1,2024-10-31,2024-10-31|Plate1,7PPDQ|CSE|Plate1|2024-10-31 11:07:41|unozonated,unozonated,1.0,0.04139268515822508,24.0,True,0.991663030247353,4,10885.25,4,0.981809605926223,1.0079884686486695,1.0079884686486695,0.9776901457031006,0.0,1.0,True
7PPDQ,CSE,Plate1,2024-10-31,2024-10-31|Plate1,7PPDQ|CSE|Plate1|2024-10-31 11:07:41|unozonated,unozonated,5.0,0.7075701760979364,24.0,True,0.9887692060356905,4,10885.25,4,0.9695565734119739,1.009271366433686,1.009271366433686,0.9776901457031006,0.0,1.0,True
7PPDQ,CSE,Plate1,2024-10-31,2024-10-31|Plate1,7PPDQ|CSE|Plate1|2024-10-31 11:07:41|unozonated,unozonated,10.0,1.0043213737826426,24.0,True,0.9989664913529777,4,10885.25,4,0.9640984153034735,1.0092874814908386,1.0092874814908386,0.9776901457031006,0.0,1.0,True
7PPDQ,CSE,Plate1,2024-10-31,2024-10-31|Plate1,7PPDQ|CSE|Plate1|2024-10-31 11:07:41|unozonated,unozonated,20.0,1.3031960574204888,24.0,True,1.0202797363404605,4,10885.25,4,0.9586011998224541,1.002782888605816,1.002782888605816,0.9776901457031006,0.0,1.0,True
7PPDQ,CSE,Plate1,2024-10-31,2024-10-31|Plate1,7PPDQ|CSE|Plate1|2024-10-31 11:07:41|unozonated,unozonated,50.0,1.6998377258672457,24.0,True,1.0114145288348912,4,10885.25,4,0.9513057517983419,0.9880803341909176,0.9880803341909176,0.9776901457031006,0.0,1.0,True
7PPDQ,CSE,Plate1,2024-10-31,2024-10-31|Plate1,7PPDQ|CSE|Plate1|2024-10-31 11:07:41|unozonated,unozonated,100.0,2.000434077479319,24.0,True,0.978112583541949,4,10885.25,4,0.9457768696009385,0.9728386347005062,0.9728386347005062,0.9776901457031006,0.0,1.0,True
7PPDQ,CSE,Plate1,2024-10-31,2024-10-31|Plate1,7PPDQ|CSE|Plate1|2024-10-31 11:07:41|unozonated,unozonated,200.0,2.3012470886362113,24.0,True,0.9689717737305069,4,10885.25,4,0.9402440023747954,0.9581895419532136,0.9581895419532136,0.9776901457031006,0.0,1.0,True
7PPDQ,CSE,Plate1,2024-10-31,2024-10-31|Plate1,7PPDQ|CSE|Plate1|2024-10-31 11:07:41|unozonated,unozonated,400.0,2.6021685513789974,24.0,True,0.9010817390505501,4,10885.25,4,0.9347091403937616,0.9581895419532136,0.9581895419532136,0.9776901457031006,0.0,1.0,True
7PPDQ,CSE,Plate2,2024-10-31,2024-10-31|Plate2,7PPDQ|CSE|Plate2|2024-10-31 11:12:08|unozonated,unozonated,0.1,-0.6989700043360187,23.983333333333334,True,1.0149504275297696,4,9531.5,4,0.9950764538031243,1.0144812411765711,1.0144812411765711,0.9779225257819442,4.0,1.0,True
7PPDQ,CSE,Plate2,2024-10-31,2024-10-31|Plate2,7PPDQ|CSE|Plate2|2024-10-31 11:12:08|unozonated,unozonated,1.0,0.04139268515822508,23.983333333333334,True,1.0030425431464094,4,9531.5,4,0.9810619028634534,1.0062649631215115,1.0062649631215115,0.9779225257819442,4.0,1.0,True
7PPDQ,CSE,Plate2,2024-10-31,2024-10-31|Plate2,7PPDQ|CSE|Plate2|2024-10-31 11:12:08|unozonated,unozonated,5.0,0.7075701760979364,23.983333333333334,True,1.0047736452814353,4,9531.5,4,0.968451626151624,0.9955302432026883,0.9955302432026883,0.9779225257819442,4.0,1.0,True
7PPDQ,CSE,Plate2,2024-10-31,2024-10-31|Plate2,7PPDQ|CSE|Plate2|2024-10-31 11:12:08|unozonated,unozonated,10.0,1.0043213737826426,23.983333333333334,True,1.0495200125898336,4,9531.5,4,0.9628343323098697,0.9964032734770382,0.9964032734770382,0.9779225257819442,4.0,1.0,True
7PPDQ,CSE,Plate2,2024-10-31,2024-10-31|Plate2,7PPDQ|CSE|Plate2|2024-10-31 11:12:08|unozonated,unozonated,20.0,1.3031960574204888,23.983333333333334,True,1.040392383150606,4,9531.5,4,0.9571768423554773,1.0050316963918604,1.0050316963918604,0.9779225257819442,4.0,1.0,True
7PPDQ,CSE,Plate2,2024-10-31,2024-10-31|Plate2,7PPDQ|CSE|Plate2|2024-10-31 11:12:08|unozonated,unozonated,50.0,1.6998377258672457,23.983333333333334,True,0.9760530871321408,4,9531.5,4,0.9496686913558093,0.9977205120491459,0.9977205120491459,0.9779225257819442,4.0,1.0,True
7PPDQ,CSE,Plate2,2024-10-31,2024-10-31|Plate2,7PPDQ|CSE|Plate2|2024-10-31 11:12:08|unozonated,unozonated,100.0,2.000434077479319,23.983333333333334,True,0.9870167339873052,4,9531.5,4,0.9439786114237365,0.9866015503318786,0.9866015503318786,0.9779225257819442,4.0,1.0,True
7PPDQ,CSE,Plate2,2024-10-31,2024-10-31|Plate2,7PPDQ|CSE|Plate2|2024-10-31 11:12:08|unozonated,unozonated,200.0,2.3012470886362113,23.983333333333334,True,0.9577453706132298,4,9531.5,4,0.9382844302771233,0.9550165580725862,0.9550165580725862,0.9779225257819442,4.0,1.0,True
7PPDQ,CSE,Plate2,2024-10-31,2024-10-31|Plate2,7PPDQ|CSE|Plate2|2024-10-31 11:12:08|unozonated,unozonated,400.0,2.6021685513789974,23.983333333333334,True,0.8809211561663957,4,9531.5,4,0.9325881962173951,0.9242925928768021,0.9242925928768021,0.9779225257819442,4.0,1.0,True
7PPDQ,CSE,Plate3,2024-10-31,2024-10-31|Plate3,7PPDQ|CSE|Plate3|2024-10-31 11:14:59|unozonated,unozonated,0.1,-0.6989700043360187,23.966666666666665,True,1.0221807783165486,4,10053.75,4,0.9997364553796311,1.0187826362269568,1.0187826362269568,0.9788687404954326,3.0,1.0,True
7PPDQ,CSE,Plate3,2024-10-31,2024-10-31|Plate3,7PPDQ|CSE|Plate3|2024-10-31 11:14:59|unozonated,unozonated,1.0,0.04139268515822508,23.966666666666665,True,0.9780927514608977,4,10053.75,4,0.9866851866315719,1.0157494133729388,1.0157494133729388,0.9788687404954326,3.0,1.0,True
7PPDQ,CSE,Plate3,2024-10-31,2024-10-31|Plate3,7PPDQ|CSE|Plate3|2024-10-31 11:14:59|unozonated,unozonated,5.0,0.7075701760979364,23.966666666666665,True,0.9837374114136517,4,10053.75,4,0.9749416701206287,1.017253420896586,1.017253420896586,0.9788687404954326,3.0,1.0,True
7PPDQ,CSE,Plate3,2024-10-31,2024-10-31|Plate3,7PPDQ|CSE|Plate3|2024-10-31 11:14:59|unozonated,unozonated,10.0,1.0043213737826426,23.966666666666665,True,0.9879646897923661,4,10053.75,4,0.9697104777776742,1.0210789745269921,1.0210789745269921,0.9788687404954326,3.0,1.0,True
7PPDQ,CSE,Plate3,2024-10-31,2024-10-31|Plate3,7PPDQ|CSE|Plate3|2024-10-31 11:14:59|unozonated,unozonated,20.0,1.3031960574204888,23.966666666666665,True,1.020266069874425,4,10053.75,4,0.9644418521790323,1.0188919046510077,1.0188919046510077,0.9788687404954326,3.0,1.0,True
7PPDQ,CSE,Plate3,2024-10-31,2024-10-31|Plate3,7PPDQ|CSE|Plate3|2024-10-31 11:14:59|unozonated,unozonated,50.0,1.6998377258672457,23.966666666666665,True,1.0013925152306353,4,10053.75,4,0.9574497696699671,0.9904913416775211,0.9904913416775211,0.9788687404954326,3.0,1.0,True
7PPDQ,CSE,Plate3,2024-10-31,2024-10-31|Plate3,7PPDQ|CSE|Plate3|2024-10-31 11:14:59|unozonated,unozonated,100.0,2.000434077479319,23.966666666666665,True,0.9947034688549049,4,10053.75,4,0.9521507941472334,0.9770951491769726,0.9770951491769726,0.9788687404954326,3.0,1.0,True
7PPDQ,CSE,Plate3,2024-10-31,2024-10-31|Plate3,7PPDQ|CSE|Plate3|2024-10-31 11:14:59|unozonated,unozonated,200.0,2.3012470886362113,23.966666666666665,True,0.9582991421111525,4,10053.75,4,0.9468479993046091,0.9581524672397156,0.9581524672397156,0.9788687404954326,3.0,1.0,True
7PPDQ,CSE,Plate3,2024-10-31,2024-10-31|Plate3,7PPDQ|CSE|Plate3|2024-10-31 11:14:59|unozonated,unozonated,400.0,2.6021685513789974,23.966666666666665,True,0.915603630486137,4,10053.75,4,0.9415432926546858,0.921356949344473,0.921356949344473,0.9788687404954326,3.0,1.0,True
7PPDQ,RTG,Plate4,2024-10-31,2024-10-31|Plate4,7PPDQ|RTG|Plate4|2024-10-31 11:17:26|unozonated,unozonated,0.1,-0.6989700043360187,23.95,True,1.018430498824112,4,20197.5,4,1.0488398899960698,1.027430314076788,1.027430314076788,0.9779225257819442,4.0,1.0,True
7PPDQ,RTG,Plate4,2024-10-31,2024-10-31|Plate4,7PPDQ|RTG|Plate4|2024-10-31 11:17:26|unozonated,unozonated,1.0,0.04139268515822508,23.95,True,1.046057680405991,4,20197.5,4,1.034825339056399,1.0243903747903007,1.0243903747903007,0.9779225257819442,4.0,1.0,True
7PPDQ,RTG,Plate4,2024-10-31,2024-10-31|Plate4,7PPDQ|RTG|Plate4|2024-10-31 11:17:26|unozonated,unozonated,5.0,0.7075701760979364,23.95,True,1.0515657878450304,4,20197.5,4,1.0222150623445696,1.0026841390350685,1.0026841390350685,0.9779225257819442,4.0,1.0,True
7PPDQ,RTG,Plate4,2024-10-31,2024-10-31|Plate4,7PPDQ|RTG|Plate4|2024-10-31 11:17:26|unozonated,unozonated,10.0,1.0043213737826426,23.95,True,1.0340141106572596,4,20197.5,4,1.0165977685028154,1.009150431351044,1.009150431351044,0.9779225257819442,4.0,1.0,True
7PPDQ,RTG,Plate4,2024-10-31,2024-10-31|Plate4,7PPDQ|RTG|Plate4|2024-10-31 11:17:26|unozonated,unozonated,20.0,1.3031960574204888,23.95,True,0.9657383339522219,4,20197.5,4,1.010940278548423,1.0141411479181242,1.0141411479181242,0.9779225257819442,4.0,1.0,True
7PPDQ,RTG,Plate4,2024-10-31,2024-10-31|Plate4,7PPDQ|RTG|Plate4|2024-10-31 11:17:26|unozonated,unozonated,50.0,1.6998377258672457,23.95,True,0.9770763708379749,4,20197.5,4,1.003432127548755,1.0211134398558908,1.0211134398558908,0.9779225257819442,4.0,1.0,True
7PPDQ,RTG,Plate4,2024-10-31,2024-10-31|Plate4,7PPDQ|RTG|Plate4|2024-10-31 11:17:26|unozonated,unozonated,100.0,2.000434077479319,23.95,True,0.9634732021289764,4,20197.5,4,0.9977420476166822,1.0247469441187738,1.0247469441187738,0.9779225257819442,4.0,1.0,True
7PPDQ,RTG,Plate4,2024-10-31,2024-10-31|Plate4,7PPDQ|RTG|Plate4|2024-10-31 11:17:26|unozonated,unozonated,200.0,2.3012470886362113,23.95,True,1.0381482856789206,4,20197.5,4,0.9920478664700688,1.0186672321288683,1.0186672321288683,0.9779225257819442,4.0,1.0,True
7PPDQ,RTG,Plate4,2024-10-31,2024-10-31|Plate4,7PPDQ|RTG|Plate4|2024-10-31 11:17:26|unozonated,unozonated,400.0,2.6021685513789974,23.95,True,0.9247060279737591,4,20197.5,4,0.9863516324103407,1.0146714641736256,1.0146714641736256,0.9779225257819442,4.0,1.0,True
7PPDQ,RTG,Plate5,2024-10-31,2024-10-31|Plate5,7PPDQ|RTG|Plate5|2024-10-31 11:20:37|unozonated,unozonated,0.1,-0.6989700043360187,23.933333333333334,True,1.0461435860521244,4,23616.5,4,1.0321793796039351,1.0217629568852538,1.0217629568852538,0.9788687404954326,3.0,1.0,True
7PPDQ,RTG,Plate5,2024-10-31,2024-10-31|Plate5,7PPDQ|RTG|Plate5|2024-10-31 11:20:37|unozonated,unozonated,1.0,0.04139268515822508,23.933333333333334,True,1.0620223149069508,4,23616.5,4,1.0191281108558758,1.0257357715862283,1.0257357715862283,0.9788687404954326,3.0,1.0,True
7PPDQ,RTG,Plate5,2024-10-31,2024-10-31|Plate5,7PPDQ|RTG|Plate5|2024-10-31 11:20:37|unozonated,unozonated,5.0,0.7075701760979364,23.933333333333334,True,0.9550843689793154,4,23616.5,4,1.0073845943449327,1.0211434104121901,1.0211434104121901,0.9788687404954326,3.0,1.0,True
7PPDQ,RTG,Plate5,2024-10-31,2024-10-31|Plate5,7PPDQ|RTG|Plate5|2024-10-31 11:20:37|unozonated,unozonated,10.0,1.0043213737826426,23.933333333333334,True,0.984565875553109,4,23616.5,4,1.0021534020019782,1.018827405717734,1.018827405717734,0.9788687404954326,3.0,1.0,True
7PPDQ,RTG,Plate5,2024-10-31,2024-10-31|Plate5,7PPDQ|RTG|Plate5|2024-10-31 11:20:37|unozonated,unozonated,20.0,1.3031960574204888,23.933333333333334,True,1.0122901361336354,4,23616.5,4,0.9968847764033363,1.0054756914411729,1.0054756914411729,0.9788687404954326,3.0,1.0,True
7PPDQ,RTG,Plate5,2024-10-31,2024-10-31|Plate5,7PPDQ|RTG|Plate5|2024-10-31 11:20:37|unozonated,unozonated,50.0,1.6998377258672457,23.933333333333334,True,1.0484936379226388,4,23616.5,4,0.989892693894271,0.9986288803385601,0.9986288803385601,0.9788687404954326,3.0,1.0,True
7PPDQ,RTG,Plate5,2024-10-31,2024-10-31|Plate5,7PPDQ|RTG|Plate5|2024-10-31 11:20:37|unozonated,unozonated,100.0,2.000434077479319,23.933333333333334,True,1.047710287299134,4,23616.5,4,0.9845937183715374,0.9972110680298861,0.9972110680298861,0.9788687404954326,3.0,1.0,True
7PPDQ,RTG,Plate5,2024-10-31,2024-10-31|Plate5,7PPDQ|RTG|Plate5|2024-10-31 11:20:37|unozonated,unozonated,200.0,2.3012470886362113,23.933333333333334,True,1.03802426269769,4,23616.5,4,0.9792909235289131,0.9961291149418879,0.9961291149418879,0.9788687404954326,3.0,1.0,True
7PPDQ,RTG,Plate5,2024-10-31,2024-10-31|Plate5,7PPDQ|RTG|Plate5|2024-10-31 11:20:37|unozonated,unozonated,400.0,2.6021685513789974,23.933333333333334,True,0.9890225054516969,4,23616.5,4,0.9739862168789898,0.9803062062522012,0.9803062062522012,0.9788687404954326,3.0,1.0,True
7PPDQ,RTG,Plate6,2024-10-31,2024-10-31|Plate6,7PPDQ|RTG|Plate6|2024-10-31 11:22:57|unozonated,unozonated,0.1,-0.6989700043360187,23.916666666666668,True,1.0190082889576066,4,25304.75,4,1.034893867114354,1.0261550902097467,1.0261550902097467,0.9780041619884945,2.0,1.0,True
7PPDQ,RTG,Plate6,2024-10-31,2024-10-31|Plate6,7PPDQ|RTG|Plate6|2024-10-31 11:22:57|unozonated,unozonated,1.0,0.04139268515822508,23.916666666666668,True,1.0350724666317588,4,25304.75,4,1.0227672456230203,1.0204371557505647,1.0204371557505647,0.9780041619884945,2.0,1.0,True
7PPDQ,RTG,Plate6,2024-10-31,2024-10-31|Plate6,7PPDQ|RTG|Plate6|2024-10-31 11:22:57|unozonated,unozonated,5.0,0.7075701760979364,23.916666666666668,True,1.0045446013100308,4,25304.75,4,1.011855725643278,1.0054099118881172,1.0054099118881172,0.9780041619884945,2.0,1.0,True
7PPDQ,RTG,Plate6,2024-10-31,2024-10-31|Plate6,7PPDQ|RTG|Plate6|2024-10-31 11:22:57|unozonated,unozonated,10.0,1.0043213737826426,23.916666666666668,True,1.0076961835228564,4,25304.75,4,1.0069951491954283,1.0073790915932566,1.0073790915932566,0.9780041619884945,2.0,1.0,True
7PPDQ,RTG,Plate6,2024-10-31,2024-10-31|Plate6,7PPDQ|RTG|Plate6|2024-10-31 11:22:57|unozonated,unozonated,20.0,1.3031960574204888,23.916666666666668,True,0.9985575830624684,4,25304.75,4,1.0020997915372865,1.0065610633845004,1.0065610633845004,0.9780041619884945,2.0,1.0,True
7PPDQ,RTG,Plate6,2024-10-31,2024-10-31|Plate6,7PPDQ|RTG|Plate6|2024-10-31 11:22:57|unozonated,unozonated,50.0,1.6998377258672457,23.916666666666668,True,1.0151552574121459,4,25304.75,4,0.9956030792512708,1.0123455395358905,1.0123455395358905,0.9780041619884945,2.0,1.0,True
7PPDQ,RTG,Plate6,2024-10-31,2024-10-31|Plate6,7PPDQ|RTG|Plate6|2024-10-31 11:22:57|unozonated,unozonated,100.0,2.000434077479319,23.916666666666668,True,1.001254705144291,4,25304.75,4,0.9906795218794567,1.0181748273937763,1.0181748273937763,0.9780041619884945,2.0,1.0,True
7PPDQ,RTG,Plate6,2024-10-31,2024-10-31|Plate6,7PPDQ|RTG|Plate6|2024-10-31 11:22:57|unozonated,unozonated,200.0,2.3012470886362113,23.916666666666668,True,1.0122506644009523,4,25304.75,4,0.9857524157762848,1.0143975749477296,1.0143975749477296,0.9780041619884945,2.0,1.0,True
7PPDQ,RTG,Plate6,2024-10-31,2024-10-31|Plate6,7PPDQ|RTG|Plate6|2024-10-31 11:22:57|unozonated,unozonated,400.0,2.6021685513789974,23.916666666666668,True,1.004584119582292,4,25304.75,4,0.9808235333122144,0.9972870642214402,0.9972870642214402,0.9780041619884945,2.0,1.0,True
CCPD,CHSE,Plate1,2025-01-16,2025-01-16|Plate1,CCPD|CHSE|Plate1|2025-01-16 11:14:44|unozonated,unozonated,0.1,-0.6989700043360187,24.283333333333335,True,1.025372115611792,4,19046.5,4,1.0214274801365653,1.0149146437407595,1.0149146437407595,0.9780041619884945,2.0,1.0,True
CCPD,CHSE,Plate1,2025-01-16,2025-01-16|Plate1,CCPD|CHSE|Plate1|2025-01-16 11:14:44|unozonated,unozonated,0.5,-0.2218487496163564,24.283333333333335,True,1.03137059302234,4,19046.5,4,1.0136125686836288,1.0185673032203026,1.0185673032203026,0.9780041619884945,2.0,1.0,True
CCPD,CHSE,Plate1,2025-01-16,2025-01-16|Plate1,CCPD|CHSE|Plate1|2025-01-16 11:14:44|unozonated,unozonated,1.0,0.04139268515822508,24.283333333333335,True,1.022917596408789,4,19046.5,4,1.009300858645232,1.0137907274693025,1.0137907274693025,0.9780041619884945,2.0,1.0,True
CCPD,CHSE,Plate1,2025-01-16,2025-01-16|Plate1,CCPD|CHSE|Plate1|2025-01-16 11:14:44|unozonated,unozonated,5.0,0.7075701760979364,24.283333333333335,True,1.036686530333657,4,19046.5,4,0.9983893386654895,1.0061914181830216,1.0061914181830216,0.9780041619884945,2.0,1.0,True
CCPD,CHSE,Plate1,2025-01-16,2025-01-16|Plate1,CCPD|CHSE|Plate1|2025-01-16 11:14:44|unozonated,unozonated,10.0,1.0043213737826426,24.283333333333335,True,1.0230488541201797,4,19046.5,4,0.9935287622176399,1.0048330460161687,1.0048330460161687,0.9780041619884945,2.0,1.0,True
CCPD,CHSE,Plate1,2025-01-16,2025-01-16|Plate1,CCPD|CHSE|Plate1|2025-01-16 11:14:44|unozonated,unozonated,20.0,1.3031960574204888,24.283333333333335,True,1.010434988055548,4,19046.5,4,0.988633404559498,0.9971398107552206,0.9971398107552206,0.9780041619884945,2.0,1.0,True
CCPD,CHSE,Plate1,2025-01-16,2025-01-16|Plate1,CCPD|CHSE|Plate1|2025-01-16 11:14:44|unozonated,unozonated,50.0,1.6998377258672457,24.283333333333335,True,0.9924920589084609,4,19046.5,4,0.9821366922734823,0.9844255616175709,0.9844255616175709,0.9780041619884945,2.0,1.0,True
CCPD,CHSE,Plate1,2025-01-16,2025-01-16|Plate1,CCPD|CHSE|Plate1|2025-01-16 11:14:44|unozonated,unozonated,100.0,2.000434077479319,24.283333333333335,True,1.0204499514346468,4,19046.5,4,0.9772131349016683,0.9776891593810535,0.9776891593810535,0.9780041619884945,2.0,1.0,True
CCPD,CHSE,Plate1,2025-01-16,2025-01-16|Plate1,CCPD|CHSE|Plate1|2025-01-16 11:14:44|unozonated,unozonated,200.0,2.3012470886362113,24.283333333333335,True,1.0235607591946025,4,19046.5,4,0.9722860287984962,0.9692131603446135,0.9692131603446135,0.9780041619884945,2.0,1.0,True
CCPD,CHSE,Plate2,2025-01-16,2025-01-16|Plate2,CCPD|CHSE|Plate2|2025-01-16 11:17:05|unozonated,unozonated,0.1,-0.6989700043360187,24.266666666666666,True,1.0019149850839597,4,19190.75,4,1.0376259936667154,1.0229589291517898,1.0229589291517898,0.9820471015172056,1.0,1.0,True
CCPD,CHSE,Plate2,2025-01-16,2025-01-16|Plate2,CCPD|CHSE|Plate2|2025-01-16 11:17:05|unozonated,unozonated,0.5,-0.2218487496163564,24.266666666666666,True,1.0226541432721494,4,19190.75,4,1.0296400363618585,1.0246062837215415,1.0246062837215415,0.9820471015172056,1.0,1.0,True
CCPD,CHSE,Plate2,2025-01-16,2025-01-16|Plate2,CCPD|CHSE|Plate2|2025-01-16 11:17:05|unozonated,unozonated,1.0,0.04139268515822508,24.266666666666666,True,1.013704519104256,4,19190.75,4,1.0252339554375989,1.0216275555706162,1.0216275555706162,0.9820471015172056,1.0,1.0,True
CCPD,CHSE,Plate2,2025-01-16,2025-01-16|Plate2,CCPD|CHSE|Plate2|2025-01-16 11:17:05|unozonated,unozonated,5.0,0.7075701760979364,24.266666666666666,True,1.0017847139898128,4,19190.75,4,1.0140836137844544,1.011939173583517,1.011939173583517,0.9820471015172056,1.0,1.0,True
CCPD,CHSE,Plate2,2025-01-16,2025-01-16|Plate2,CCPD|CHSE|Plate2|2025-01-16 11:17:05|unozonated,unozonated,10.0,1.0043213737826426,24.266666666666666,True,1.0032828315725024,4,19190.75,4,1.0091166533494857,1.007489318773363,1.007489318773363,0.9820471015172056,1.0,1.0,True
CCPD,CHSE,Plate2,2025-01-16,2025-01-16|Plate2,CCPD|CHSE|Plate2|2025-01-16 11:17:05|unozonated,unozonated,20.0,1.3031960574204888,24.266666666666666,True,0.9961830569414953,4,19190.75,4,1.0041141504439364,1.0016206920014459,1.0016206920014459,0.9820471015172056,1.0,1.0,True
CCPD,CHSE,Plate2,2025-01-16,2025-01-16|Plate2,CCPD|CHSE|Plate2|2025-01-16 11:17:05|unozonated,unozonated,50.0,1.6998377258672457,24.266666666666666,True,0.964097286453109,4,19190.75,4,0.9974752438804378,0.9930575577247487,0.9930575577247487,0.9820471015172056,1.0,1.0,True
CCPD,CHSE,Plate2,2025-01-16,2025-01-16|Plate2,CCPD|CHSE|Plate2|2025-01-16 11:17:05|unozonated,unozonated,100.0,2.000434077479319,24.266666666666666,True,0.9540794393132108,4,19190.75,4,0.99244392405089,0.9944919449261053,0.9944919449261053,0.9820471015172056,1.0,1.0,True
CCPD,CHSE,Plate2,2025-01-16,2025-01-16|Plate2,CCPD|CHSE|Plate2|2025-01-16 11:17:05|unozonated,unozonated,200.0,2.3012470886362113,24.266666666666666,True,0.9878066255878484,4,19190.75,4,0.9874089778184991,0.9864180642981001,0.9864180642981001,0.9820471015172056,1.0,1.0,True
CCPD,CHSE,Plate3,2025-01-16,2025-01-16|Plate3,CCPD|CHSE|Plate3|2025-01-16 11:18:57|unozonated,unozonated,0.1,-0.6989700043360187,24.266666666666666,True,1.026051556672723,4,18300.25,4,1.0331090053120158,1.0063337699675157,1.0063337699675157,0.9779225257819442,4.0,1.0,True
CCPD,CHSE,Plate3,2025-01-16,2025-01-16|Plate3,CCPD|CHSE|Plate3|2025-01-16 11:18:57|unozonated,unozonated,0.5,-0.2218487496163564,24.266666666666666,True,1.040614199259573,4,18300.25,4,1.0240774317014707,1.0066523966947354,1.0066523966947354,0.9779225257819442,4.0,1.0,True
CCPD,CHSE,Plate3,2025-01-16,2025-01-16|Plate3,CCPD|CHSE|Plate3|2025-01-16 11:18:57|unozonated,unozonated,1.0,0.04139268515822508,24.266666666666666,True,1.024330268712176,4,18300.25,4,1.019094454372345,1.0057137687834992,1.0057137687834992,0.9779225257819442,4.0,1.0,True
CCPD,CHSE,Plate3,2025-01-16,2025-01-16|Plate3,CCPD|CHSE|Plate3|2025-01-16 11:18:57|unozonated,unozonated,5.0,0.7075701760979364,24.266666666666666,True,1.0148768459447275,4,18300.25,4,1.0064841776605156,1.000037864421901,1.000037864421901,0.9779225257819442,4.0,1.0,True
CCPD,CHSE,Plate3,2025-01-16,2025-01-16|Plate3,CCPD|CHSE|Plate3|2025-01-16 11:18:57|unozonated,unozonated,10.0,1.0043213737826426,24.266666666666666,True,1.016270269531837,4,18300.25,4,1.000866883818761,0.9966978412573987,0.9966978412573987,0.9779225257819442,4.0,1.0,True
CCPD,CHSE,Plate3,2025-01-16,2025-01-16|Plate3,CCPD|CHSE|Plate3|2025-01-16 11:18:57|unozonated,unozonated,20.0,1.3031960574204888,24.266666666666666,True,0.9977322714170571,4,18300.25,4,0.9952093938643688,0.9927806172927418,0.9927806172927418,0.9779225257819442,4.0,1.0,True
CCPD,CHSE,Plate3,2025-01-16,2025-01-16|Plate3,CCPD|CHSE|Plate3|2025-01-16 11:18:57|unozonated,unozonated,50.0,1.6998377258672457,24.266666666666666,True,0.9795357986912747,4,18300.25,4,0.9877012428647008,0.9836197985086897,0.9836197985086897,0.9779225257819442,4.0,1.0,True
CCPD,CHSE,Plate3,2025-01-16,2025-01-16|Plate3,CCPD|CHSE|Plate3|2025-01-16 11:18:57|unozonated,unozonated,100.0,2.000434077479319,24.266666666666666,True,1.0062840671575524,4,18300.25,4,0.9820111629326281,0.9838609120528963,0.9838609120528963,0.9779225257819442,4.0,1.0,True
CCPD,CHSE,Plate3,2025-01-16,2025-01-16|Plate3,CCPD|CHSE|Plate3|2025-01-16 11:18:57|unozonated,unozonated,200.0,2.3012470886362113,24.266666666666666,True,0.9326238712585894,4,18300.25,4,0.9763169817860148,0.989974549497542,0.989974549497542,0.9779225257819442,4.0,1.0,True
CCPD,CSE,Plate1,2025-01-16,2025-01-16|Plate1,CCPD|CSE|Plate1|2025-01-16 11:14:44|unozonated,unozonated,0.1,-0.6989700043360187,24.283333333333335,True,1.0287406898624138,4,11647.25,4,0.9768565480860402,0.9960599626305996,0.9960599626305996,0.9780041619884945,2.0,1.0,True
CCPD,CSE,Plate1,2025-01-16,2025-01-16|Plate1,CCPD|CSE|Plate1|2025-01-16 11:14:44|unozonated,unozonated,0.5,-0.2218487496163564,24.283333333333335,True,1.0311446908068427,4,11647.25,4,0.9690416366331036,0.9981145444305379,0.9981145444305379,0.9780041619884945,2.0,1.0,True
CCPD,CSE,Plate1,2025-01-16,2025-01-16|Plate1,CCPD|CSE|Plate1|2025-01-16 11:14:44|unozonated,unozonated,1.0,0.04139268515822508,24.283333333333335,True,1.041147051879199,4,11647.25,4,0.9647299265947066,0.9978343949117658,0.9978343949117658,0.9780041619884945,2.0,1.0,True
CCPD,CSE,Plate1,2025-01-16,2025-01-16|Plate1,CCPD|CSE|Plate1|2025-01-16 11:14:44|unozonated,unozonated,5.0,0.7075701760979364,24.283333333333335,True,0.989782995986177,4,11647.25,4,0.9538184066149643,0.9918082078076814,0.9918082078076814,0.9780041619884945,2.0,1.0,True
CCPD,CSE,Plate1,2025-01-16,2025-01-16|Plate1,CCPD|CSE|Plate1|2025-01-16 11:14:44|unozonated,unozonated,10.0,1.0043213737826426,24.283333333333335,True,0.9725471677863874,4,11647.25,4,0.9489578301671147,0.9848548103076902,0.9848548103076902,0.9780041619884945,2.0,1.0,True
CCPD,CSE,Plate1,2025-01-16,2025-01-16|Plate1,CCPD|CSE|Plate1|2025-01-16 11:14:44|unozonated,unozonated,20.0,1.3031960574204888,24.283333333333335,True,1.0201764364978858,4,11647.25,4,0.9440624725089727,0.9745970356493734,0.9745970356493734,0.9780041619884945,2.0,1.0,True
CCPD,CSE,Plate1,2025-01-16,2025-01-16|Plate1,CCPD|CSE|Plate1|2025-01-16 11:14:44|unozonated,unozonated,50.0,1.6998377258672457,24.283333333333335,True,0.9326665092618429,4,11647.25,4,0.937565760222957,0.9605360998904149,0.9605360998904149,0.9780041619884945,2.0,1.0,True
CCPD,CSE,Plate1,2025-01-16,2025-01-16|Plate1,CCPD|CSE|Plate1|2025-01-16 11:14:44|unozonated,unozonated,100.0,2.000434077479319,24.283333333333335,True,0.9987979995277856,4,11647.25,4,0.9326422028511431,0.9566905359292859,0.9566905359292859,0.9780041619884945,2.0,1.0,True
CCPD,CSE,Plate1,2025-01-16,2025-01-16|Plate1,CCPD|CSE|Plate1|2025-01-16 11:14:44|unozonated,unozonated,200.0,2.3012470886362113,24.283333333333335,True,0.9081542853463264,4,11647.25,4,0.927715096747971,0.9620373437047598,0.9620373437047598,0.9780041619884945,2.0,1.0,True
CCPD,CSE,Plate2,2025-01-16,2025-01-16|Plate2,CCPD|CSE|Plate2|2025-01-16 11:17:05|unozonated,unozonated,0.1,-0.6989700043360187,24.266666666666666,True,0.9999425155208093,4,13047.0,4,0.9893994505430885,0.9994052114634976,0.9994052114634976,0.9820471015172056,1.0,1.0,True
CCPD,CSE,Plate2,2025-01-16,2025-01-16|Plate2,CCPD|CSE|Plate2|2025-01-16 11:17:05|unozonated,unozonated,0.5,-0.2218487496163564,24.266666666666666,True,1.0119567716716487,4,13047.0,4,0.9814134932382317,1.0082555166222247,1.0082555166222247,0.9820471015172056,1.0,1.0,True
CCPD,CSE,Plate2,2025-01-16,2025-01-16|Plate2,CCPD|CSE|Plate2|2025-01-16 11:17:05|unozonated,unozonated,1.0,0.04139268515822508,24.266666666666666,True,1.040488234843259,4,13047.0,4,0.9770074123139721,1.0031949420074866,1.0031949420074866,0.9820471015172056,1.0,1.0,True
CCPD,CSE,Plate2,2025-01-16,2025-01-16|Plate2,CCPD|CSE|Plate2|2025-01-16 11:17:05|unozonated,unozonated,5.0,0.7075701760979364,24.266666666666666,True,1.0199471142791445,4,13047.0,4,0.9658570706608276,0.9989290680377888,0.9989290680377888,0.9820471015172056,1.0,1.0,True
CCPD,CSE,Plate2,2025-01-16,2025-01-16|Plate2,CCPD|CSE|Plate2|2025-01-16 11:17:05|unozonated,unozonated,10.0,1.0043213737826426,24.266666666666666,True,0.9694949030428451,4,13047.0,4,0.9608901102258588,0.9863373265195275,0.9863373265195275,0.9820471015172056,1.0,1.0,True
CCPD,CSE,Plate2,2025-01-16,2025-01-16|Plate2,CCPD|CSE|Plate2|2025-01-16 11:17:05|unozonated,unozonated,20.0,1.3031960574204888,24.266666666666666,True,0.9731930712041083,4,13047.0,4,0.9558876073203094,0.9798694440806153,0.9798694440806153,0.9820471015172056,1.0,1.0,True
CCPD,CSE,Plate2,2025-01-16,2025-01-16|Plate2,CCPD|CSE|Plate2|2025-01-16 11:17:05|unozonated,unozonated,50.0,1.6998377258672457,24.266666666666666,True,0.929715643442937,4,13047.0,4,0.9492487007568109,0.9595926332647825,0.9595926332647825,0.9820471015172056,1.0,1.0,True
CCPD,CSE,Plate2,2025-01-16,2025-01-16|Plate2,CCPD|CSE|Plate2|2025-01-16 11:17:05|unozonated,unozonated,100.0,2.000434077479319,24.266666666666666,True,0.9377826320226872,4,13047.0,4,0.9442173809272632,0.9662582098631847,0.9662582098631847,0.9820471015172056,1.0,1.0,True
CCPD,CSE,Plate2,2025-01-16,2025-01-16|Plate2,CCPD|CSE|Plate2|2025-01-16 11:17:05|unozonated,unozonated,200.0,2.3012470886362113,24.266666666666666,True,0.9590710508162796,4,13047.0,4,0.9391824346948722,0.945997480502269,0.945997480502269,0.9820471015172056,1.0,1.0,True
CCPD,CSE,Plate3,2025-01-16,2025-01-16|Plate3,CCPD|CSE|Plate3|2025-01-16 11:18:57|unozonated,unozonated,0.1,-0.6989700043360187,24.266666666666666,True,0.963855642180008,4,13660.5,4,0.9775052634955568,1.0160816205256806,1.0160816205256806,0.9779225257819442,4.0,1.0,True
CCPD,CSE,Plate3,2025-01-16,2025-01-16|Plate3,CCPD|CSE|Plate3|2025-01-16 11:18:57|unozonated,unozonated,0.5,-0.2218487496163564,24.266666666666666,True,1.0060393104205556,4,13660.5,4,0.9684736898850117,1.0165179343232593,1.0165179343232593,0.9779225257819442,4.0,1.0,True
CCPD,CSE,Plate3,2025-01-16,2025-01-16|Plate3,CCPD|CSE|Plate3|2025-01-16 11:18:57|unozonated,unozonated,1.0,0.04139268515822508,24.266666666666666,True,1.0064602320559277,4,13660.5,4,0.9634907125558859,1.0246141711307262,1.0246141711307262,0.9779225257819442,4.0,1.0,True
CCPD,CSE,Plate3,2025-01-16,2025-01-16|Plate3,CCPD|CSE|Plate3|2025-01-16 11:18:57|unozonated,unozonated,5.0,0.7075701760979364,24.266666666666666,True,1.0070458621573148,4,13660.5,4,0.9508804358440565,0.9918471880389526,0.9918471880389526,0.9779225257819442,4.0,1.0,True
CCPD,CSE,Plate3,2025-01-16,2025-01-16|Plate3,CCPD|CSE|Plate3|2025-01-16 11:18:57|unozonated,unozonated,10.0,1.0043213737826426,24.266666666666666,True,0.9969803447897222,4,13660.5,4,0.9452631420023022,0.9805413198021832,0.9805413198021832,0.9779225257819442,4.0,1.0,True
CCPD,CSE,Plate3,2025-01-16,2025-01-16|Plate3,CCPD|CSE|Plate3|2025-01-16 11:18:57|unozonated,unozonated,20.0,1.3031960574204888,24.266666666666666,True,0.9398265070824641,4,13660.5,4,0.9396056520479098,0.9798099100416234,0.9798099100416234,0.9779225257819442,4.0,1.0,True
CCPD,CSE,Plate3,2025-01-16,2025-01-16|Plate3,CCPD|CSE|Plate3|2025-01-16 11:18:57|unozonated,unozonated,50.0,1.6998377258672457,24.266666666666666,True,0.9511913912375096,4,13660.5,4,0.9320975010482418,0.9525362908963325,0.9525362908963325,0.9779225257819442,4.0,1.0,True
CCPD,CSE,Plate3,2025-01-16,2025-01-16|Plate3,CCPD|CSE|Plate3|2025-01-16 11:18:57|unozonated,unozonated,100.0,2.000434077479319,24.266666666666666,True,0.9553640057098935,4,13660.5,4,0.926407421116169,0.9551155427923546,0.9551155427923546,0.9779225257819442,4.0,1.0,True
CCPD,CSE,Plate3,2025-01-16,2025-01-16|Plate3,CCPD|CSE|Plate3|2025-01-16 11:18:57|unozonated,unozonated,200.0,2.3012470886362113,24.266666666666666,True,0.9593536107755939,4,13660.5,4,0.9207132399695558,0.9473176113112425,0.9473176113112425,0.9779225257819442,4.0,1.0,True
CCPD,RTG,Plate4,2025-01-16,2025-01-16|Plate4,CCPD|RTG|Plate4|2025-01-16 11:20:33|unozonated,unozonated,0.1,-0.6989700043360187,24.133333333333333,True,0.9872126734313522,4,24145.0,4,1.0350003744711753,1.0150930344009153,1.0150930344009153,0.9820471015172056,1.0,1.0,True
CCPD,RTG,Plate4,2025-01-16,2025-01-16|Plate4,CCPD|RTG|Plate4|2025-01-16 11:20:33|unozonated,unozonated,0.5,-0.2218487496163564,24.133333333333333,True,1.0305756885483537,4,24145.0,4,1.0270144171663185,1.0143601491370389,1.0143601491370389,0.9820471015172056,1.0,1.0,True
CCPD,RTG,Plate4,2025-01-16,2025-01-16|Plate4,CCPD|RTG|Plate4|2025-01-16 11:20:33|unozonated,unozonated,1.0,0.04139268515822508,24.133333333333333,True,0.9244253468627045,4,24145.0,4,1.0226083362420588,1.012998938926632,1.012998938926632,0.9820471015172056,1.0,1.0,True
CCPD,RTG,Plate4,2025-01-16,2025-01-16|Plate4,CCPD|RTG|Plate4|2025-01-16 11:20:33|unozonated,unozonated,5.0,0.7075701760979364,24.133333333333333,True,0.9615241250776558,4,24145.0,4,1.0114579945889144,1.0094554150965145,1.0094554150965145,0.9820471015172056,1.0,1.0,True
CCPD,RTG,Plate4,2025-01-16,2025-01-16|Plate4,CCPD|RTG|Plate4|2025-01-16 11:20:33|unozonated,unozonated,10.0,1.0043213737826426,24.133333333333333,True,0.9729654172706564,4,24145.0,4,1.0064910341539457,1.008193679283672,1.008193679283672,0.9820471015172056,1.0,1.0,True
CCPD,RTG,Plate4,2025-01-16,2025-01-16|Plate4,CCPD|RTG|Plate4|2025-01-16 11:20:33|unozonated,unozonated,20.0,1.3031960574204888,24.133333333333333,True,0.9263201490991924,4,24145.0,4,1.0014885312483963,1.0058444242135216,1.0058444242135216,0.9820471015172056,1.0,1.0,True
CCPD,RTG,Plate4,2025-01-16,2025-01-16|Plate4,CCPD|RTG|Plate4|2025-01-16 11:20:33|unozonated,unozonated,50.0,1.6998377258672457,24.133333333333333,True,0.9726858562849451,4,24145.0,4,0.9948496246848978,0.9968320898041604,0.9968320898041604,0.9820471015172056,1.0,1.0,True
CCPD,RTG,Plate4,2025-01-16,2025-01-16|Plate4,CCPD|RTG|Plate4|2025-01-16 11:20:33|unozonated,unozonated,100.0,2.000434077479319,24.133333333333333,True,0.9113688134189273,4,24145.0,4,0.9898183048553499,0.9861305676837655,0.9861305676837655,0.9820471015172056,1.0,1.0,True
CCPD,RTG,Plate4,2025-01-16,2025-01-16|Plate4,CCPD|RTG|Plate4|2025-01-16 11:20:33|unozonated,unozonated,200.0,2.3012470886362113,24.133333333333333,True,0.8358977013874509,4,24145.0,4,0.9847833586229591,0.9759702578542209,0.9759702578542209,0.9820471015172056,1.0,1.0,True
CCPD,RTG,Plate5,2025-01-16,2025-01-16|Plate5,CCPD|RTG|Plate5|2025-01-16 11:22:42|unozonated,unozonated,0.1,-0.6989700043360187,24.216666666666665,True,0.9919898138558166,4,26310.25,4,1.028859104001205,1.0145820932526417,1.0145820932526417,0.9776901457031006,0.0,1.0,True
CCPD,RTG,Plate5,2025-01-16,2025-01-16|Plate5,CCPD|RTG|Plate5|2025-01-16 11:22:42|unozonated,unozonated,0.5,-0.2218487496163564,24.216666666666665,True,0.9932630818787355,4,26310.25,4,1.0200833913317888,1.0168195611030963,1.0168195611030963,0.9776901457031006,0.0,1.0,True
CCPD,RTG,Plate5,2025-01-16,2025-01-16|Plate5,CCPD|RTG|Plate5|2025-01-16 11:22:42|unozonated,unozonated,1.0,0.04139268515822508,24.216666666666665,True,0.9588848452599272,4,26310.25,4,1.0152415797976877,1.0138206149719855,1.0138206149719855,0.9776901457031006,0.0,1.0,True
CCPD,RTG,Plate5,2025-01-16,2025-01-16|Plate5,CCPD|RTG|Plate5|2025-01-16 11:22:42|unozonated,unozonated,5.0,0.7075701760979364,24.216666666666665,True,0.9781263956062751,4,26310.25,4,1.0029885472834386,1.0079126495409767,1.0079126495409767,0.9776901457031006,0.0,1.0,True
CCPD,RTG,Plate5,2025-01-16,2025-01-16|Plate5,CCPD|RTG|Plate5|2025-01-16 11:22:42|unozonated,unozonated,10.0,1.0043213737826426,24.216666666666665,True,0.9708573654754326,4,26310.25,4,0.9975303891749382,1.0071302055852391,1.0071302055852391,0.9776901457031006,0.0,1.0,True
CCPD,RTG,Plate5,2025-01-16,2025-01-16|Plate5,CCPD|RTG|Plate5|2025-01-16 11:22:42|unozonated,unozonated,20.0,1.3031960574204888,24.216666666666665,True,0.9943273058978915,4,26310.25,4,0.9920331736939187,1.0026925855555537,1.0026925855555537,0.9776901457031006,0.0,1.0,True
CCPD,RTG,Plate5,2025-01-16,2025-01-16|Plate5,CCPD|RTG|Plate5|2025-01-16 11:22:42|unozonated,unozonated,50.0,1.6998377258672457,24.216666666666665,True,0.9943083018975494,4,26310.25,4,0.9847377256698066,0.9919818427591143,0.9919818427591143,0.9776901457031006,0.0,1.0,True
CCPD,RTG,Plate5,2025-01-16,2025-01-16|Plate5,CCPD|RTG|Plate5|2025-01-16 11:22:42|unozonated,unozonated,100.0,2.000434077479319,24.216666666666665,True,0.9679972634239508,4,26310.25,4,0.9792088434724033,0.9799961361947298,0.9799961361947298,0.9776901457031006,0.0,1.0,True
CCPD,RTG,Plate5,2025-01-16,2025-01-16|Plate5,CCPD|RTG|Plate5|2025-01-16 11:22:42|unozonated,unozonated,200.0,2.3012470886362113,24.216666666666665,True,0.9032506342585114,4,26310.25,4,0.9736759762462601,0.9678999348387072,0.9678999348387072,0.9776901457031006,0.0,1.0,True
CCPD,RTG,Plate6,2025-01-16,2025-01-16|Plate6,CCPD|RTG|Plate6|2025-01-16 11:24:13|unozonated,unozonated,0.1,-0.6989700043360187,24.15,True,1.0194712931630803,4,26744.5,4,1.0370769083056595,0.9797681361215879,0.9797681361215879,0.9779225257819442,4.0,1.0,True
CCPD,RTG,Plate6,2025-01-16,2025-01-16|Plate6,CCPD|RTG|Plate6|2025-01-16 11:24:13|unozonated,unozonated,0.5,-0.2218487496163564,24.15,True,1.0334367813943053,4,26744.5,4,1.0280453346951144,0.9796405603389398,0.9796405603389398,0.9779225257819442,4.0,1.0,True
CCPD,RTG,Plate6,2025-01-16,2025-01-16|Plate6,CCPD|RTG|Plate6|2025-01-16 11:24:13|unozonated,unozonated,1.0,0.04139268515822508,24.15,True,1.015386341116865,4,26744.5,4,1.0230623573659885,0.9705020598544294,0.9705020598544294,0.9779225257819442,4.0,1.0,True
CCPD,RTG,Plate6,2025-01-16,2025-01-16|Plate6,CCPD|RTG|Plate6|2025-01-16 11:24:13|unozonated,unozonated,5.0,0.7075701760979364,24.15,True,1.0068051375049074,4,26744.5,4,1.010452080654159,0.9600416135658524,0.9600416135658524,0.9779225257819442,4.0,1.0,True
CCPD,RTG,Plate6,2025-01-16,2025-01-16|Plate6,CCPD|RTG|Plate6|2025-01-16 11:24:13|unozonated,unozonated,10.0,1.0043213737826426,24.15,True,1.0111798687580624,4,26744.5,4,1.0048347868124048,0.9563540640671956,0.9563540640671956,0.9779225257819442,4.0,1.0,True
CCPD,RTG,Plate6,2025-01-16,2025-01-16|Plate6,CCPD|RTG|Plate6|2025-01-16 11:24:13|unozonated,unozonated,20.0,1.3031960574204888,24.15,True,1.0215838770588346,4,26744.5,4,0.9991772968580125,0.9525578903060123,0.9525578903060123,0.9779225257819442,4.0,1.0,True
CCPD,RTG,Plate6,2025-01-16,2025-01-16|Plate6,CCPD|RTG|Plate6|2025-01-16 11:24:13|unozonated,unozonated,50.0,1.6998377258672457,24.15,True,1.0013834620202284,4,26744.5,4,0.9916691458583444,0.9432531944849224,0.9432531944849224,0.9779225257819442,4.0,1.0,True
CCPD,RTG,Plate6,2025-01-16,2025-01-16|Plate6,CCPD|RTG|Plate6|2025-01-16 11:24:13|unozonated,unozonated,100.0,2.000434077479319,24.15,True,0.9792106788311615,4,26744.5,4,0.9859790659262717,0.9271137514890531,0.9271137514890531,0.9779225257819442,4.0,1.0,True
CCPD,RTG,Plate6,2025-01-16,2025-01-16|Plate6,CCPD|RTG|Plate6|2025-01-16 11:24:13|unozonated,unozonated,200.0,2.3012470886362113,24.15,True,0.9468488848174391,4,26744.5,4,0.9802848847796585,0.919320962601858,0.919320962601858,0.9779225257819442,4.0,1.0,True
CCPDQ,CHSE,Plate1,2025-06-06,2025-06-06|Plate1,CCPDQ|CHSE|Plate1|2025-06-06 11:10:14|unozonated,unozonated,1.0,0.04139268515822508,23.9,True,0.9824489497182171,4,17078.75,4,1.0634761689735834,1.0152963299219293,1.0152963299219293,0.9788687404954326,3.0,1.0,True
CCPDQ,CHSE,Plate1,2025-06-06,2025-06-06|Plate1,CCPDQ|CHSE|Plate1|2025-06-06 11:10:14|unozonated,unozonated,5.0,0.7075701760979364,23.9,True,0.9728756495645172,4,17078.75,4,1.0517326524626402,1.0155686915847066,1.0155686915847066,0.9788687404954326,3.0,1.0,True
CCPDQ,CHSE,Plate1,2025-06-06,2025-06-06|Plate1,CCPDQ|CHSE|Plate1|2025-06-06 11:10:14|unozonated,unozonated,20.0,1.3031960574204888,23.9,True,0.9490155895484155,4,17078.75,4,1.041232834521044,1.0187129659698817,1.0187129659698817,0.9788687404954326,3.0,1.0,True
CCPDQ,CHSE,Plate1,2025-06-06,2025-06-06|Plate1,CCPDQ|CHSE|Plate1|2025-06-06 11:10:14|unozonated,unozonated,50.0,1.6998377258672457,23.9,True,0.9607699626729123,4,17078.75,4,1.0342407520119787,1.018734206610604,1.018734206610604,0.9788687404954326,3.0,1.0,True
CCPDQ,CHSE,Plate1,2025-06-06,2025-06-06|Plate1,CCPDQ|CHSE|Plate1|2025-06-06 11:10:14|unozonated,unozonated,100.0,2.000434077479319,23.9,True,0.9760374734684916,4,17078.75,4,1.028941776489245,1.020249551486766,1.020249551486766,0.9788687404954326,3.0,1.0,True
CCPDQ,CHSE,Plate1,2025-06-06,2025-06-06|Plate1,CCPDQ|CHSE|Plate1|2025-06-06 11:10:14|unozonated,unozonated,250.0,2.3981136917305026,23.9,True,0.968879455463661,4,17078.75,4,1.021931396853877,1.0107383087321165,1.0107383087321165,0.9788687404954326,3.0,1.0,True
CCPDQ,CHSE,Plate1,2025-06-06,2025-06-06|Plate1,CCPDQ|CHSE|Plate1|2025-06-06 11:10:14|unozonated,unozonated,500.0,2.699056854547668,23.9,True,0.9730805825953305,4,17078.75,4,1.016626307670492,1.0128757935391528,1.0128757935391528,0.9788687404954326,3.0,1.0,True
CCPDQ,CHSE,Plate1,2025-06-06,2025-06-06|Plate1,CCPDQ|CHSE|Plate1|2025-06-06 11:10:14|unozonated,unozonated,750.0,2.8751191654625683,23.9,True,0.9670350581863427,4,17078.75,4,1.0135226443325618,1.0165845870746162,1.0165845870746162,0.9788687404954326,3.0,1.0,True
CCPDQ,CHSE,Plate1,2025-06-06,2025-06-06|Plate1,CCPDQ|CHSE|Plate1|2025-06-06 11:10:14|unozonated,unozonated,1000.0,3.0000434272768626,23.9,True,1.0595623215984777,4,17078.75,4,1.0113204532480744,1.0759160919906317,1.0759160919906317,0.9788687404954326,3.0,1.0,True
CCPDQ,CHSE,Plate2,2025-06-06,2025-06-06|Plate2,CCPDQ|CHSE|Plate2|2025-06-06 11:12:15|unozonated,unozonated,1.0,0.04139268515822508,23.866666666666667,True,1.0102027892314838,4,17764.75,4,1.054124425519321,0.9814809166505712,0.9814809166505712,0.9780041619884945,2.0,1.0,True
CCPDQ,CHSE,Plate2,2025-06-06,2025-06-06|Plate2,CCPDQ|CHSE|Plate2|2025-06-06 11:12:15|unozonated,unozonated,5.0,0.7075701760979364,23.866666666666667,True,1.030397275503455,4,17764.75,4,1.0432129055395787,0.981200891887144,0.981200891887144,0.9780041619884945,2.0,1.0,True
CCPDQ,CHSE,Plate2,2025-06-06,2025-06-06|Plate2,CCPDQ|CHSE|Plate2|2025-06-06 11:12:15|unozonated,unozonated,20.0,1.3031960574204888,23.866666666666667,True,1.019828593140911,4,17764.75,4,1.033456971433587,0.9829223733362323,0.9829223733362323,0.9780041619884945,2.0,1.0,True
CCPDQ,CHSE,Plate2,2025-06-06,2025-06-06|Plate2,CCPDQ|CHSE|Plate2|2025-06-06 11:12:15|unozonated,unozonated,50.0,1.6998377258672457,23.866666666666667,True,1.0256828832378728,4,17764.75,4,1.0269602591475715,0.9843337545674626,0.9843337545674626,0.9780041619884945,2.0,1.0,True
CCPDQ,CHSE,Plate2,2025-06-06,2025-06-06|Plate2,CCPDQ|CHSE|Plate2|2025-06-06 11:12:15|unozonated,unozonated,100.0,2.000434077479319,23.866666666666667,True,1.0264709607509253,4,17764.75,4,1.0220367017757575,0.990781293919887,0.990781293919887,0.9780041619884945,2.0,1.0,True
CCPDQ,CHSE,Plate2,2025-06-06,2025-06-06|Plate2,CCPDQ|CHSE|Plate2|2025-06-06 11:12:15|unozonated,unozonated,250.0,2.3981136917305026,23.866666666666667,True,1.008345177950717,4,17764.75,4,1.0155229886655817,0.9862182936798628,0.9862182936798628,0.9780041619884945,2.0,1.0,True
CCPDQ,CHSE,Plate2,2025-06-06,2025-06-06|Plate2,CCPDQ|CHSE|Plate2|2025-06-06 11:12:15|unozonated,unozonated,500.0,2.699056854547668,23.866666666666667,True,1.0229668303803883,4,17764.75,4,1.0105937507695155,0.9900359942296577,0.9900359942296577,0.9780041619884945,2.0,1.0,True
CCPDQ,CHSE,Plate2,2025-06-06,2025-06-06|Plate2,CCPDQ|CHSE|Plate2|2025-06-06 11:12:15|unozonated,unozonated,750.0,2.8751191654625683,23.866666666666667,True,1.0212640200396854,4,17764.75,4,1.0077099736240018,0.9897246697458654,0.9897246697458654,0.9780041619884945,2.0,1.0,True
CCPDQ,CHSE,Plate2,2025-06-06,2025-06-06|Plate2,CCPDQ|CHSE|Plate2|2025-06-06 11:12:15|unozonated,unozonated,1000.0,3.0000434272768626,23.866666666666667,True,1.0958780731504807,4,17764.75,4,1.005663801849542,1.0272209534099037,1.0272209534099037,0.9780041619884945,2.0,1.0,True
CCPDQ,CHSE,Plate3,2025-06-06,2025-06-06|Plate3,CCPDQ|CHSE|Plate3|2025-06-06 11:14:24|unozonated,unozonated,1.0,0.04139268515822508,23.85,True,0.9885790473315472,4,19875.75,4,1.05991872601363,1.0133051336759908,1.0133051336759908,0.9820471015172056,1.0,1.0,True
CCPDQ,CHSE,Plate3,2025-06-06,2025-06-06|Plate3,CCPDQ|CHSE|Plate3|2025-06-06 11:14:24|unozonated,unozonated,5.0,0.7075701760979364,23.85,True,0.9894092046841,4,19875.75,4,1.0487683843604856,1.015347586081004,1.015347586081004,0.9820471015172056,1.0,1.0,True
CCPDQ,CHSE,Plate3,2025-06-06,2025-06-06|Plate3,CCPDQ|CHSE|Plate3|2025-06-06 11:14:24|unozonated,unozonated,20.0,1.3031960574204888,23.85,True,0.9847427141114171,4,19875.75,4,1.0387989210199673,1.0172623195596808,1.0172623195596808,0.9820471015172056,1.0,1.0,True
CCPDQ,CHSE,Plate3,2025-06-06,2025-06-06|Plate3,CCPDQ|CHSE|Plate3|2025-06-06 11:14:24|unozonated,unozonated,50.0,1.6998377258672457,23.85,True,1.006062664301976,4,19875.75,4,1.0321600144564689,1.0155513682106367,1.0155513682106367,0.9820471015172056,1.0,1.0,True
CCPDQ,CHSE,Plate3,2025-06-06,2025-06-06|Plate3,CCPDQ|CHSE|Plate3|2025-06-06 11:14:24|unozonated,unozonated,100.0,2.000434077479319,23.85,True,1.0319987924983964,4,19875.75,4,1.0271286946269211,1.0201556746523934,1.0201556746523934,0.9820471015172056,1.0,1.0,True
CCPDQ,CHSE,Plate3,2025-06-06,2025-06-06|Plate3,CCPDQ|CHSE|Plate3|2025-06-06 11:14:24|unozonated,unozonated,250.0,2.3981136917305026,23.85,True,0.9740387155201691,4,19875.75,4,1.0204724151402988,1.0213112291253919,1.0213112291253919,0.9820471015172056,1.0,1.0,True
CCPDQ,CHSE,Plate3,2025-06-06,2025-06-06|Plate3,CCPDQ|CHSE|Plate3|2025-06-06 11:14:24|unozonated,unozonated,500.0,2.699056854547668,23.85,True,0.9708061331018956,4,19875.75,4,1.0154352904562214,1.0306375226152387,1.0306375226152387,0.9820471015172056,1.0,1.0,True
CCPDQ,CHSE,Plate3,2025-06-06,2025-06-06|Plate3,CCPDQ|CHSE|Plate3|2025-06-06 11:14:24|unozonated,unozonated,750.0,2.8751191654625683,23.85,True,1.0098109505301687,4,19875.75,4,1.012488395753769,1.0226903394977422,1.0226903394977422,0.9820471015172056,1.0,1.0,True
CCPDQ,CHSE,Plate3,2025-06-06,2025-06-06|Plate3,CCPDQ|CHSE|Plate3|2025-06-06 11:14:24|unozonated,unozonated,1000.0,3.0000434272768626,23.85,True,1.0732676754336314,4,19875.75,4,1.0103974391859758,1.049741623706708,1.049741623706708,0.9820471015172056,1.0,1.0,True
CCPDQ,CSE,Plate1,2025-06-06,2025-06-06|Plate1,CCPDQ|CSE|Plate1|2025-06-06 11:10:14|unozonated,unozonated,1.0,0.04139268515822508,23.9,True,1.0217771106572504,4,10159.75,4,1.01776116777954,0.9902164741647711,0.9902164741647711,0.9788687404954326,3.0,1.0,True
CCPDQ,CSE,Plate1,2025-06-06,2025-06-06|Plate1,CCPDQ|CSE|Plate1|2025-06-06 11:10:14|unozonated,unozonated,5.0,0.7075701760979364,23.9,True,1.0271906296906912,4,10159.75,4,1.006017651268597,0.9887607184560714,0.9887607184560714,0.9788687404954326,3.0,1.0,True
CCPDQ,CSE,Plate1,2025-06-06,2025-06-06|Plate1,CCPDQ|CSE|Plate1|2025-06-06 11:10:14|unozonated,unozonated,20.0,1.3031960574204888,23.9,True,1.0240901596988115,4,10159.75,4,0.9955178333270005,0.9945779363170608,0.9945779363170608,0.9788687404954326,3.0,1.0,True
CCPDQ,CSE,Plate1,2025-06-06,2025-06-06|Plate1,CCPDQ|CSE|Plate1|2025-06-06 11:10:14|unozonated,unozonated,50.0,1.6998377258672457,23.9,True,1.0109008587809738,4,10159.75,4,0.9885257508179353,0.9925638788858949,0.9925638788858949,0.9788687404954326,3.0,1.0,True
CCPDQ,CSE,Plate1,2025-06-06,2025-06-06|Plate1,CCPDQ|CSE|Plate1|2025-06-06 11:10:14|unozonated,unozonated,100.0,2.000434077479319,23.9,True,1.0022146214227712,4,10159.75,4,0.9832267752952015,0.9915359570690964,0.9915359570690964,0.9788687404954326,3.0,1.0,True
CCPDQ,CSE,Plate1,2025-06-06,2025-06-06|Plate1,CCPDQ|CSE|Plate1|2025-06-06 11:10:14|unozonated,unozonated,250.0,2.3981136917305026,23.9,True,1.0253697187430793,4,10159.75,4,0.9762163956598335,0.99125532854464,0.99125532854464,0.9788687404954326,3.0,1.0,True
CCPDQ,CSE,Plate1,2025-06-06,2025-06-06|Plate1,CCPDQ|CSE|Plate1|2025-06-06 11:10:14|unozonated,unozonated,500.0,2.699056854547668,23.9,True,1.0210881173257216,4,10159.75,4,0.9709113064764485,0.9967523097683312,0.9967523097683312,0.9788687404954326,3.0,1.0,True
CCPDQ,CSE,Plate1,2025-06-06,2025-06-06|Plate1,CCPDQ|CSE|Plate1|2025-06-06 11:10:14|unozonated,unozonated,750.0,2.8751191654625683,23.9,True,1.0209650828022343,4,10159.75,4,0.9678076431385183,1.002847519591685,1.002847519591685,0.9788687404954326,3.0,1.0,True
CCPDQ,CSE,Plate1,2025-06-06,2025-06-06|Plate1,CCPDQ|CSE|Plate1|2025-06-06 11:10:14|unozonated,unozonated,1000.0,3.0000434272768626,23.9,True,1.11887595659342,4,10159.75,4,0.965605452054031,1.079390030933731,1.079390030933731,0.9788687404954326,3.0,1.0,True
CCPDQ,CSE,Plate2,2025-06-06,2025-06-06|Plate2,CCPDQ|CSE|Plate2|2025-06-06 11:12:15|unozonated,unozonated,1.0,0.04139268515822508,23.866666666666667,True,0.9733507764614677,4,10319.25,4,1.0095534934687957,1.014852516434675,1.014852516434675,0.9780041619884945,2.0,1.0,True
CCPDQ,CSE,Plate2,2025-06-06,2025-06-06|Plate2,CCPDQ|CSE|Plate2|2025-06-06 11:12:15|unozonated,unozonated,5.0,0.7075701760979364,23.866666666666667,True,0.9773239334253943,4,10319.25,4,0.9986419734890535,1.0141822875001973,1.0141822875001973,0.9780041619884945,2.0,1.0,True
CCPDQ,CSE,Plate2,2025-06-06,2025-06-06|Plate2,CCPDQ|CSE|Plate2|2025-06-06 11:12:15|unozonated,unozonated,20.0,1.3031960574204888,23.866666666666667,True,0.9961237493034862,4,10319.25,4,0.9888860393830619,1.014396624292412,1.014396624292412,0.9780041619884945,2.0,1.0,True
CCPDQ,CSE,Plate2,2025-06-06,2025-06-06|Plate2,CCPDQ|CSE|Plate2|2025-06-06 11:12:15|unozonated,unozonated,50.0,1.6998377258672457,23.866666666666667,True,0.9970685854107615,4,10319.25,4,0.9823893270970462,1.0107073441351735,1.0107073441351735,0.9780041619884945,2.0,1.0,True
CCPDQ,CSE,Plate2,2025-06-06,2025-06-06|Plate2,CCPDQ|CSE|Plate2|2025-06-06 11:12:15|unozonated,unozonated,100.0,2.000434077479319,23.866666666666667,True,0.9961964290040458,4,10319.25,4,0.9774657697252321,1.0100259274674355,1.0100259274674355,0.9780041619884945,2.0,1.0,True
CCPDQ,CSE,Plate2,2025-06-06,2025-06-06|Plate2,CCPDQ|CSE|Plate2|2025-06-06 11:12:15|unozonated,unozonated,250.0,2.3981136917305026,23.866666666666667,True,1.0095937204738716,4,10319.25,4,0.9709520566150565,1.0141663476832932,1.0141663476832932,0.9780041619884945,2.0,1.0,True
CCPDQ,CSE,Plate2,2025-06-06,2025-06-06|Plate2,CCPDQ|CSE|Plate2|2025-06-06 11:12:15|unozonated,unozonated,500.0,2.699056854547668,23.866666666666667,True,0.9864573491290549,4,10319.25,4,0.9660228187189902,1.02892617811,1.02892617811,0.9780041619884945,2.0,1.0,True
CCPDQ,CSE,Plate2,2025-06-06,2025-06-06|Plate2,CCPDQ|CSE|Plate2|2025-06-06 11:12:15|unozonated,unozonated,750.0,2.8751191654625683,23.866666666666667,True,0.9700075102357245,4,10319.25,4,0.9631390415734766,1.0373528029998698,1.0373528029998698,0.9780041619884945,2.0,1.0,True
CCPDQ,CSE,Plate2,2025-06-06,2025-06-06|Plate2,CCPDQ|CSE|Plate2|2025-06-06 11:12:15|unozonated,unozonated,1000.0,3.0000434272768626,23.866666666666667,True,1.0709353877462024,4,10319.25,4,0.9610928697990169,1.0476506180920833,1.0476506180920833,0.9780041619884945,2.0,1.0,True
CCPDQ,CSE,Plate3,2025-06-06,2025-06-06|Plate3,CCPDQ|CSE|Plate3|2025-06-06 11:14:24|unozonated,unozonated,1.0,0.04139268515822508,23.85,True,1.0340447019427539,4,9406.75,4,1.0116921828900032,0.9927208766070081,0.9927208766070081,0.9820471015172056,1.0,1.0,True
CCPDQ,CSE,Plate3,2025-06-06,2025-06-06|Plate3,CCPDQ|CSE|Plate3|2025-06-06 11:14:24|unozonated,unozonated,5.0,0.7075701760979364,23.85,True,0.9856486033964972,4,9406.75,4,1.0005418412368587,0.9924845261252752,0.9924845261252752,0.9820471015172056,1.0,1.0,True
CCPDQ,CSE,Plate3,2025-06-06,2025-06-06|Plate3,CCPDQ|CSE|Plate3|2025-06-06 11:14:24|unozonated,unozonated,20.0,1.3031960574204888,23.85,True,1.0409280569803598,4,9406.75,4,0.9905723778963406,0.9939171418629915,0.9939171418629915,0.9820471015172056,1.0,1.0,True
CCPDQ,CSE,Plate3,2025-06-06,2025-06-06|Plate3,CCPDQ|CSE|Plate3|2025-06-06 11:14:24|unozonated,unozonated,50.0,1.6998377258672457,23.85,True,0.9929040316793791,4,9406.75,4,0.983933471332842,0.9956863358913324,0.9956863358913324,0.9820471015172056,1.0,1.0,True
CCPDQ,CSE,Plate3,2025-06-06,2025-06-06|Plate3,CCPDQ|CSE|Plate3|2025-06-06 11:14:24|unozonated,unozonated,100.0,2.000434077479319,23.85,True,0.9735562229250272,4,9406.75,4,0.9789021515032942,0.9981915206835135,0.9981915206835135,0.9820471015172056,1.0,1.0,True
CCPDQ,CSE,Plate3,2025-06-06,2025-06-06|Plate3,CCPDQ|CSE|Plate3|2025-06-06 11:14:24|unozonated,unozonated,250.0,2.3981136917305026,23.85,True,0.9433917133972944,4,9406.75,4,0.972245872016672,1.0002964998986252,1.0002964998986252,0.9820471015172056,1.0,1.0,True
CCPDQ,CSE,Plate3,2025-06-06,2025-06-06|Plate3,CCPDQ|CSE|Plate3|2025-06-06 11:14:24|unozonated,unozonated,500.0,2.699056854547668,23.85,True,1.0170090626411885,4,9406.75,4,0.9672087473325944,1.0021044774552486,1.0021044774552486,0.9820471015172056,1.0,1.0,True
CCPDQ,CSE,Plate3,2025-06-06,2025-06-06|Plate3,CCPDQ|CSE|Plate3|2025-06-06 11:14:24|unozonated,unozonated,750.0,2.8751191654625683,23.85,True,1.0381906609615437,4,9406.75,4,0.964261852630142,1.0039772008298828,1.0039772008298828,0.9820471015172056,1.0,1.0,True
CCPDQ,CSE,Plate3,2025-06-06,2025-06-06|Plate3,CCPDQ|CSE|Plate3|2025-06-06 11:14:24|unozonated,unozonated,1000.0,3.0000434272768626,23.85,True,1.140936029978473,4,9406.75,4,0.962170896062349,1.0237548380117638,1.0237548380117638,0.9820471015172056,1.0,1.0,True
DPPD,CHSE,Plate1,2025-06-19,2025-06-19|Plate1,DPPD|CHSE|Plate1|2025-06-19 10:49:16|unozonated,unozonated,1.0,0.04139268515822508,24.316666666666666,True,1.0039258859208176,4,12035.5,4,1.02555619978454,0.9470968524618826,0.9470968524618826,0.9780041619884945,2.0,1.0,True
DPPD,CHSE,Plate1,2025-06-19,2025-06-19|Plate1,DPPD|CHSE|Plate1|2025-06-19 10:49:16|unozonated,unozonated,5.0,0.7075701760979364,24.316666666666666,True,0.9593909683851938,4,12035.5,4,1.0146446798047977,0.9500505357904848,0.9500505357904848,0.9780041619884945,2.0,1.0,True
DPPD,CHSE,Plate1,2025-06-19,2025-06-19|Plate1,DPPD|CHSE|Plate1|2025-06-19 10:49:16|unozonated,unozonated,20.0,1.3031960574204888,24.316666666666666,True,1.0782269120518466,4,12035.5,4,1.0048887456988063,0.998565385596417,0.998565385596417,0.9780041619884945,2.0,1.0,True
DPPD,CHSE,Plate1,2025-06-19,2025-06-19|Plate1,DPPD|CHSE|Plate1|2025-06-19 10:49:16|unozonated,unozonated,50.0,1.6998377258672457,24.316666666666666,True,1.0483984878069046,4,12035.5,4,0.9983920334127905,1.012596937369368,1.012596937369368,0.9780041619884945,2.0,1.0,True
DPPD,CHSE,Plate1,2025-06-19,2025-06-19|Plate1,DPPD|CHSE|Plate1|2025-06-19 10:49:16|unozonated,unozonated,100.0,2.000434077479319,24.316666666666666,True,1.0616509492750612,4,12035.5,4,0.9934684760409765,1.02631266633008,1.02631266633008,0.9780041619884945,2.0,1.0,True
DPPD,CHSE,Plate1,2025-06-19,2025-06-19|Plate1,DPPD|CHSE|Plate1|2025-06-19 10:49:16|unozonated,unozonated,250.0,2.3981136917305026,24.316666666666666,True,1.0715383656682316,4,12035.5,4,0.9869547629308008,1.0314108982689052,1.0314108982689052,0.9780041619884945,2.0,1.0,True
DPPD,CHSE,Plate1,2025-06-19,2025-06-19|Plate1,DPPD|CHSE|Plate1|2025-06-19 10:49:16|unozonated,unozonated,500.0,2.699056854547668,24.316666666666666,True,1.0407959785634167,4,12035.5,4,0.9820255250347345,1.0273159704511228,1.0273159704511228,0.9780041619884945,2.0,1.0,True
DPPD,CHSE,Plate1,2025-06-19,2025-06-19|Plate1,DPPD|CHSE|Plate1|2025-06-19 10:49:16|unozonated,unozonated,750.0,2.8751191654625683,24.316666666666666,True,1.0353952889368951,4,12035.5,4,0.9791417478892209,1.007966911916369,1.007966911916369,0.9780041619884945,2.0,1.0,True
DPPD,CHSE,Plate1,2025-06-19,2025-06-19|Plate1,DPPD|CHSE|Plate1|2025-06-19 10:49:16|unozonated,unozonated,1000.0,3.0000434272768626,24.316666666666666,True,0.9839225624195089,4,12035.5,4,0.9770955761147613,1.0101445425523299,1.0101445425523299,0.9780041619884945,2.0,1.0,True
DPPD,CHSE,Plate2,2025-06-19,2025-06-19|Plate2,DPPD|CHSE|Plate2|2025-06-19 10:52:12|unozonated,unozonated,1.0,0.04139268515822508,24.316666666666666,True,0.9085833061623736,4,12268.0,4,1.0413204350637923,1.0163694825358227,1.0163694825358227,0.9820471015172056,1.0,1.0,True
DPPD,CHSE,Plate2,2025-06-19,2025-06-19|Plate2,DPPD|CHSE|Plate2|2025-06-19 10:52:12|unozonated,unozonated,5.0,0.7075701760979364,24.316666666666666,True,0.9591009129442452,4,12268.0,4,1.030170093410648,1.0157975998010833,1.0157975998010833,0.9820471015172056,1.0,1.0,True
DPPD,CHSE,Plate2,2025-06-19,2025-06-19|Plate2,DPPD|CHSE|Plate2|2025-06-19 10:52:12|unozonated,unozonated,20.0,1.3031960574204888,24.316666666666666,True,1.0002241604173459,4,12268.0,4,1.0202006300701298,1.0302160002474072,1.0302160002474072,0.9820471015172056,1.0,1.0,True
DPPD,CHSE,Plate2,2025-06-19,2025-06-19|Plate2,DPPD|CHSE|Plate2|2025-06-19 10:52:12|unozonated,unozonated,50.0,1.6998377258672457,24.316666666666666,True,1.022701336811216,4,12268.0,4,1.0135617235066312,1.031172545196915,1.031172545196915,0.9820471015172056,1.0,1.0,True
DPPD,CHSE,Plate2,2025-06-19,2025-06-19|Plate2,DPPD|CHSE|Plate2|2025-06-19 10:52:12|unozonated,unozonated,100.0,2.000434077479319,24.316666666666666,True,1.0672481252037822,4,12268.0,4,1.0085304036770835,1.034378551727356,1.034378551727356,0.9820471015172056,1.0,1.0,True
DPPD,CHSE,Plate2,2025-06-19,2025-06-19|Plate2,DPPD|CHSE|Plate2|2025-06-19 10:52:12|unozonated,unozonated,250.0,2.3981136917305026,24.316666666666666,True,1.0758884903814803,4,12268.0,4,1.0018741241904612,1.0344062300220853,1.0344062300220853,0.9820471015172056,1.0,1.0,True
DPPD,CHSE,Plate2,2025-06-19,2025-06-19|Plate2,DPPD|CHSE|Plate2|2025-06-19 10:52:12|unozonated,unozonated,500.0,2.699056854547668,24.316666666666666,True,1.082368764264754,4,12268.0,4,0.9968369995063836,1.0331930722670915,1.0331930722670915,0.9820471015172056,1.0,1.0,True
DPPD,CHSE,Plate2,2025-06-19,2025-06-19|Plate2,DPPD|CHSE|Plate2|2025-06-19 10:52:12|unozonated,unozonated,750.0,2.8751191654625683,24.316666666666666,True,0.9746902510596674,4,12268.0,4,0.9938901048039311,1.0272862684452053,1.0272862684452053,0.9820471015172056,1.0,1.0,True
DPPD,CHSE,Plate2,2025-06-19,2025-06-19|Plate2,DPPD|CHSE|Plate2|2025-06-19 10:52:12|unozonated,unozonated,1000.0,3.0000434272768626,24.316666666666666,True,0.9527632865992827,4,12268.0,4,0.9917991482361381,1.0320257854991433,1.0320257854991433,0.9820471015172056,1.0,1.0,True
DPPD,CHSE,Plate3,2025-06-19,2025-06-19|Plate3,DPPD|CHSE|Plate3|2025-06-19 10:55:07|unozonated,unozonated,1.0,0.04139268515822508,24.25,True,0.9097044449616011,4,12891.0,4,1.0643349228870094,0.9727682281592623,0.9727682281592623,0.9776901457031006,0.0,1.0,True
DPPD,CHSE,Plate3,2025-06-19,2025-06-19|Plate3,DPPD|CHSE|Plate3|2025-06-19 10:55:07|unozonated,unozonated,5.0,0.7075701760979364,24.25,True,0.8774726553409355,4,12891.0,4,1.0520818903727602,0.9732306641134013,0.9732306641134013,0.9776901457031006,0.0,1.0,True
DPPD,CHSE,Plate3,2025-06-19,2025-06-19|Plate3,DPPD|CHSE|Plate3|2025-06-19 10:55:07|unozonated,unozonated,20.0,1.3031960574204888,24.25,True,1.0019005507718564,4,12891.0,4,1.0411265167832404,1.0203767935713672,1.0203767935713672,0.9776901457031006,0.0,1.0,True
DPPD,CHSE,Plate3,2025-06-19,2025-06-19|Plate3,DPPD|CHSE|Plate3|2025-06-19 10:55:07|unozonated,unozonated,50.0,1.6998377258672457,24.25,True,0.915309130401055,4,12891.0,4,1.0338310687591283,1.0316582468025453,1.0316582468025453,0.9776901457031006,0.0,1.0,True
DPPD,CHSE,Plate3,2025-06-19,2025-06-19|Plate3,DPPD|CHSE|Plate3|2025-06-19 10:55:07|unozonated,unozonated,100.0,2.000434077479319,24.25,True,0.9319098595919634,4,12891.0,4,1.028302186561725,1.0397777330206146,1.0397777330206146,0.9776901457031006,0.0,1.0,True
DPPD,CHSE,Plate3,2025-06-19,2025-06-19|Plate3,DPPD|CHSE|Plate3|2025-06-19 10:55:07|unozonated,unozonated,250.0,2.3981136917305026,24.25,True,1.0012993561399426,4,12891.0,4,1.0209876475538096,1.0419906551675004,1.0419906551675004,0.9776901457031006,0.0,1.0,True
DPPD,CHSE,Plate3,2025-06-19,2025-06-19|Plate3,DPPD|CHSE|Plate3|2025-06-19 10:55:07|unozonated,unozonated,500.0,2.699056854547668,24.25,True,1.0525172601039485,4,12891.0,4,1.0154523864423328,1.033016138803773,1.033016138803773,0.9776901457031006,0.0,1.0,True
DPPD,CHSE,Plate3,2025-06-19,2025-06-19|Plate3,DPPD|CHSE|Plate3|2025-06-19 10:55:07|unozonated,unozonated,750.0,2.8751191654625683,24.25,True,0.923396167869056,4,12891.0,4,1.012214064449299,1.0173651034686786,1.0173651034686786,0.9776901457031006,0.0,1.0,True
DPPD,CHSE,Plate3,2025-06-19,2025-06-19|Plate3,DPPD|CHSE|Plate3|2025-06-19 10:55:07|unozonated,unozonated,1000.0,3.0000434272768626,24.25,True,0.9857458692110774,4,12891.0,4,1.0099163268903943,1.0158407665478109,1.0158407665478109,0.9776901457031006,0.0,1.0,True
DPPD,CSE,Plate1,2025-06-19,2025-06-19|Plate1,DPPD|CSE|Plate1|2025-06-19 10:49:16|unozonated,unozonated,1.0,0.04139268515822508,24.316666666666666,True,0.9775238095238096,4,9187.5,4,0.9809852677340148,0.9545957967576629,0.9545957967576629,0.9780041619884945,2.0,1.0,True
DPPD,CSE,Plate1,2025-06-19,2025-06-19|Plate1,DPPD|CSE|Plate1|2025-06-19 10:49:16|unozonated,unozonated,5.0,0.7075701760979364,24.316666666666666,True,1.0127619047619048,4,9187.5,4,0.9700737477542726,0.9729923445329483,0.9729923445329483,0.9780041619884945,2.0,1.0,True
DPPD,CSE,Plate1,2025-06-19,2025-06-19|Plate1,DPPD|CSE|Plate1|2025-06-19 10:49:16|unozonated,unozonated,20.0,1.3031960574204888,24.316666666666666,True,1.048108843537415,4,9187.5,4,0.960317813648281,1.004197535848218,1.004197535848218,0.9780041619884945,2.0,1.0,True
DPPD,CSE,Plate1,2025-06-19,2025-06-19|Plate1,DPPD|CSE|Plate1|2025-06-19 10:49:16|unozonated,unozonated,50.0,1.6998377258672457,24.316666666666666,True,1.0097687074829933,4,9187.5,4,0.9538211013622653,1.0041533153792217,1.0041533153792217,0.9780041619884945,2.0,1.0,True
DPPD,CSE,Plate1,2025-06-19,2025-06-19|Plate1,DPPD|CSE|Plate1|2025-06-19 10:49:16|unozonated,unozonated,100.0,2.000434077479319,24.316666666666666,True,1.02443537414966,4,9187.5,4,0.9488975439904512,1.0089058794401333,1.0089058794401333,0.9780041619884945,2.0,1.0,True
DPPD,CSE,Plate1,2025-06-19,2025-06-19|Plate1,DPPD|CSE|Plate1|2025-06-19 10:49:16|unozonated,unozonated,250.0,2.3981136917305026,24.316666666666666,True,1.0310748299319727,4,9187.5,4,0.9423838308802756,1.0098305044672093,1.0098305044672093,0.9780041619884945,2.0,1.0,True
DPPD,CSE,Plate1,2025-06-19,2025-06-19|Plate1,DPPD|CSE|Plate1|2025-06-19 10:49:16|unozonated,unozonated,500.0,2.699056854547668,24.316666666666666,True,1.0481360544217688,4,9187.5,4,0.9374545929842093,0.9875389412036982,0.9875389412036982,0.9780041619884945,2.0,1.0,True
DPPD,CSE,Plate1,2025-06-19,2025-06-19|Plate1,DPPD|CSE|Plate1|2025-06-19 10:49:16|unozonated,unozonated,750.0,2.8751191654625683,24.316666666666666,True,0.995891156462585,4,9187.5,4,0.9345708158386957,0.9612394796719309,0.9612394796719309,0.9780041619884945,2.0,1.0,True
DPPD,CSE,Plate1,2025-06-19,2025-06-19|Plate1,DPPD|CSE|Plate1|2025-06-19 10:49:16|unozonated,unozonated,1000.0,3.0000434272768626,24.316666666666666,True,1.0612789115646257,4,9187.5,4,0.932524644064236,1.003347853596238,1.003347853596238,0.9780041619884945,2.0,1.0,True
DPPD,CSE,Plate2,2025-06-19,2025-06-19|Plate2,DPPD|CSE|Plate2|2025-06-19 10:52:12|unozonated,unozonated,1.0,0.04139268515822508,24.316666666666666,True,0.9100013570362329,4,9211.25,4,0.9930938919401655,0.9935298431191404,0.9935298431191404,0.9820471015172056,1.0,1.0,True
DPPD,CSE,Plate2,2025-06-19,2025-06-19|Plate2,DPPD|CSE|Plate2|2025-06-19 10:52:12|unozonated,unozonated,5.0,0.7075701760979364,24.316666666666666,True,0.9956032026055096,4,9211.25,4,0.981943550287021,0.9954442041251241,0.9954442041251241,0.9820471015172056,1.0,1.0,True
DPPD,CSE,Plate2,2025-06-19,2025-06-19|Plate2,DPPD|CSE|Plate2|2025-06-19 10:52:12|unozonated,unozonated,20.0,1.3031960574204888,24.316666666666666,True,1.0254851404532501,4,9211.25,4,0.9719740869465029,1.0177341581914627,1.0177341581914627,0.9820471015172056,1.0,1.0,True
DPPD,CSE,Plate2,2025-06-19,2025-06-19|Plate2,DPPD|CSE|Plate2|2025-06-19 10:52:12|unozonated,unozonated,50.0,1.6998377258672457,24.316666666666666,True,1.0005156737684895,4,9211.25,4,0.9653351803830044,1.0181721164972328,1.0181721164972328,0.9820471015172056,1.0,1.0,True
DPPD,CSE,Plate2,2025-06-19,2025-06-19|Plate2,DPPD|CSE|Plate2|2025-06-19 10:52:12|unozonated,unozonated,100.0,2.000434077479319,24.316666666666666,True,1.0283349165422717,4,9211.25,4,0.9603038605534565,1.0245985945953597,1.0245985945953597,0.9820471015172056,1.0,1.0,True
DPPD,CSE,Plate2,2025-06-19,2025-06-19|Plate2,DPPD|CSE|Plate2|2025-06-19 10:52:12|unozonated,unozonated,250.0,2.3981136917305026,24.316666666666666,True,1.0422852490161487,4,9211.25,4,0.9536475810668343,1.0279186883855318,1.0279186883855318,0.9820471015172056,1.0,1.0,True
DPPD,CSE,Plate2,2025-06-19,2025-06-19|Plate2,DPPD|CSE|Plate2|2025-06-19 10:52:12|unozonated,unozonated,500.0,2.699056854547668,24.316666666666666,True,1.019079929434116,4,9211.25,4,0.9486104563827568,1.0292175349215604,1.0292175349215604,0.9820471015172056,1.0,1.0,True
DPPD,CSE,Plate2,2025-06-19,2025-06-19|Plate2,DPPD|CSE|Plate2|2025-06-19 10:52:12|unozonated,unozonated,750.0,2.8751191654625683,24.316666666666666,True,0.8755326367214005,4,9211.25,4,0.9456635616803043,1.0252188040553254,1.0252188040553254,0.9820471015172056,1.0,1.0,True
DPPD,CSE,Plate2,2025-06-19,2025-06-19|Plate2,DPPD|CSE|Plate2|2025-06-19 10:52:12|unozonated,unozonated,1000.0,3.0000434272768626,24.316666666666666,True,0.988546614194599,4,9211.25,4,0.9435726051125113,1.0373619599911759,1.0373619599911759,0.9820471015172056,1.0,1.0,True
DPPD,CSE,Plate3,2025-06-19,2025-06-19|Plate3,DPPD|CSE|Plate3|2025-06-19 10:55:07|unozonated,unozonated,1.0,0.04139268515822508,24.25,True,0.8861721799876721,4,9734.0,4,1.0085560443070407,0.9921248498742564,0.9921248498742564,0.9776901457031006,0.0,1.0,True
DPPD,CSE,Plate3,2025-06-19,2025-06-19|Plate3,DPPD|CSE|Plate3|2025-06-19 10:55:07|unozonated,unozonated,5.0,0.7075701760979364,24.25,True,0.971311896445449,4,9734.0,4,0.9963030117927916,0.9922665606967185,0.9922665606967185,0.9776901457031006,0.0,1.0,True
DPPD,CSE,Plate3,2025-06-19,2025-06-19|Plate3,DPPD|CSE|Plate3|2025-06-19 10:55:07|unozonated,unozonated,20.0,1.3031960574204888,24.25,True,1.008167248818574,4,9734.0,4,0.9853476382032718,1.0097354454732423,1.0097354454732423,0.9776901457031006,0.0,1.0,True
DPPD,CSE,Plate3,2025-06-19,2025-06-19|Plate3,DPPD|CSE|Plate3|2025-06-19 10:55:07|unozonated,unozonated,50.0,1.6998377258672457,24.25,True,0.9992295048284364,4,9734.0,4,0.9780521901791596,1.0133032729226483,1.0133032729226483,0.9776901457031006,0.0,1.0,True
DPPD,CSE,Plate3,2025-06-19,2025-06-19|Plate3,DPPD|CSE|Plate3|2025-06-19 10:55:07|unozonated,unozonated,100.0,2.000434077479319,24.25,True,0.9881857407026916,4,9734.0,4,0.9725233079817562,1.0159853723799723,1.0159853723799723,0.9776901457031006,0.0,1.0,True
DPPD,CSE,Plate3,2025-06-19,2025-06-19|Plate3,DPPD|CSE|Plate3|2025-06-19 10:55:07|unozonated,unozonated,250.0,2.3981136917305026,24.25,True,1.0303061434148346,4,9734.0,4,0.9652087689738408,1.0166659735680148,1.0166659735680148,0.9776901457031006,0.0,1.0,True
DPPD,CSE,Plate3,2025-06-19,2025-06-19|Plate3,DPPD|CSE|Plate3|2025-06-19 10:55:07|unozonated,unozonated,500.0,2.699056854547668,24.25,True,1.0094770906102322,4,9734.0,4,0.9596735078623642,1.0084921948173464,1.0084921948173464,0.9776901457031006,0.0,1.0,True
DPPD,CSE,Plate3,2025-06-19,2025-06-19|Plate3,DPPD|CSE|Plate3|2025-06-19 10:55:07|unozonated,unozonated,750.0,2.8751191654625683,24.25,True,0.9412369015820834,4,9734.0,4,0.9564351858693304,1.001131354617098,1.001131354617098,0.9776901457031006,0.0,1.0,True
DPPD,CSE,Plate3,2025-06-19,2025-06-19|Plate3,DPPD|CSE|Plate3|2025-06-19 10:55:07|unozonated,unozonated,1000.0,3.0000434272768626,24.25,True,1.0064207930963633,4,9734.0,4,0.9541374483104256,1.019726595070155,1.019726595070155,0.9776901457031006,0.0,1.0,True
DPPDQ,CHSE,Plate1,2025-06-19,2025-06-19|Plate1,DPPDQ|CHSE|Plate1|2025-06-19 10:57:42|unozonated,unozonated,1.0,0.04139268515822508,23.966666666666665,True,0.9421760471924456,4,11357.75,4,1.0317410525672739,0.9515254859387731,0.9515254859387731,0.9780041619884945,2.0,1.0,True
DPPDQ,CHSE,Plate1,2025-06-19,2025-06-19|Plate1,DPPDQ|CHSE|Plate1|2025-06-19 10:57:42|unozonated,unozonated,5.0,0.7075701760979364,23.966666666666665,True,1.0150998217076446,4,11357.75,4,1.0208295325875316,0.9521129221571178,0.9521129221571178,0.9780041619884945,2.0,1.0,True
DPPDQ,CHSE,Plate1,2025-06-19,2025-06-19|Plate1,DPPDQ|CHSE|Plate1|2025-06-19 10:57:42|unozonated,unozonated,20.0,1.3031960574204888,23.966666666666665,True,1.04930554026986,4,11357.75,4,1.01107359848154,0.9695043125674675,0.9695043125674675,0.9780041619884945,2.0,1.0,True
DPPDQ,CHSE,Plate1,2025-06-19,2025-06-19|Plate1,DPPDQ|CHSE|Plate1|2025-06-19 10:57:42|unozonated,unozonated,50.0,1.6998377258672457,23.966666666666665,True,0.9713191433162378,4,11357.75,4,1.0045768861955244,0.9727710201622787,0.9727710201622787,0.9780041619884945,2.0,1.0,True
DPPDQ,CHSE,Plate1,2025-06-19,2025-06-19|Plate1,DPPDQ|CHSE|Plate1|2025-06-19 10:57:42|unozonated,unozonated,100.0,2.000434077479319,23.966666666666665,True,1.017278950496357,4,11357.75,4,0.9996533288237104,0.9775131722436957,0.9775131722436957,0.9780041619884945,2.0,1.0,True
DPPDQ,CHSE,Plate1,2025-06-19,2025-06-19|Plate1,DPPDQ|CHSE|Plate1|2025-06-19 10:57:42|unozonated,unozonated,250.0,2.3981136917305026,23.966666666666665,True,0.9589487354449605,4,11357.75,4,0.9931396157135346,0.9821516026416401,0.9821516026416401,0.9780041619884945,2.0,1.0,True
DPPDQ,CHSE,Plate1,2025-06-19,2025-06-19|Plate1,DPPDQ|CHSE|Plate1|2025-06-19 10:57:42|unozonated,unozonated,500.0,2.699056854547668,23.966666666666665,True,1.070238383482644,4,11357.75,4,0.9882103778174685,0.9871921135182062,0.9871921135182062,0.9780041619884945,2.0,1.0,True
DPPDQ,CHSE,Plate1,2025-06-19,2025-06-19|Plate1,DPPDQ|CHSE|Plate1|2025-06-19 10:57:42|unozonated,unozonated,750.0,2.8751191654625683,23.966666666666665,True,0.9677973190112478,4,11357.75,4,0.9853266006719549,0.9804224578453561,0.9804224578453561,0.9780041619884945,2.0,1.0,True
DPPDQ,CHSE,Plate1,2025-06-19,2025-06-19|Plate1,DPPDQ|CHSE|Plate1|2025-06-19 10:57:42|unozonated,unozonated,1000.0,3.0000434272768626,23.966666666666665,True,1.0783605907860272,4,11357.75,4,0.9832804288974951,1.0145985595344476,1.0145985595344476,0.9780041619884945,2.0,1.0,True
DPPDQ,CHSE,Plate2,2025-06-19,2025-06-19|Plate2,DPPDQ|CHSE|Plate2|2025-06-19 11:00:02|unozonated,unozonated,1.0,0.04139268515822508,23.933333333333334,True,0.9028020072796192,4,11607.75,4,1.038997642364682,0.9840929901900967,0.9840929901900967,0.9820471015172056,1.0,1.0,True
DPPDQ,CHSE,Plate2,2025-06-19,2025-06-19|Plate2,DPPDQ|CHSE|Plate2|2025-06-19 11:00:02|unozonated,unozonated,5.0,0.7075701760979364,23.933333333333334,True,0.9494734121599793,4,11607.75,4,1.0278473007115374,0.986031807451009,0.986031807451009,0.9820471015172056,1.0,1.0,True
DPPDQ,CHSE,Plate2,2025-06-19,2025-06-19|Plate2,DPPDQ|CHSE|Plate2|2025-06-19 11:00:02|unozonated,unozonated,20.0,1.3031960574204888,23.933333333333334,True,0.9703000150761345,4,11607.75,4,1.0178778373710193,1.0012627987995448,1.0012627987995448,0.9820471015172056,1.0,1.0,True
DPPDQ,CHSE,Plate2,2025-06-19,2025-06-19|Plate2,DPPDQ|CHSE|Plate2|2025-06-19 11:00:02|unozonated,unozonated,50.0,1.6998377258672457,23.933333333333334,True,0.9774073356162909,4,11607.75,4,1.011238930807521,0.9978853373330306,0.9978853373330306,0.9820471015172056,1.0,1.0,True
DPPDQ,CHSE,Plate2,2025-06-19,2025-06-19|Plate2,DPPDQ|CHSE|Plate2|2025-06-19 11:00:02|unozonated,unozonated,100.0,2.000434077479319,23.933333333333334,True,0.982856281363744,4,11607.75,4,1.006207610977973,1.0042464700348581,1.0042464700348581,0.9820471015172056,1.0,1.0,True
DPPDQ,CHSE,Plate2,2025-06-19,2025-06-19|Plate2,DPPDQ|CHSE|Plate2|2025-06-19 11:00:02|unozonated,unozonated,250.0,2.3981136917305026,23.933333333333334,True,0.9805517865219358,4,11607.75,4,0.9995513314913508,1.0015743421536127,1.0015743421536127,0.9820471015172056,1.0,1.0,True
DPPDQ,CHSE,Plate2,2025-06-19,2025-06-19|Plate2,DPPDQ|CHSE|Plate2|2025-06-19 11:00:02|unozonated,unozonated,500.0,2.699056854547668,23.933333333333334,True,0.9765027675475437,4,11607.75,4,0.9945142068072732,1.0134534438905074,1.0134534438905074,0.9820471015172056,1.0,1.0,True
DPPDQ,CHSE,Plate2,2025-06-19,2025-06-19|Plate2,DPPDQ|CHSE|Plate2|2025-06-19 11:00:02|unozonated,unozonated,750.0,2.8751191654625683,23.933333333333334,True,0.9864530163037626,4,11607.75,4,0.9915673121048207,1.004905423895771,1.004905423895771,0.9820471015172056,1.0,1.0,True
DPPDQ,CHSE,Plate2,2025-06-19,2025-06-19|Plate2,DPPDQ|CHSE|Plate2|2025-06-19 11:00:02|unozonated,unozonated,1000.0,3.0000434272768626,23.933333333333334,True,1.0218603949947234,4,11607.75,4,0.9894763555370277,1.0356105475071664,1.0356105475071664,0.9820471015172056,1.0,1.0,True
DPPDQ,CHSE,Plate3,2025-06-19,2025-06-19|Plate3,DPPDQ|CHSE|Plate3|2025-06-19 11:02:17|unozonated,unozonated,1.0,0.04139268515822508,23.9,True,0.9576592683033184,4,11466.5,4,1.0464513902980144,0.9540346381208199,0.9540346381208199,0.9776901457031006,0.0,1.0,True
DPPDQ,CHSE,Plate3,2025-06-19,2025-06-19|Plate3,DPPDQ|CHSE|Plate3|2025-06-19 11:02:17|unozonated,unozonated,5.0,0.7075701760979364,23.9,True,0.9635241791305107,4,11466.5,4,1.0341983577837652,0.9548532498213876,0.9548532498213876,0.9776901457031006,0.0,1.0,True
DPPDQ,CHSE,Plate3,2025-06-19,2025-06-19|Plate3,DPPDQ|CHSE|Plate3|2025-06-19 11:02:17|unozonated,unozonated,20.0,1.3031960574204888,23.9,True,1.0138882832599312,4,11466.5,4,1.0232429841942454,0.9705723790701722,0.9705723790701722,0.9776901457031006,0.0,1.0,True
DPPDQ,CHSE,Plate3,2025-06-19,2025-06-19|Plate3,DPPDQ|CHSE|Plate3|2025-06-19 11:02:17|unozonated,unozonated,50.0,1.6998377258672457,23.9,True,0.9763441329089085,4,11466.5,4,1.0159475361701333,0.9722030374294096,0.9722030374294096,0.9776901457031006,0.0,1.0,True
DPPDQ,CHSE,Plate3,2025-06-19,2025-06-19|Plate3,DPPDQ|CHSE|Plate3|2025-06-19 11:02:17|unozonated,unozonated,100.0,2.000434077479319,23.9,True,1.0129289669907993,4,11466.5,4,1.01041865397273,0.9799406543807297,0.9799406543807297,0.9776901457031006,0.0,1.0,True
DPPDQ,CHSE,Plate3,2025-06-19,2025-06-19|Plate3,DPPDQ|CHSE|Plate3|2025-06-19 11:02:17|unozonated,unozonated,250.0,2.3981136917305026,23.9,True,1.0112719661622989,4,11466.5,4,1.0031041149648146,0.9816437405104826,0.9816437405104826,0.9776901457031006,0.0,1.0,True
DPPDQ,CHSE,Plate3,2025-06-19,2025-06-19|Plate3,DPPDQ|CHSE|Plate3|2025-06-19 11:02:17|unozonated,unozonated,500.0,2.699056854547668,23.9,True,0.9910609165830899,4,11466.5,4,0.9975688538533378,0.9912613031005346,0.9912613031005346,0.9776901457031006,0.0,1.0,True
DPPDQ,CHSE,Plate3,2025-06-19,2025-06-19|Plate3,DPPDQ|CHSE|Plate3|2025-06-19 11:02:17|unozonated,unozonated,750.0,2.8751191654625683,23.9,True,0.9950726027994593,4,11466.5,4,0.9943305318603041,0.988935480090833,0.988935480090833,0.9776901457031006,0.0,1.0,True
DPPDQ,CHSE,Plate3,2025-06-19,2025-06-19|Plate3,DPPDQ|CHSE|Plate3|2025-06-19 11:02:17|unozonated,unozonated,1000.0,3.0000434272768626,23.9,True,1.0451968778615968,4,11466.5,4,0.9920327943013993,1.0202554163761293,1.0202554163761293,0.9776901457031006,0.0,1.0,True
DPPDQ,CSE,Plate1,2025-06-19,2025-06-19|Plate1,DPPDQ|CSE|Plate1|2025-06-19 10:57:42|unozonated,unozonated,1.0,0.04139268515822508,23.966666666666665,True,0.9121385916159168,4,8456.5,4,0.9871701205167487,0.9431787544010641,0.9431787544010641,0.9780041619884945,2.0,1.0,True
DPPDQ,CSE,Plate1,2025-06-19,2025-06-19|Plate1,DPPDQ|CSE|Plate1|2025-06-19 10:57:42|unozonated,unozonated,5.0,0.7075701760979364,23.966666666666665,True,0.9631348666706084,4,8456.5,4,0.9762586005370064,0.954316392720407,0.954316392720407,0.9780041619884945,2.0,1.0,True
DPPDQ,CSE,Plate1,2025-06-19,2025-06-19|Plate1,DPPDQ|CSE|Plate1|2025-06-19 10:57:42|unozonated,unozonated,20.0,1.3031960574204888,23.966666666666665,True,0.9979601489978124,4,8456.5,4,0.9665026664310148,0.9892846827550585,0.9892846827550585,0.9780041619884945,2.0,1.0,True
DPPDQ,CSE,Plate1,2025-06-19,2025-06-19|Plate1,DPPDQ|CSE|Plate1|2025-06-19 10:57:42|unozonated,unozonated,50.0,1.6998377258672457,23.966666666666665,True,0.9544137645598061,4,8456.5,4,0.9600059541449992,0.9898495763789757,0.9898495763789757,0.9780041619884945,2.0,1.0,True
DPPDQ,CSE,Plate1,2025-06-19,2025-06-19|Plate1,DPPDQ|CSE|Plate1|2025-06-19 10:57:42|unozonated,unozonated,100.0,2.000434077479319,23.966666666666665,True,0.9483237746112458,4,8456.5,4,0.9550823967731852,0.995654485982103,0.995654485982103,0.9780041619884945,2.0,1.0,True
DPPDQ,CSE,Plate1,2025-06-19,2025-06-19|Plate1,DPPDQ|CSE|Plate1|2025-06-19 10:57:42|unozonated,unozonated,250.0,2.3981136917305026,23.966666666666665,True,0.9324188494057826,4,8456.5,4,0.9485686836630094,0.9954141558383816,0.9954141558383816,0.9780041619884945,2.0,1.0,True
DPPDQ,CSE,Plate1,2025-06-19,2025-06-19|Plate1,DPPDQ|CSE|Plate1|2025-06-19 10:57:42|unozonated,unozonated,500.0,2.699056854547668,23.966666666666665,True,0.9444510140128894,4,8456.5,4,0.9436394457669433,1.001709767255297,1.001709767255297,0.9780041619884945,2.0,1.0,True
DPPDQ,CSE,Plate1,2025-06-19,2025-06-19|Plate1,DPPDQ|CSE|Plate1|2025-06-19 10:57:42|unozonated,unozonated,750.0,2.8751191654625683,23.966666666666665,True,0.9594394844202685,4,8456.5,4,0.9407556686214296,0.9904475162806915,0.9904475162806915,0.9780041619884945,2.0,1.0,True
DPPDQ,CSE,Plate1,2025-06-19,2025-06-19|Plate1,DPPDQ|CSE|Plate1|2025-06-19 10:57:42|unozonated,unozonated,1000.0,3.0000434272768626,23.966666666666665,True,1.047271329746349,4,8456.5,4,0.9387094968469699,1.0370218413642434,1.0370218413642434,0.9780041619884945,2.0,1.0,True
DPPDQ,CSE,Plate2,2025-06-19,2025-06-19|Plate2,DPPDQ|CSE|Plate2|2025-06-19 11:00:02|unozonated,unozonated,1.0,0.04139268515822508,23.933333333333334,True,0.9875233936369308,4,8415.75,4,0.9907710992410551,0.9548945427589072,0.9548945427589072,0.9820471015172056,1.0,1.0,True
DPPDQ,CSE,Plate2,2025-06-19,2025-06-19|Plate2,DPPDQ|CSE|Plate2|2025-06-19 11:00:02|unozonated,unozonated,5.0,0.7075701760979364,23.933333333333334,True,0.85304340076642,4,8415.75,4,0.9796207575879106,0.9585175246842664,0.9585175246842664,0.9820471015172056,1.0,1.0,True
DPPDQ,CSE,Plate2,2025-06-19,2025-06-19|Plate2,DPPDQ|CSE|Plate2|2025-06-19 11:00:02|unozonated,unozonated,20.0,1.3031960574204888,23.933333333333334,True,1.0286070760181802,4,8415.75,4,0.9696512942473925,0.9782395307420222,0.9782395307420222,0.9820471015172056,1.0,1.0,True
DPPDQ,CSE,Plate2,2025-06-19,2025-06-19|Plate2,DPPDQ|CSE|Plate2|2025-06-19 11:00:02|unozonated,unozonated,50.0,1.6998377258672457,23.933333333333334,True,0.9894245907970175,4,8415.75,4,0.963012387683894,0.9665098568950449,0.9665098568950449,0.9820471015172056,1.0,1.0,True
DPPDQ,CSE,Plate2,2025-06-19,2025-06-19|Plate2,DPPDQ|CSE|Plate2|2025-06-19 11:00:02|unozonated,unozonated,100.0,2.000434077479319,23.933333333333334,True,1.0171998930576598,4,8415.75,4,0.9579810678543461,0.9677052536067478,0.9677052536067478,0.9820471015172056,1.0,1.0,True
DPPDQ,CSE,Plate2,2025-06-19,2025-06-19|Plate2,DPPDQ|CSE|Plate2|2025-06-19 11:00:02|unozonated,unozonated,250.0,2.3981136917305026,23.933333333333334,True,0.9866916198793928,4,8415.75,4,0.9513247883677239,0.9570830390273907,0.9570830390273907,0.9820471015172056,1.0,1.0,True
DPPDQ,CSE,Plate2,2025-06-19,2025-06-19|Plate2,DPPDQ|CSE|Plate2|2025-06-19 11:00:02|unozonated,unozonated,500.0,2.699056854547668,23.933333333333334,True,0.9889195853013695,4,8415.75,4,0.9462876636836464,0.9634079903793608,0.9634079903793608,0.9820471015172056,1.0,1.0,True
DPPDQ,CSE,Plate2,2025-06-19,2025-06-19|Plate2,DPPDQ|CSE|Plate2|2025-06-19 11:00:02|unozonated,unozonated,750.0,2.8751191654625683,23.933333333333334,True,0.9937022844072128,4,8415.75,4,0.9433407689811939,0.9821698107767795,0.9821698107767795,0.9820471015172056,1.0,1.0,True
DPPDQ,CSE,Plate2,2025-06-19,2025-06-19|Plate2,DPPDQ|CSE|Plate2|2025-06-19 11:00:02|unozonated,unozonated,1000.0,3.0000434272768626,23.933333333333334,True,1.1017140480646406,4,8415.75,4,0.9412498124134009,1.0086514045232988,1.0086514045232988,0.9820471015172056,1.0,1.0,True
DPPDQ,CSE,Plate3,2025-06-19,2025-06-19|Plate3,DPPDQ|CSE|Plate3|2025-06-19 11:02:17|unozonated,unozonated,1.0,0.04139268515822508,23.9,True,0.9128475041294549,4,8929.75,4,0.9906725117180457,0.9689378123032071,0.9689378123032071,0.9776901457031006,0.0,1.0,True
DPPDQ,CSE,Plate3,2025-06-19,2025-06-19|Plate3,DPPDQ|CSE|Plate3|2025-06-19 11:02:17|unozonated,unozonated,5.0,0.7075701760979364,23.9,True,0.9727315994288754,4,8929.75,4,0.9784194792037967,0.9689378123032071,0.9689378123032071,0.9776901457031006,0.0,1.0,True
DPPDQ,CSE,Plate3,2025-06-19,2025-06-19|Plate3,DPPDQ|CSE|Plate3|2025-06-19 11:02:17|unozonated,unozonated,20.0,1.3031960574204888,23.9,True,1.020829250538929,4,8929.75,4,0.9674641056142768,0.9868525239351073,0.9868525239351073,0.9776901457031006,0.0,1.0,True
DPPDQ,CSE,Plate3,2025-06-19,2025-06-19|Plate3,DPPDQ|CSE|Plate3|2025-06-19 11:02:17|unozonated,unozonated,50.0,1.6998377258672457,23.9,True,0.9769030487975587,4,8929.75,4,0.9601686575901647,0.9910778686096097,0.9910778686096097,0.9776901457031006,0.0,1.0,True
DPPDQ,CSE,Plate3,2025-06-19,2025-06-19|Plate3,DPPDQ|CSE|Plate3|2025-06-19 11:02:17|unozonated,unozonated,100.0,2.000434077479319,23.9,True,0.9671323385313139,4,8929.75,4,0.9546397753927613,0.9946905062896211,0.9946905062896211,0.9776901457031006,0.0,1.0,True
DPPDQ,CSE,Plate3,2025-06-19,2025-06-19|Plate3,DPPDQ|CSE|Plate3|2025-06-19 11:02:17|unozonated,unozonated,250.0,2.3981136917305026,23.9,True,0.9629328928581427,4,8929.75,4,0.9473252363848459,0.9994657425364729,0.9994657425364729,0.9776901457031006,0.0,1.0,True
DPPDQ,CSE,Plate3,2025-06-19,2025-06-19|Plate3,DPPDQ|CSE|Plate3|2025-06-19 11:02:17|unozonated,unozonated,500.0,2.699056854547668,23.9,True,0.9568856910887763,4,8929.75,4,0.9417899752733692,1.0056507725892507,1.0056507725892507,0.9776901457031006,0.0,1.0,True
DPPDQ,CSE,Plate3,2025-06-19,2025-06-19|Plate3,DPPDQ|CSE|Plate3|2025-06-19 11:02:17|unozonated,unozonated,750.0,2.8751191654625683,23.9,True,0.9617010554606792,4,8929.75,4,0.9385516532803354,1.0077073195356219,1.0077073195356219,0.9776901457031006,0.0,1.0,True
DPPDQ,CSE,Plate3,2025-06-19,2025-06-19|Plate3,DPPDQ|CSE|Plate3|2025-06-19 11:02:17|unozonated,unozonated,1000.0,3.0000434272768626,23.9,True,1.0633556370559085,4,8929.75,4,0.9362539157214307,1.0188502972802957,1.0188502972802957,0.9776901457031006,0.0,1.0,True
IPPD,CHSE,Plate1,2024-04-18,2024-04-18|Plate1,IPPD|CHSE|Plate1|2024-04-18 10:25:57|unozonated,unozonated,0.1,-0.6989700043360187,23.816666666666666,True,1.0148935043851135,4,14167.25,4,1.0610176035576333,1.0059952463091961,1.0059952463091961,0.9776901457031006,0.0,1.0,True
IPPD,CHSE,Plate1,2024-04-18,2024-04-18|Plate1,IPPD|CHSE|Plate1|2024-04-18 10:25:57|unozonated,unozonated,0.5,-0.2218487496163564,23.816666666666666,True,0.9950413806490321,4,14167.25,4,1.0522418908882172,1.0068369531384094,1.0068369531384094,0.9776901457031006,0.0,1.0,True
IPPD,CHSE,Plate1,2024-04-18,2024-04-18|Plate1,IPPD|CHSE|Plate1|2024-04-18 10:25:57|unozonated,unozonated,1.0,0.04139268515822508,23.816666666666666,True,0.997158940514214,4,14167.25,4,1.047400079354116,1.0069447697689267,1.0069447697689267,0.9776901457031006,0.0,1.0,True
IPPD,CHSE,Plate1,2024-04-18,2024-04-18|Plate1,IPPD|CHSE|Plate1|2024-04-18 10:25:57|unozonated,unozonated,5.0,0.7075701760979364,23.816666666666666,True,0.9886181157246466,4,14167.25,4,1.035147046839867,0.9997614636558763,0.9997614636558763,0.9776901457031006,0.0,1.0,True
IPPD,CHSE,Plate1,2024-04-18,2024-04-18|Plate1,IPPD|CHSE|Plate1|2024-04-18 10:25:57|unozonated,unozonated,10.0,1.0043213737826426,23.816666666666666,True,0.9852123736081455,4,14167.25,4,1.0296888887313664,0.9982296491856857,0.9982296491856857,0.9776901457031006,0.0,1.0,True
IPPD,CHSE,Plate1,2024-04-18,2024-04-18|Plate1,IPPD|CHSE|Plate1|2024-04-18 10:25:57|unozonated,unozonated,20.0,1.3031960574204888,23.816666666666666,True,0.9537489632779826,4,14167.25,4,1.024191673250347,1.0033408569465962,1.0033408569465962,0.9776901457031006,0.0,1.0,True
IPPD,CHSE,Plate1,2024-04-18,2024-04-18|Plate1,IPPD|CHSE|Plate1|2024-04-18 10:25:57|unozonated,unozonated,50.0,1.6998377258672457,23.816666666666666,True,0.9589193386154687,4,14167.25,4,1.016896225226235,1.0080123927219882,1.0080123927219882,0.9776901457031006,0.0,1.0,True
IPPD,CHSE,Plate1,2024-04-18,2024-04-18|Plate1,IPPD|CHSE|Plate1|2024-04-18 10:25:57|unozonated,unozonated,100.0,2.000434077479319,23.816666666666666,True,0.9982177204468051,4,14167.25,4,1.0113673430288317,1.040507314711473,1.040507314711473,0.9776901457031006,0.0,1.0,True
IPPD,CHSE,Plate1,2024-04-18,2024-04-18|Plate1,IPPD|CHSE|Plate1|2024-04-18 10:25:57|unozonated,unozonated,200.0,2.3012470886362113,23.816666666666666,True,1.0978312657714095,4,14167.25,4,1.0058344758026885,1.0541243678379626,1.0541243678379626,0.9776901457031006,0.0,1.0,True
IPPD,CHSE,Plate1,2024-09-19,2024-09-19|Plate1,IPPD|CHSE|Plate1|2024-09-19 11:59:34|t25,t25,0.1,-0.6989700043360187,23.833333333333332,True,0.9601824174139649,4,13047.0,4,1.0016729865862657,0.993077998088432,0.993077998088432,0.9788687404954326,3.0,1.0,True
IPPD,CHSE,Plate1,2024-09-19,2024-09-19|Plate1,IPPD|CHSE|Plate1|2024-09-19 11:59:34|t25,t25,1.0,0.04139268515822508,23.833333333333332,True,0.9622901816509543,4,13047.0,4,0.9886217178382065,1.0075540761686497,1.0075540761686497,0.9788687404954326,3.0,1.0,True
IPPD,CHSE,Plate1,2024-09-19,2024-09-19|Plate1,IPPD|CHSE|Plate1|2024-09-19 11:59:34|t25,t25,5.0,0.7075701760979364,23.833333333333332,True,0.9756265808231778,4,13047.0,4,0.9768782013272634,1.0139472207109301,1.0139472207109301,0.9788687404954326,3.0,1.0,True
IPPD,CHSE,Plate1,2024-09-19,2024-09-19|Plate1,IPPD|CHSE|Plate1|2024-09-19 11:59:34|t25,t25,10.0,1.0043213737826426,23.833333333333332,True,1.0041772054878515,4,13047.0,4,0.9716470089843088,1.0269287812556112,1.0269287812556112,0.9788687404954326,3.0,1.0,True
IPPD,CHSE,Plate1,2024-09-19,2024-09-19|Plate1,IPPD|CHSE|Plate1|2024-09-19 11:59:34|t25,t25,20.0,1.3031960574204888,23.833333333333332,True,1.0432283283513453,4,13047.0,4,0.966378383385667,1.0272742714212098,1.0272742714212098,0.9788687404954326,3.0,1.0,True
IPPD,CHSE,Plate1,2024-09-19,2024-09-19|Plate1,IPPD|CHSE|Plate1|2024-09-19 11:59:34|t25,t25,50.0,1.6998377258672457,23.833333333333332,True,0.9839426688127538,4,13047.0,4,0.9593863008766017,1.0128459130969174,1.0128459130969174,0.9788687404954326,3.0,1.0,True
IPPD,CHSE,Plate1,2024-09-19,2024-09-19|Plate1,IPPD|CHSE|Plate1|2024-09-19 11:59:34|t25,t25,100.0,2.000434077479319,23.833333333333332,True,0.9936383843029049,4,13047.0,4,0.9540873253538681,1.015560073278978,1.015560073278978,0.9788687404954326,3.0,1.0,True
IPPD,CHSE,Plate1,2024-09-19,2024-09-19|Plate1,IPPD|CHSE|Plate1|2024-09-19 11:59:34|t25,t25,200.0,2.3012470886362113,23.833333333333332,True,1.0406415267877673,4,13047.0,4,0.9487845305112438,1.0122056035814817,1.0122056035814817,0.9788687404954326,3.0,1.0,True
IPPD,CHSE,Plate1,2024-09-19,2024-09-19|Plate1,IPPD|CHSE|Plate1|2024-09-19 11:59:34|t25,t25,400.0,2.6021685513789974,23.833333333333332,True,1.0246225185866482,4,13047.0,4,0.9434798238613205,1.0078822183493081,1.0078822183493081,0.9788687404954326,3.0,1.0,True
IPPD,CHSE,Plate2,2024-04-18,2024-04-18|Plate2,IPPD|CHSE|Plate2|2024-04-18 10:27:56|unozonated,unozonated,0.1,-0.6989700043360187,23.816666666666666,True,1.0162769008780728,4,14207.25,4,1.0540343824676974,0.9944900919187629,0.9944900919187629,0.9779225257819442,4.0,1.0,True
IPPD,CHSE,Plate2,2024-04-18,2024-04-18|Plate2,IPPD|CHSE|Plate2|2024-04-18 10:27:56|unozonated,unozonated,0.5,-0.2218487496163564,23.816666666666666,True,1.0114378222386458,4,14207.25,4,1.0450028088571524,0.9946619280411384,0.9946619280411384,0.9779225257819442,4.0,1.0,True
IPPD,CHSE,Plate2,2024-04-18,2024-04-18|Plate2,IPPD|CHSE|Plate2|2024-04-18 10:27:56|unozonated,unozonated,1.0,0.04139268515822508,23.816666666666666,True,1.0151331186542083,4,14207.25,4,1.0400198315280265,0.9951698321906398,0.9951698321906398,0.9779225257819442,4.0,1.0,True
IPPD,CHSE,Plate2,2024-04-18,2024-04-18|Plate2,IPPD|CHSE|Plate2|2024-04-18 10:27:56|unozonated,unozonated,5.0,0.7075701760979364,23.816666666666666,True,0.9900754896267749,4,14207.25,4,1.027409554816197,0.991380795663117,0.991380795663117,0.9779225257819442,4.0,1.0,True
IPPD,CHSE,Plate2,2024-04-18,2024-04-18|Plate2,IPPD|CHSE|Plate2|2024-04-18 10:27:56|unozonated,unozonated,10.0,1.0043213737826426,23.816666666666666,True,0.9676397613894314,4,14207.25,4,1.0217922609744428,0.9898064008984454,0.9898064008984454,0.9779225257819442,4.0,1.0,True
IPPD,CHSE,Plate2,2024-04-18,2024-04-18|Plate2,IPPD|CHSE|Plate2|2024-04-18 10:27:56|unozonated,unozonated,20.0,1.3031960574204888,23.816666666666666,True,1.0061940206584667,4,14207.25,4,1.0161347710200503,0.9860931642529374,0.9860931642529374,0.9779225257819442,4.0,1.0,True
IPPD,CHSE,Plate2,2024-04-18,2024-04-18|Plate2,IPPD|CHSE|Plate2|2024-04-18 10:27:56|unozonated,unozonated,50.0,1.6998377258672457,23.816666666666666,True,0.9857995037744813,4,14207.25,4,1.0086266200203824,0.9921002212798442,0.9921002212798442,0.9779225257819442,4.0,1.0,True
IPPD,CHSE,Plate2,2024-04-18,2024-04-18|Plate2,IPPD|CHSE|Plate2|2024-04-18 10:27:56|unozonated,unozonated,100.0,2.000434077479319,23.816666666666666,True,1.035210895845431,4,14207.25,4,1.0029365400883097,1.0243774381543789,1.0243774381543789,0.9779225257819442,4.0,1.0,True
IPPD,CHSE,Plate2,2024-04-18,2024-04-18|Plate2,IPPD|CHSE|Plate2|2024-04-18 10:27:56|unozonated,unozonated,200.0,2.3012470886362113,23.816666666666666,True,1.0938957222544827,4,14207.25,4,0.9972423589416963,1.0378333925256118,1.0378333925256118,0.9779225257819442,4.0,1.0,True
IPPD,CHSE,Plate2,2024-09-18,2024-09-18|Plate2,IPPD|CHSE|Plate2|2024-09-18 12:40:07|t0,t0,0.1,-0.6989700043360187,24.266666666666666,True,0.9960851913906432,4,15518.0,4,1.038054281435729,1.005470781541752,1.005470781541752,0.9776901457031006,0.0,1.0,True
IPPD,CHSE,Plate2,2024-09-18,2024-09-18|Plate2,IPPD|CHSE|Plate2|2024-09-18 12:40:07|t0,t0,1.0,0.04139268515822508,24.266666666666666,True,1.0146926150277098,4,15518.0,4,1.0244367572322117,1.0084611901490028,1.0084611901490028,0.9776901457031006,0.0,1.0,True
IPPD,CHSE,Plate2,2024-09-18,2024-09-18|Plate2,IPPD|CHSE|Plate2|2024-09-18 12:40:07|t0,t0,5.0,0.7075701760979364,24.266666666666666,True,0.9828263951540147,4,15518.0,4,1.0121837247179628,1.0094364932405289,1.0094364932405289,0.9776901457031006,0.0,1.0,True
IPPD,CHSE,Plate2,2024-09-18,2024-09-18|Plate2,IPPD|CHSE|Plate2|2024-09-18 12:40:07|t0,t0,10.0,1.0043213737826426,24.266666666666666,True,0.9664583064827942,4,15518.0,4,1.0067255666094623,1.0123310393939633,1.0123310393939633,0.9776901457031006,0.0,1.0,True
IPPD,CHSE,Plate2,2024-09-18,2024-09-18|Plate2,IPPD|CHSE|Plate2|2024-09-18 12:40:07|t0,t0,20.0,1.3031960574204888,24.266666666666666,True,0.9749001159943291,4,15518.0,4,1.001228351128443,1.014872492963479,1.014872492963479,0.9776901457031006,0.0,1.0,True
IPPD,CHSE,Plate2,2024-09-18,2024-09-18|Plate2,IPPD|CHSE|Plate2|2024-09-18 12:40:07|t0,t0,50.0,1.6998377258672457,24.266666666666666,True,0.9948608068050007,4,15518.0,4,0.9939329031043308,1.0191152937368217,1.0191152937368217,0.9776901457031006,0.0,1.0,True
IPPD,CHSE,Plate2,2024-09-18,2024-09-18|Plate2,IPPD|CHSE|Plate2|2024-09-18 12:40:07|t0,t0,100.0,2.000434077479319,24.266666666666666,True,0.9641384198994716,4,15518.0,4,0.9884040209069275,1.0241840501863166,1.0241840501863166,0.9776901457031006,0.0,1.0,True
IPPD,CHSE,Plate2,2024-09-18,2024-09-18|Plate2,IPPD|CHSE|Plate2|2024-09-18 12:40:07|t0,t0,200.0,2.3012470886362113,24.266666666666666,True,1.000370537440392,4,15518.0,4,0.9828711536807844,1.0302144253994143,1.0302144253994143,0.9776901457031006,0.0,1.0,True
IPPD,CHSE,Plate2,2024-09-18,2024-09-18|Plate2,IPPD|CHSE|Plate2|2024-09-18 12:40:07|t0,t0,400.0,2.6021685513789974,24.266666666666666,True,1.0087317953344503,4,15518.0,4,0.9773362916997504,1.0537056325090357,1.0537056325090357,0.9776901457031006,0.0,1.0,True
IPPD,CHSE,Plate2,2024-09-19,2024-09-19|Plate2,IPPD|CHSE|Plate2|2024-09-19 12:02:38|t25,t25,0.1,-0.6989700043360187,23.816666666666666,True,0.9901256732495511,4,13925.0,4,0.9941741111045715,0.9902257637552913,0.9902257637552913,0.9780041619884945,2.0,1.0,True
IPPD,CHSE,Plate2,2024-09-19,2024-09-19|Plate2,IPPD|CHSE|Plate2|2024-09-19 12:02:38|t25,t25,1.0,0.04139268515822508,23.816666666666666,True,0.9905206463195692,4,13925.0,4,0.982047489613238,0.9915419932395562,0.9915419932395562,0.9780041619884945,2.0,1.0,True
IPPD,CHSE,Plate2,2024-09-19,2024-09-19|Plate2,IPPD|CHSE|Plate2|2024-09-19 12:02:38|t25,t25,5.0,0.7075701760979364,23.816666666666666,True,1.0086355475763016,4,13925.0,4,0.9711359696334957,1.0012712807161963,1.0012712807161963,0.9780041619884945,2.0,1.0,True
IPPD,CHSE,Plate2,2024-09-19,2024-09-19|Plate2,IPPD|CHSE|Plate2|2024-09-19 12:02:38|t25,t25,10.0,1.0043213737826426,23.816666666666666,True,1.0475942549371635,4,13925.0,4,0.9662753931856461,1.0094375020039825,1.0094375020039825,0.9780041619884945,2.0,1.0,True
IPPD,CHSE,Plate2,2024-09-19,2024-09-19|Plate2,IPPD|CHSE|Plate2|2024-09-19 12:02:38|t25,t25,20.0,1.3031960574204888,23.816666666666666,True,1.0438958707360861,4,13925.0,4,0.9613800355275042,1.0128384920786624,1.0128384920786624,0.9780041619884945,2.0,1.0,True
IPPD,CHSE,Plate2,2024-09-19,2024-09-19|Plate2,IPPD|CHSE|Plate2|2024-09-19 12:02:38|t25,t25,50.0,1.6998377258672457,23.816666666666666,True,0.9872351885098742,4,13925.0,4,0.9548833232414885,1.0028173563832987,1.0028173563832987,0.9780041619884945,2.0,1.0,True
IPPD,CHSE,Plate2,2024-09-19,2024-09-19|Plate2,IPPD|CHSE|Plate2|2024-09-19 12:02:38|t25,t25,100.0,2.000434077479319,23.816666666666666,True,1.01508078994614,4,13925.0,4,0.9499597658696745,1.0070854980827897,1.0070854980827897,0.9780041619884945,2.0,1.0,True
IPPD,CHSE,Plate2,2024-09-19,2024-09-19|Plate2,IPPD|CHSE|Plate2|2024-09-19 12:02:38|t25,t25,200.0,2.3012470886362113,23.816666666666666,True,1.0038240574506283,4,13925.0,4,0.9450326597665025,1.0144556421440498,1.0144556421440498,0.9780041619884945,2.0,1.0,True
IPPD,CHSE,Plate2,2024-09-19,2024-09-19|Plate2,IPPD|CHSE|Plate2|2024-09-19 12:02:38|t25,t25,400.0,2.6021685513789974,23.816666666666666,True,1.0308617594254936,4,13925.0,4,0.9401037773024321,1.0088746296789375,1.0088746296789375,0.9780041619884945,2.0,1.0,True
IPPD,CHSE,Plate3,2024-04-18,2024-04-18|Plate3,IPPD|CHSE|Plate3|2024-04-18 10:29:56|unozonated,unozonated,0.1,-0.6989700043360187,23.8,True,0.9672828064686176,4,14701.75,4,1.0517618773772492,1.0094958739811304,1.0094958739811304,0.9788687404954326,3.0,1.0,True
IPPD,CHSE,Plate3,2024-04-18,2024-04-18|Plate3,IPPD|CHSE|Plate3|2024-04-18 10:29:56|unozonated,unozonated,0.5,-0.2218487496163564,23.8,True,0.9854949240736648,4,14701.75,4,1.043351083844405,1.0041670758182029,1.0041670758182029,0.9788687404954326,3.0,1.0,True
IPPD,CHSE,Plate3,2024-04-18,2024-04-18|Plate3,IPPD|CHSE|Plate3|2024-04-18 10:29:56|unozonated,unozonated,1.0,0.04139268515822508,23.8,True,0.9935551890081114,4,14701.75,4,1.0387106086291902,1.0030023279268925,1.0030023279268925,0.9788687404954326,3.0,1.0,True
IPPD,CHSE,Plate3,2024-04-18,2024-04-18|Plate3,IPPD|CHSE|Plate3|2024-04-18 10:29:56|unozonated,unozonated,5.0,0.7075701760979364,23.8,True,1.0305745914602005,4,14701.75,4,1.026967092118247,0.9888187888086832,0.9888187888086832,0.9788687404954326,3.0,1.0,True
IPPD,CHSE,Plate3,2024-04-18,2024-04-18|Plate3,IPPD|CHSE|Plate3|2024-04-18 10:29:56|unozonated,unozonated,10.0,1.0043213737826426,23.8,True,1.0467121261074361,4,14701.75,4,1.0217358997752923,0.9845652616654256,0.9845652616654256,0.9788687404954326,3.0,1.0,True
IPPD,CHSE,Plate3,2024-04-18,2024-04-18|Plate3,IPPD|CHSE|Plate3|2024-04-18 10:29:56|unozonated,unozonated,20.0,1.3031960574204888,23.8,True,1.0238577040148282,4,14701.75,4,1.0164672741766505,0.9849313981801258,0.9849313981801258,0.9788687404954326,3.0,1.0,True
IPPD,CHSE,Plate3,2024-04-18,2024-04-18|Plate3,IPPD|CHSE|Plate3|2024-04-18 10:29:56|unozonated,unozonated,50.0,1.6998377258672457,23.8,True,1.0075161120274798,4,14701.75,4,1.0094751916675853,0.9937769164195471,0.9937769164195471,0.9788687404954326,3.0,1.0,True
IPPD,CHSE,Plate3,2024-04-18,2024-04-18|Plate3,IPPD|CHSE|Plate3|2024-04-18 10:29:56|unozonated,unozonated,100.0,2.000434077479319,23.8,True,1.0360501300865543,4,14701.75,4,1.0041762161448515,1.0287114024176114,1.0287114024176114,0.9788687404954326,3.0,1.0,True
IPPD,CHSE,Plate3,2024-04-18,2024-04-18|Plate3,IPPD|CHSE|Plate3|2024-04-18 10:29:56|unozonated,unozonated,200.0,2.3012470886362113,23.8,True,1.1064669172037342,4,14701.75,4,0.9988734213022273,1.0462102706458947,1.0462102706458947,0.9788687404954326,3.0,1.0,True
IPPD,CHSE,Plate3,2024-09-18,2024-09-18|Plate3,IPPD|CHSE|Plate3|2024-09-18 12:43:20|t0,t0,0.1,-0.6989700043360187,24.133333333333333,True,1.0159642499422143,4,16223.75,4,1.031346202810736,0.9912654680289869,0.9912654680289869,0.9779225257819442,4.0,1.0,True
IPPD,CHSE,Plate3,2024-09-18,2024-09-18|Plate3,IPPD|CHSE|Plate3|2024-09-18 12:43:20|t0,t0,1.0,0.04139268515822508,24.133333333333333,True,1.001340627166962,4,16223.75,4,1.0173316518710653,0.9907203008665508,0.9907203008665508,0.9779225257819442,4.0,1.0,True
IPPD,CHSE,Plate3,2024-09-18,2024-09-18|Plate3,IPPD|CHSE|Plate3|2024-09-18 12:43:20|t0,t0,5.0,0.7075701760979364,24.133333333333333,True,1.0140072424686033,4,16223.75,4,1.0047213751592359,0.985274951550276,0.985274951550276,0.9779225257819442,4.0,1.0,True
IPPD,CHSE,Plate3,2024-09-18,2024-09-18|Plate3,IPPD|CHSE|Plate3|2024-09-18 12:43:20|t0,t0,10.0,1.0043213737826426,24.133333333333333,True,1.0012943986439633,4,16223.75,4,0.9991040813174815,0.9831584770193155,0.9831584770193155,0.9779225257819442,4.0,1.0,True
IPPD,CHSE,Plate3,2024-09-18,2024-09-18|Plate3,IPPD|CHSE|Plate3|2024-09-18 12:43:20|t0,t0,20.0,1.3031960574204888,24.133333333333333,True,0.9867324138993759,4,16223.75,4,0.9934465913630892,0.9885050328279864,0.9885050328279864,0.9779225257819442,4.0,1.0,True
IPPD,CHSE,Plate3,2024-09-18,2024-09-18|Plate3,IPPD|CHSE|Plate3|2024-09-18 12:43:20|t0,t0,50.0,1.6998377258672457,24.133333333333333,True,1.0160567069882118,4,16223.75,4,0.9859384403634212,0.9802574324108002,0.9802574324108002,0.9779225257819442,4.0,1.0,True
IPPD,CHSE,Plate3,2024-09-18,2024-09-18|Plate3,IPPD|CHSE|Plate3|2024-09-18 12:43:20|t0,t0,100.0,2.000434077479319,24.133333333333333,True,1.0181986285538178,4,16223.75,4,0.9802483604313484,0.9827985849418742,0.9827985849418742,0.9779225257819442,4.0,1.0,True
IPPD,CHSE,Plate3,2024-09-18,2024-09-18|Plate3,IPPD|CHSE|Plate3|2024-09-18 12:43:20|t0,t0,200.0,2.3012470886362113,24.133333333333333,True,0.9870868325756992,4,16223.75,4,0.9745541792847351,0.9927165831828358,0.9927165831828358,0.9779225257819442,4.0,1.0,True
IPPD,CHSE,Plate3,2024-09-18,2024-09-18|Plate3,IPPD|CHSE|Plate3|2024-09-18 12:43:20|t0,t0,400.0,2.6021685513789974,24.133333333333333,True,1.0435626781724325,4,16223.75,4,0.968857945225007,0.993355187379869,0.993355187379869,0.9779225257819442,4.0,1.0,True
IPPD,CHSE,Plate3,2024-09-19,2024-09-19|Plate3,IPPD|CHSE|Plate3|2024-09-19 12:05:06|t25,t25,0.1,-0.6989700043360187,23.8,True,0.9916653252490566,4,13977.75,4,1.010430301964044,0.9933530144367412,0.9933530144367412,0.9820471015172056,1.0,1.0,True
IPPD,CHSE,Plate3,2024-09-19,2024-09-19|Plate3,IPPD|CHSE|Plate3|2024-09-19 12:05:06|t25,t25,1.0,0.04139268515822508,23.8,True,1.0001073134088103,4,13977.75,4,0.9980382637349274,1.0000900194834692,1.0000900194834692,0.9820471015172056,1.0,1.0,True
IPPD,CHSE,Plate3,2024-09-19,2024-09-19|Plate3,IPPD|CHSE|Plate3|2024-09-19 12:05:06|t25,t25,5.0,0.7075701760979364,23.8,True,1.016436837116131,4,13977.75,4,0.9868879220817829,1.01083940343582,1.01083940343582,0.9820471015172056,1.0,1.0,True
IPPD,CHSE,Plate3,2024-09-19,2024-09-19|Plate3,IPPD|CHSE|Plate3|2024-09-19 12:05:06|t25,t25,10.0,1.0043213737826426,23.8,True,1.0432115326143334,4,13977.75,4,0.9819209616468141,1.0184423005353886,1.0184423005353886,0.9820471015172056,1.0,1.0,True
IPPD,CHSE,Plate3,2024-09-19,2024-09-19|Plate3,IPPD|CHSE|Plate3|2024-09-19 12:05:06|t25,t25,20.0,1.3031960574204888,23.8,True,1.055284291105507,4,13977.75,4,0.9769184587412647,1.0199526197784075,1.0199526197784075,0.9820471015172056,1.0,1.0,True
IPPD,CHSE,Plate3,2024-09-19,2024-09-19|Plate3,IPPD|CHSE|Plate3|2024-09-19 12:05:06|t25,t25,50.0,1.6998377258672457,23.8,True,0.9814526658439305,4,13977.75,4,0.9702795521777663,1.008767837796543,1.008767837796543,0.9820471015172056,1.0,1.0,True
IPPD,CHSE,Plate3,2024-09-19,2024-09-19|Plate3,IPPD|CHSE|Plate3|2024-09-19 12:05:06|t25,t25,100.0,2.000434077479319,23.8,True,1.0099801470193701,4,13977.75,4,0.9652482323482184,1.0104594233971613,1.0104594233971613,0.9820471015172056,1.0,1.0,True
IPPD,CHSE,Plate3,2024-09-19,2024-09-19|Plate3,IPPD|CHSE|Plate3|2024-09-19 12:05:06|t25,t25,200.0,2.3012470886362113,23.8,True,1.0028438053334763,4,13977.75,4,0.9602132861158275,1.0148508242553922,1.0148508242553922,0.9820471015172056,1.0,1.0,True
IPPD,CHSE,Plate3,2024-09-19,2024-09-19|Plate3,IPPD|CHSE|Plate3|2024-09-19 12:05:06|t25,t25,400.0,2.6021685513789974,23.8,True,0.9981577864820876,4,13977.75,4,0.9551765246431261,1.0083069317897024,1.0083069317897024,0.9820471015172056,1.0,1.0,True
IPPD,CSE,Plate1,2024-04-18,2024-04-18|Plate1,IPPD|CSE|Plate1|2024-04-18 10:25:57|unozonated,unozonated,0.1,-0.6989700043360187,23.816666666666666,True,0.9873553556418007,4,13978.25,4,1.0052387249776644,0.9981544204618668,0.9981544204618668,0.9776901457031006,0.0,1.0,True
IPPD,CSE,Plate1,2024-04-18,2024-04-18|Plate1,IPPD|CSE|Plate1|2024-04-18 10:25:57|unozonated,unozonated,0.5,-0.2218487496163564,23.816666666666666,True,0.9729043335181442,4,13978.25,4,0.9964630123082486,0.9953571403392717,0.9953571403392717,0.9776901457031006,0.0,1.0,True
IPPD,CSE,Plate1,2024-04-18,2024-04-18|Plate1,IPPD|CSE|Plate1|2024-04-18 10:25:57|unozonated,unozonated,1.0,0.04139268515822508,23.816666666666666,True,0.9854058984493768,4,13978.25,4,0.9916212007741474,0.9946573313957071,0.9946573313957071,0.9776901457031006,0.0,1.0,True
IPPD,CSE,Plate1,2024-04-18,2024-04-18|Plate1,IPPD|CSE|Plate1|2024-04-18 10:25:57|unozonated,unozonated,5.0,0.7075701760979364,23.816666666666666,True,0.9734587662976409,4,13978.25,4,0.9793681682598983,0.9884654969220109,0.9884654969220109,0.9776901457031006,0.0,1.0,True
IPPD,CSE,Plate1,2024-04-18,2024-04-18|Plate1,IPPD|CSE|Plate1|2024-04-18 10:25:57|unozonated,unozonated,10.0,1.0043213737826426,23.816666666666666,True,0.991057535814569,4,13978.25,4,0.9739100101513979,0.9878124814258423,0.9878124814258423,0.9776901457031006,0.0,1.0,True
IPPD,CSE,Plate1,2024-04-18,2024-04-18|Plate1,IPPD|CSE|Plate1|2024-04-18 10:25:57|unozonated,unozonated,20.0,1.3031960574204888,23.816666666666666,True,0.9823654606263302,4,13978.25,4,0.9684127946703784,0.9881371800665198,0.9881371800665198,0.9776901457031006,0.0,1.0,True
IPPD,CSE,Plate1,2024-04-18,2024-04-18|Plate1,IPPD|CSE|Plate1|2024-04-18 10:25:57|unozonated,unozonated,50.0,1.6998377258672457,23.816666666666666,True,0.9692200382737467,4,13978.25,4,0.9611173466462662,0.9939093459047279,0.9939093459047279,0.9776901457031006,0.0,1.0,True
IPPD,CSE,Plate1,2024-04-18,2024-04-18|Plate1,IPPD|CSE|Plate1|2024-04-18 10:25:57|unozonated,unozonated,100.0,2.000434077479319,23.816666666666666,True,0.9537316903045803,4,13978.25,4,0.9555884644488629,0.9939019798136366,0.9939019798136366,0.9776901457031006,0.0,1.0,True
IPPD,CSE,Plate1,2024-04-18,2024-04-18|Plate1,IPPD|CSE|Plate1|2024-04-18 10:25:57|unozonated,unozonated,200.0,2.3012470886362113,23.816666666666666,True,1.036771412730492,4,13978.25,4,0.9500555972227198,0.9935507675517903,0.9935507675517903,0.9776901457031006,0.0,1.0,True
IPPD,CSE,Plate1,2024-09-19,2024-09-19|Plate1,IPPD|CSE|Plate1|2024-09-19 11:59:34|t25,t25,0.1,-0.6989700043360187,23.833333333333332,True,0.9829833141542001,4,17380.0,4,0.9559579853922223,0.9737841117691522,0.9737841117691522,0.9788687404954326,3.0,1.0,True
IPPD,CSE,Plate1,2024-09-19,2024-09-19|Plate1,IPPD|CSE|Plate1|2024-09-19 11:59:34|t25,t25,1.0,0.04139268515822508,23.833333333333332,True,0.9942031070195627,4,17380.0,4,0.9429067166441631,0.9759313292702674,0.9759313292702674,0.9788687404954326,3.0,1.0,True
IPPD,CSE,Plate1,2024-09-19,2024-09-19|Plate1,IPPD|CSE|Plate1|2024-09-19 11:59:34|t25,t25,5.0,0.7075701760979364,23.833333333333332,True,1.008386075949367,4,17380.0,4,0.93116320013322,0.9764700155337239,0.9764700155337239,0.9788687404954326,3.0,1.0,True
IPPD,CSE,Plate1,2024-09-19,2024-09-19|Plate1,IPPD|CSE|Plate1|2024-09-19 11:59:34|t25,t25,10.0,1.0043213737826426,23.833333333333332,True,0.9874856156501726,4,17380.0,4,0.9259320077902654,0.9384650608840377,0.9384650608840377,0.9788687404954326,3.0,1.0,True
IPPD,CSE,Plate1,2024-09-19,2024-09-19|Plate1,IPPD|CSE|Plate1|2024-09-19 11:59:34|t25,t25,20.0,1.3031960574204888,23.833333333333332,True,0.9850690448791715,4,17380.0,4,0.9206633821916236,0.9198203174633786,0.9198203174633786,0.9788687404954326,3.0,1.0,True
IPPD,CSE,Plate1,2024-09-19,2024-09-19|Plate1,IPPD|CSE|Plate1|2024-09-19 11:59:34|t25,t25,50.0,1.6998377258672457,23.833333333333332,True,0.9369965477560415,4,17380.0,4,0.9136712996825582,0.8626478022721193,0.8626478022721193,0.9788687404954326,3.0,1.0,True
IPPD,CSE,Plate1,2024-09-19,2024-09-19|Plate1,IPPD|CSE|Plate1|2024-09-19 11:59:34|t25,t25,100.0,2.000434077479319,23.833333333333332,True,0.9463176064441887,4,17380.0,4,0.9083723241598246,0.8671251499787768,0.8671251499787768,0.9788687404954326,3.0,1.0,True
IPPD,CSE,Plate1,2024-09-19,2024-09-19|Plate1,IPPD|CSE|Plate1|2024-09-19 11:59:34|t25,t25,200.0,2.3012470886362113,23.833333333333332,True,0.9067462600690449,4,17380.0,4,0.9030695293172003,0.8649392156640795,0.8649392156640795,0.9788687404954326,3.0,1.0,True
IPPD,CSE,Plate1,2024-09-19,2024-09-19|Plate1,IPPD|CSE|Plate1|2024-09-19 11:59:34|t25,t25,400.0,2.6021685513789974,23.833333333333332,True,0.8931242807825086,4,17380.0,4,0.8977648226672771,0.7530225840311593,0.7530225840311593,0.9788687404954326,3.0,1.0,True
IPPD,CSE,Plate2,2024-04-18,2024-04-18|Plate2,IPPD|CSE|Plate2|2024-04-18 10:27:56|unozonated,unozonated,0.1,-0.6989700043360187,23.816666666666666,True,1.0138863444839337,4,13646.5,4,0.9984306406512383,0.983483448441474,0.983483448441474,0.9779225257819442,4.0,1.0,True
IPPD,CSE,Plate2,2024-04-18,2024-04-18|Plate2,IPPD|CSE|Plate2|2024-04-18 10:27:56|unozonated,unozonated,0.5,-0.2218487496163564,23.816666666666666,True,0.994156010698714,4,13646.5,4,0.9893990670406932,0.9822321168619815,0.9822321168619815,0.9779225257819442,4.0,1.0,True
IPPD,CSE,Plate2,2024-04-18,2024-04-18|Plate2,IPPD|CSE|Plate2|2024-04-18 10:27:56|unozonated,unozonated,1.0,0.04139268515822508,23.816666666666666,True,1.011578060308504,4,13646.5,4,0.9844160897115675,0.9820538570845055,0.9820538570845055,0.9779225257819442,4.0,1.0,True
IPPD,CSE,Plate2,2024-04-18,2024-04-18|Plate2,IPPD|CSE|Plate2|2024-04-18 10:27:56|unozonated,unozonated,5.0,0.7075701760979364,23.816666666666666,True,0.966786355475763,4,13646.5,4,0.971805812999738,0.9826319314546693,0.9826319314546693,0.9779225257819442,4.0,1.0,True
IPPD,CSE,Plate2,2024-04-18,2024-04-18|Plate2,IPPD|CSE|Plate2|2024-04-18 10:27:56|unozonated,unozonated,10.0,1.0043213737826426,23.816666666666666,True,0.9718425970028945,4,13646.5,4,0.9661885191579838,0.9836436580060378,0.9836436580060378,0.9779225257819442,4.0,1.0,True
IPPD,CSE,Plate2,2024-04-18,2024-04-18|Plate2,IPPD|CSE|Plate2|2024-04-18 10:27:56|unozonated,unozonated,20.0,1.3031960574204888,23.816666666666666,True,0.953779357344374,4,13646.5,4,0.9605310292035913,0.9839549020706242,0.9839549020706242,0.9779225257819442,4.0,1.0,True
IPPD,CSE,Plate2,2024-04-18,2024-04-18|Plate2,IPPD|CSE|Plate2|2024-04-18 10:27:56|unozonated,unozonated,50.0,1.6998377258672457,23.816666666666666,True,0.9793170409995238,4,13646.5,4,0.9530228782039234,0.9846375898714759,0.9846375898714759,0.9779225257819442,4.0,1.0,True
IPPD,CSE,Plate2,2024-04-18,2024-04-18|Plate2,IPPD|CSE|Plate2|2024-04-18 10:27:56|unozonated,unozonated,100.0,2.000434077479319,23.816666666666666,True,1.011394863151724,4,13646.5,4,0.9473327982718507,0.9847189512241524,0.9847189512241524,0.9779225257819442,4.0,1.0,True
IPPD,CSE,Plate2,2024-04-18,2024-04-18|Plate2,IPPD|CSE|Plate2|2024-04-18 10:27:56|unozonated,unozonated,200.0,2.3012470886362113,23.816666666666666,True,1.0328472502106767,4,13646.5,4,0.9416386171252373,0.9854688100286624,0.9854688100286624,0.9779225257819442,4.0,1.0,True
IPPD,CSE,Plate2,2024-09-18,2024-09-18|Plate2,IPPD|CSE|Plate2|2024-09-18 12:40:07|t0,t0,0.1,-0.6989700043360187,24.266666666666666,True,0.9613338343782758,4,12640.25,4,0.9822754028557603,0.9956058895420853,0.9956058895420853,0.9776901457031006,0.0,1.0,True
IPPD,CSE,Plate2,2024-09-18,2024-09-18|Plate2,IPPD|CSE|Plate2|2024-09-18 12:40:07|t0,t0,1.0,0.04139268515822508,24.266666666666666,True,0.9727260141215561,4,12640.25,4,0.9686578786522432,0.9912163431718436,0.9912163431718436,0.9776901457031006,0.0,1.0,True
IPPD,CSE,Plate2,2024-09-18,2024-09-18|Plate2,IPPD|CSE|Plate2|2024-09-18 12:40:07|t0,t0,5.0,0.7075701760979364,24.266666666666666,True,0.9864915646446866,4,12640.25,4,0.956404846137994,0.99038826017779,0.99038826017779,0.9776901457031006,0.0,1.0,True
IPPD,CSE,Plate2,2024-09-18,2024-09-18|Plate2,IPPD|CSE|Plate2|2024-09-18 12:40:07|t0,t0,10.0,1.0043213737826426,24.266666666666666,True,0.9749807163624137,4,12640.25,4,0.9509466880294937,0.9858347952787292,0.9858347952787292,0.9776901457031006,0.0,1.0,True
IPPD,CSE,Plate2,2024-09-18,2024-09-18|Plate2,IPPD|CSE|Plate2|2024-09-18 12:40:07|t0,t0,20.0,1.3031960574204888,24.266666666666666,True,0.9630940843733312,4,12640.25,4,0.9454494725484742,0.9794215516122493,0.9794215516122493,0.9776901457031006,0.0,1.0,True
IPPD,CSE,Plate2,2024-09-18,2024-09-18|Plate2,IPPD|CSE|Plate2|2024-09-18 12:40:07|t0,t0,50.0,1.6998377258672457,24.266666666666666,True,0.9750993849014062,4,12640.25,4,0.9381540245243621,0.9730805071121051,0.9730805071121051,0.9776901457031006,0.0,1.0,True
IPPD,CSE,Plate2,2024-09-18,2024-09-18|Plate2,IPPD|CSE|Plate2|2024-09-18 12:40:07|t0,t0,100.0,2.000434077479319,24.266666666666666,True,0.9886275983465517,4,12640.25,4,0.9326251423269588,0.9671948884496644,0.9671948884496644,0.9776901457031006,0.0,1.0,True
IPPD,CSE,Plate2,2024-09-18,2024-09-18|Plate2,IPPD|CSE|Plate2|2024-09-18 12:40:07|t0,t0,200.0,2.3012470886362113,24.266666666666666,True,0.9735369158046716,4,12640.25,4,0.9270922751008157,0.966621488543157,0.966621488543157,0.9776901457031006,0.0,1.0,True
IPPD,CSE,Plate2,2024-09-18,2024-09-18|Plate2,IPPD|CSE|Plate2|2024-09-18 12:40:07|t0,t0,400.0,2.6021685513789974,24.266666666666666,True,1.0250786179070825,4,12640.25,4,0.9215574131197818,0.966621488543157,0.966621488543157,0.9776901457031006,0.0,1.0,True
IPPD,CSE,Plate2,2024-09-19,2024-09-19|Plate2,IPPD|CSE|Plate2|2024-09-19 12:02:38|t25,t25,0.1,-0.6989700043360187,23.816666666666666,True,0.9665192097927524,4,16502.0,4,0.9496031790540463,0.9526963770510283,0.9526963770510283,0.9780041619884945,2.0,1.0,True
IPPD,CSE,Plate2,2024-09-19,2024-09-19|Plate2,IPPD|CSE|Plate2|2024-09-19 12:02:38|t25,t25,1.0,0.04139268515822508,23.816666666666666,True,0.9679584292812992,4,16502.0,4,0.9374765575627128,0.9517181416925033,0.9517181416925033,0.9780041619884945,2.0,1.0,True
IPPD,CSE,Plate2,2024-09-19,2024-09-19|Plate2,IPPD|CSE|Plate2|2024-09-19 12:02:38|t25,t25,5.0,0.7075701760979364,23.816666666666666,True,0.9969700642346382,4,16502.0,4,0.9265650375829705,0.9427301394028238,0.9427301394028238,0.9780041619884945,2.0,1.0,True
IPPD,CSE,Plate2,2024-09-19,2024-09-19|Plate2,IPPD|CSE|Plate2|2024-09-19 12:02:38|t25,t25,10.0,1.0043213737826426,23.816666666666666,True,0.9880317537268211,4,16502.0,4,0.9217044611351208,0.9240358935821753,0.9240358935821753,0.9780041619884945,2.0,1.0,True
IPPD,CSE,Plate2,2024-09-19,2024-09-19|Plate2,IPPD|CSE|Plate2|2024-09-19 12:02:38|t25,t25,20.0,1.3031960574204888,23.816666666666666,True,1.0271936734941218,4,16502.0,4,0.916809103476979,0.8891740891061952,0.8891740891061952,0.9780041619884945,2.0,1.0,True
IPPD,CSE,Plate2,2024-09-19,2024-09-19|Plate2,IPPD|CSE|Plate2|2024-09-19 12:02:38|t25,t25,50.0,1.6998377258672457,23.816666666666666,True,0.898860744152224,4,16502.0,4,0.9103123911909633,0.8411993622666434,0.8411993622666434,0.9780041619884945,2.0,1.0,True
IPPD,CSE,Plate2,2024-09-19,2024-09-19|Plate2,IPPD|CSE|Plate2|2024-09-19 12:02:38|t25,t25,100.0,2.000434077479319,23.816666666666666,True,0.960838080232699,4,16502.0,4,0.9053888338191493,0.84522143269701,0.84522143269701,0.9780041619884945,2.0,1.0,True
IPPD,CSE,Plate2,2024-09-19,2024-09-19|Plate2,IPPD|CSE|Plate2|2024-09-19 12:02:38|t25,t25,200.0,2.3012470886362113,23.816666666666666,True,0.9291298024481881,4,16502.0,4,0.9004617277159772,0.8463939399758943,0.8463939399758943,0.9780041619884945,2.0,1.0,True
IPPD,CSE,Plate2,2024-09-19,2024-09-19|Plate2,IPPD|CSE|Plate2|2024-09-19 12:02:38|t25,t25,400.0,2.6021685513789974,23.816666666666666,True,0.8218246273179008,4,16502.0,4,0.8955328452519068,0.8231592389784986,0.8231592389784986,0.9780041619884945,2.0,1.0,True
IPPD,CSE,Plate3,2024-04-18,2024-04-18|Plate3,IPPD|CSE|Plate3|2024-04-18 10:29:56|unozonated,unozonated,0.1,-0.6989700043360187,23.8,True,0.96470700152207,4,15768.0,4,1.0060468761832058,1.0031294605324543,1.0031294605324543,0.9788687404954326,3.0,1.0,True
IPPD,CSE,Plate3,2024-04-18,2024-04-18|Plate3,IPPD|CSE|Plate3|2024-04-18 10:29:56|unozonated,unozonated,0.5,-0.2218487496163564,23.8,True,0.8944222475900558,4,15768.0,4,0.9976360826503614,0.9915032143563961,0.9915032143563961,0.9788687404954326,3.0,1.0,True
IPPD,CSE,Plate3,2024-04-18,2024-04-18|Plate3,IPPD|CSE|Plate3|2024-04-18 10:29:56|unozonated,unozonated,1.0,0.04139268515822508,23.8,True,0.8769660071029934,4,15768.0,4,0.9929956074351467,0.9909445753979188,0.9909445753979188,0.9788687404954326,3.0,1.0,True
IPPD,CSE,Plate3,2024-04-18,2024-04-18|Plate3,IPPD|CSE|Plate3|2024-04-18 10:29:56|unozonated,unozonated,5.0,0.7075701760979364,23.8,True,0.9191400304414004,4,15768.0,4,0.9812520909242035,0.9775444190005197,0.9775444190005197,0.9788687404954326,3.0,1.0,True
IPPD,CSE,Plate3,2024-04-18,2024-04-18|Plate3,IPPD|CSE|Plate3|2024-04-18 10:29:56|unozonated,unozonated,10.0,1.0043213737826426,23.8,True,0.8754439370877727,4,15768.0,4,0.976020898581249,0.9787147402358761,0.9787147402358761,0.9788687404954326,3.0,1.0,True
IPPD,CSE,Plate3,2024-04-18,2024-04-18|Plate3,IPPD|CSE|Plate3|2024-04-18 10:29:56|unozonated,unozonated,20.0,1.3031960574204888,23.8,True,0.8840848554033486,4,15768.0,4,0.9707522729826071,0.9763687980322268,0.9763687980322268,0.9788687404954326,3.0,1.0,True
IPPD,CSE,Plate3,2024-04-18,2024-04-18|Plate3,IPPD|CSE|Plate3|2024-04-18 10:29:56|unozonated,unozonated,50.0,1.6998377258672457,23.8,True,0.8789954337899544,4,15768.0,4,0.9637601904735419,0.9812947617127906,0.9812947617127906,0.9788687404954326,3.0,1.0,True
IPPD,CSE,Plate3,2024-04-18,2024-04-18|Plate3,IPPD|CSE|Plate3|2024-04-18 10:29:56|unozonated,unozonated,100.0,2.000434077479319,23.8,True,0.8791064180618975,4,15768.0,4,0.9584612149508082,0.9939673543943921,0.9939673543943921,0.9788687404954326,3.0,1.0,True
IPPD,CSE,Plate3,2024-04-18,2024-04-18|Plate3,IPPD|CSE|Plate3|2024-04-18 10:29:56|unozonated,unozonated,200.0,2.3012470886362113,23.8,True,0.914462836123795,4,15768.0,4,0.9531584201081839,1.007869519802552,1.007869519802552,0.9788687404954326,3.0,1.0,True
IPPD,CSE,Plate3,2024-09-18,2024-09-18|Plate3,IPPD|CSE|Plate3|2024-09-18 12:43:20|t0,t0,0.1,-0.6989700043360187,24.133333333333333,True,1.0540329539384476,4,12168.5,4,0.9757424609942771,0.9793800860401831,0.9793800860401831,0.9779225257819442,4.0,1.0,True
IPPD,CSE,Plate3,2024-09-18,2024-09-18|Plate3,IPPD|CSE|Plate3|2024-09-18 12:43:20|t0,t0,1.0,0.04139268515822508,24.133333333333333,True,1.0055881990385012,4,12168.5,4,0.9617279100546062,0.9777964113427349,0.9777964113427349,0.9779225257819442,4.0,1.0,True
IPPD,CSE,Plate3,2024-09-18,2024-09-18|Plate3,IPPD|CSE|Plate3|2024-09-18 12:43:20|t0,t0,5.0,0.7075701760979364,24.133333333333333,True,0.9818794428236841,4,12168.5,4,0.9491176333427768,0.9773290691794727,0.9773290691794727,0.9779225257819442,4.0,1.0,True
IPPD,CSE,Plate3,2024-09-18,2024-09-18|Plate3,IPPD|CSE|Plate3|2024-09-18 12:43:20|t0,t0,10.0,1.0043213737826426,24.133333333333333,True,1.0043555080741258,4,12168.5,4,0.9435003395010225,0.9783537718748334,0.9783537718748334,0.9779225257819442,4.0,1.0,True
IPPD,CSE,Plate3,2024-09-18,2024-09-18|Plate3,IPPD|CSE|Plate3|2024-09-18 12:43:20|t0,t0,20.0,1.3031960574204888,24.133333333333333,True,1.0001438139458438,4,12168.5,4,0.9378428495466301,0.9794157509929141,0.9794157509929141,0.9779225257819442,4.0,1.0,True
IPPD,CSE,Plate3,2024-09-18,2024-09-18|Plate3,IPPD|CSE|Plate3|2024-09-18 12:43:20|t0,t0,50.0,1.6998377258672457,24.133333333333333,True,0.9805851173110901,4,12168.5,4,0.9303346985469622,0.9820708322134332,0.9820708322134332,0.9779225257819442,4.0,1.0,True
IPPD,CSE,Plate3,2024-09-18,2024-09-18|Plate3,IPPD|CSE|Plate3|2024-09-18 12:43:20|t0,t0,100.0,2.000434077479319,24.133333333333333,True,0.971915190861651,4,12168.5,4,0.9246446186148893,0.9838585582528621,0.9838585582528621,0.9779225257819442,4.0,1.0,True
IPPD,CSE,Plate3,2024-09-18,2024-09-18|Plate3,IPPD|CSE|Plate3|2024-09-18 12:43:20|t0,t0,200.0,2.3012470886362113,24.133333333333333,True,0.9016928955910752,4,12168.5,4,0.9189504374682761,0.983407849664956,0.983407849664956,0.9779225257819442,4.0,1.0,True
IPPD,CSE,Plate3,2024-09-18,2024-09-18|Plate3,IPPD|CSE|Plate3|2024-09-18 12:43:20|t0,t0,400.0,2.6021685513789974,24.133333333333333,True,0.9199983564120475,4,12168.5,4,0.913254203408548,0.9826754030906273,0.9826754030906273,0.9779225257819442,4.0,1.0,True
IPPD,CSE,Plate3,2024-09-19,2024-09-19|Plate3,IPPD|CSE|Plate3|2024-09-19 12:05:06|t25,t25,0.1,-0.6989700043360187,23.8,True,0.944113922186552,4,16976.5,4,0.962203758840417,0.9770024635787535,0.9770024635787535,0.9820471015172056,1.0,1.0,True
IPPD,CSE,Plate3,2024-09-19,2024-09-19|Plate3,IPPD|CSE|Plate3|2024-09-19 12:05:06|t25,t25,1.0,0.04139268515822508,23.8,True,0.9389155597443525,4,16976.5,4,0.9498117206113006,0.9834239320901517,0.9834239320901517,0.9820471015172056,1.0,1.0,True
IPPD,CSE,Plate3,2024-09-19,2024-09-19|Plate3,IPPD|CSE|Plate3|2024-09-19 12:05:06|t25,t25,5.0,0.7075701760979364,23.8,True,0.8504550407916827,4,16976.5,4,0.9386613789581559,0.9970886879615307,0.9970886879615307,0.9820471015172056,1.0,1.0,True
IPPD,CSE,Plate3,2024-09-19,2024-09-19|Plate3,IPPD|CSE|Plate3|2024-09-19 12:05:06|t25,t25,10.0,1.0043213737826426,23.8,True,0.781388978882573,4,16976.5,4,0.9336944185231872,0.9827004515904085,0.9827004515904085,0.9820471015172056,1.0,1.0,True
IPPD,CSE,Plate3,2024-09-19,2024-09-19|Plate3,IPPD|CSE|Plate3|2024-09-19 12:05:06|t25,t25,20.0,1.3031960574204888,23.8,True,0.7550731894088888,4,16976.5,4,0.9286919156176379,0.9744593591768561,0.9744593591768561,0.9820471015172056,1.0,1.0,True
IPPD,CSE,Plate3,2024-09-19,2024-09-19|Plate3,IPPD|CSE|Plate3|2024-09-19 12:05:06|t25,t25,50.0,1.6998377258672457,23.8,True,0.7500073631196066,4,16976.5,4,0.9220530090541393,0.931956831124173,0.931956831124173,0.9820471015172056,1.0,1.0,True
IPPD,CSE,Plate3,2024-09-19,2024-09-19|Plate3,IPPD|CSE|Plate3|2024-09-19 12:05:06|t25,t25,100.0,2.000434077479319,23.8,True,0.7353694813418549,4,16976.5,4,0.9170216892245916,0.9244509282123254,0.9244509282123254,0.9820471015172056,1.0,1.0,True
IPPD,CSE,Plate3,2024-09-19,2024-09-19|Plate3,IPPD|CSE|Plate3|2024-09-19 12:05:06|t25,t25,200.0,2.3012470886362113,23.8,True,0.7762789738756516,4,16976.5,4,0.9119867429922006,0.9058061742638537,0.9058061742638537,0.9820471015172056,1.0,1.0,True
IPPD,CSE,Plate3,2024-09-19,2024-09-19|Plate3,IPPD|CSE|Plate3|2024-09-19 12:05:06|t25,t25,400.0,2.6021685513789974,23.8,True,0.7530998733543428,4,16976.5,4,0.9069499815194991,0.8572341722347778,0.8572341722347778,0.9820471015172056,1.0,1.0,True
IPPD,RTG,Plate1,2024-10-18,2024-10-18|Plate1,IPPD|RTG|Plate1|2024-10-18 10:34:11|unozonated,unozonated,0.1,-0.6989700043360187,24.1,True,0.9900931548659905,4,39316.25,4,1.0286943375465414,0.9619426151165764,0.9619426151165764,0.9776901457031006,0.0,1.0,True
IPPD,RTG,Plate1,2024-10-18,2024-10-18|Plate1,IPPD|RTG|Plate1|2024-10-18 10:34:11|unozonated,unozonated,0.5,-0.2218487496163564,24.1,True,0.9699043016564397,4,39316.25,4,1.0199186248771255,0.9576048367754353,0.9576048367754353,0.9776901457031006,0.0,1.0,True
IPPD,RTG,Plate1,2024-10-18,2024-10-18|Plate1,IPPD|RTG|Plate1|2024-10-18 10:34:11|unozonated,unozonated,1.0,0.04139268515822508,24.1,True,0.9357326805074238,4,39316.25,4,1.0150768133430241,0.9568198614627517,0.9568198614627517,0.9776901457031006,0.0,1.0,True
IPPD,RTG,Plate1,2024-10-18,2024-10-18|Plate1,IPPD|RTG|Plate1|2024-10-18 10:34:11|unozonated,unozonated,5.0,0.7075701760979364,24.1,True,0.9859154929577465,4,39316.25,4,1.0028237808287752,0.9648967802000968,0.9648967802000968,0.9776901457031006,0.0,1.0,True
IPPD,RTG,Plate1,2024-10-18,2024-10-18|Plate1,IPPD|RTG|Plate1|2024-10-18 10:34:11|unozonated,unozonated,10.0,1.0043213737826426,24.1,True,1.030235589609894,4,39316.25,4,0.9973656227202747,0.9693861985941358,0.9693861985941358,0.9776901457031006,0.0,1.0,True
IPPD,RTG,Plate1,2024-10-18,2024-10-18|Plate1,IPPD|RTG|Plate1|2024-10-18 10:34:11|unozonated,unozonated,20.0,1.3031960574204888,24.1,True,1.0408482497694973,4,39316.25,4,0.9918684072392553,0.973441367094183,0.973441367094183,0.9776901457031006,0.0,1.0,True
IPPD,RTG,Plate1,2024-10-18,2024-10-18|Plate1,IPPD|RTG|Plate1|2024-10-18 10:34:11|unozonated,unozonated,50.0,1.6998377258672457,24.1,True,1.0074142371156964,4,39316.25,4,0.9845729592151431,0.9800775865747096,0.9800775865747096,0.9776901457031006,0.0,1.0,True
IPPD,RTG,Plate1,2024-10-18,2024-10-18|Plate1,IPPD|RTG|Plate1|2024-10-18 10:34:11|unozonated,unozonated,100.0,2.000434077479319,24.1,True,1.0002543477569708,4,39316.25,4,0.9790440770177399,0.9789602025269969,0.9789602025269969,0.9776901457031006,0.0,1.0,True
IPPD,RTG,Plate1,2024-10-18,2024-10-18|Plate1,IPPD|RTG|Plate1|2024-10-18 10:34:11|unozonated,unozonated,200.0,2.3012470886362113,24.1,True,0.997176739897625,4,39316.25,4,0.9735112097915967,0.9762190508976607,0.9762190508976607,0.9776901457031006,0.0,1.0,True
IPPD,RTG,Plate2,2024-10-18,2024-10-18|Plate2,IPPD|RTG|Plate2|2024-10-18 10:36:04|unozonated,unozonated,0.1,-0.6989700043360187,24.066666666666666,True,0.9889807507882085,4,39884.75,4,1.0324461675458494,1.0035249252759442,1.0035249252759442,0.9779225257819442,4.0,1.0,True
IPPD,RTG,Plate2,2024-10-18,2024-10-18|Plate2,IPPD|RTG|Plate2|2024-10-18 10:36:04|unozonated,unozonated,0.5,-0.2218487496163564,24.066666666666666,True,0.8896194660866622,4,39884.75,4,1.0234145939353045,1.0008014875988758,1.0008014875988758,0.9779225257819442,4.0,1.0,True
IPPD,RTG,Plate2,2024-10-18,2024-10-18|Plate2,IPPD|RTG|Plate2|2024-10-18 10:36:04|unozonated,unozonated,1.0,0.04139268515822508,24.066666666666666,True,0.958411422912266,4,39884.75,4,1.0184316166061786,0.9985432800198882,0.9985432800198882,0.9779225257819442,4.0,1.0,True
IPPD,RTG,Plate2,2024-10-18,2024-10-18|Plate2,IPPD|RTG|Plate2|2024-10-18 10:36:04|unozonated,unozonated,5.0,0.7075701760979364,24.066666666666666,True,0.9543998646099072,4,39884.75,4,1.0058213398943492,1.0052288042275803,1.0052288042275803,0.9779225257819442,4.0,1.0,True
IPPD,RTG,Plate2,2024-10-18,2024-10-18|Plate2,IPPD|RTG|Plate2|2024-10-18 10:36:04|unozonated,unozonated,10.0,1.0043213737826426,24.066666666666666,True,0.9850193369646294,4,39884.75,4,1.000204046052595,1.0204887740918158,1.0204887740918158,0.9779225257819442,4.0,1.0,True
IPPD,RTG,Plate2,2024-10-18,2024-10-18|Plate2,IPPD|RTG|Plate2|2024-10-18 10:36:04|unozonated,unozonated,20.0,1.3031960574204888,24.066666666666666,True,0.9747083785155981,4,39884.75,4,0.9945465560982025,1.024407639199857,1.024407639199857,0.9779225257819442,4.0,1.0,True
IPPD,RTG,Plate2,2024-10-18,2024-10-18|Plate2,IPPD|RTG|Plate2|2024-10-18 10:36:04|unozonated,unozonated,50.0,1.6998377258672457,24.066666666666666,True,0.9941581682221902,4,39884.75,4,0.9870384050985346,1.0203302012028395,1.0203302012028395,0.9779225257819442,4.0,1.0,True
IPPD,RTG,Plate2,2024-10-18,2024-10-18|Plate2,IPPD|RTG|Plate2|2024-10-18 10:36:04|unozonated,unozonated,100.0,2.000434077479319,24.066666666666666,True,0.9938071568707338,4,39884.75,4,0.9813483251664618,1.015538800859088,1.015538800859088,0.9779225257819442,4.0,1.0,True
IPPD,RTG,Plate2,2024-10-18,2024-10-18|Plate2,IPPD|RTG|Plate2|2024-10-18 10:36:04|unozonated,unozonated,200.0,2.3012470886362113,24.066666666666666,True,0.9663467866791192,4,39884.75,4,0.9756541440198485,1.0046670459534341,1.0046670459534341,0.9779225257819442,4.0,1.0,True
IPPD,RTG,Plate3,2024-10-18,2024-10-18|Plate3,IPPD|RTG|Plate3|2024-10-18 10:38:03|unozonated,unozonated,0.1,-0.6989700043360187,24.033333333333335,True,1.0394334460003218,4,37278.0,4,1.0168498607837722,0.975341449623881,0.975341449623881,0.9788687404954326,3.0,1.0,True
IPPD,RTG,Plate3,2024-10-18,2024-10-18|Plate3,IPPD|RTG|Plate3|2024-10-18 10:38:03|unozonated,unozonated,0.5,-0.2218487496163564,24.033333333333335,True,1.033209936155373,4,37278.0,4,1.0084390672509278,0.9600639603525406,0.9600639603525406,0.9788687404954326,3.0,1.0,True
IPPD,RTG,Plate3,2024-10-18,2024-10-18|Plate3,IPPD|RTG|Plate3|2024-10-18 10:38:03|unozonated,unozonated,1.0,0.04139268515822508,24.033333333333335,True,1.0035610816030904,4,37278.0,4,1.0037985920357129,0.9611660717415305,0.9611660717415305,0.9788687404954326,3.0,1.0,True
IPPD,RTG,Plate3,2024-10-18,2024-10-18|Plate3,IPPD|RTG|Plate3|2024-10-18 10:38:03|unozonated,unozonated,5.0,0.7075701760979364,24.033333333333335,True,1.0268388862063416,4,37278.0,4,0.9920550755247698,0.9765178859279899,0.9765178859279899,0.9788687404954326,3.0,1.0,True
IPPD,RTG,Plate3,2024-10-18,2024-10-18|Plate3,IPPD|RTG|Plate3|2024-10-18 10:38:03|unozonated,unozonated,10.0,1.0043213737826426,24.033333333333335,True,1.0380586404850045,4,37278.0,4,0.9868238831818152,0.9900332238652902,0.9900332238652902,0.9788687404954326,3.0,1.0,True
IPPD,RTG,Plate3,2024-10-18,2024-10-18|Plate3,IPPD|RTG|Plate3|2024-10-18 10:38:03|unozonated,unozonated,20.0,1.3031960574204888,24.033333333333335,True,1.0667484843607489,4,37278.0,4,0.9815552575831734,0.9910346227779837,0.9910346227779837,0.9788687404954326,3.0,1.0,True
IPPD,RTG,Plate3,2024-10-18,2024-10-18|Plate3,IPPD|RTG|Plate3|2024-10-18 10:38:03|unozonated,unozonated,50.0,1.6998377258672457,24.033333333333335,True,1.0425787327646332,4,37278.0,4,0.9745631750741082,0.9914523441771503,0.9914523441771503,0.9788687404954326,3.0,1.0,True
IPPD,RTG,Plate3,2024-10-18,2024-10-18|Plate3,IPPD|RTG|Plate3|2024-10-18 10:38:03|unozonated,unozonated,100.0,2.000434077479319,24.033333333333335,True,1.0387426900584795,4,37278.0,4,0.9692641995513744,0.9903587787536677,0.9903587787536677,0.9788687404954326,3.0,1.0,True
IPPD,RTG,Plate3,2024-10-18,2024-10-18|Plate3,IPPD|RTG|Plate3|2024-10-18 10:38:03|unozonated,unozonated,200.0,2.3012470886362113,24.033333333333335,True,1.0035476688663554,4,37278.0,4,0.9639614047087501,0.986363321221019,0.986363321221019,0.9788687404954326,3.0,1.0,True
IPPD,RTG,Plate4,2024-09-18,2024-09-18|Plate4,IPPD|RTG|Plate4|2024-09-18 12:46:11|t0,t0,0.1,-0.6989700043360187,24.066666666666666,True,0.9612347451543432,4,24377.5,4,1.0346354455656956,1.013794041082699,1.013794041082699,0.9776901457031006,0.0,1.0,True
IPPD,RTG,Plate4,2024-09-18,2024-09-18|Plate4,IPPD|RTG|Plate4|2024-09-18 12:46:11|t0,t0,1.0,0.04139268515822508,24.066666666666666,True,0.9684647728438108,4,24377.5,4,1.0210179213621784,1.0173548115732525,1.0173548115732525,0.9776901457031006,0.0,1.0,True
IPPD,RTG,Plate4,2024-09-18,2024-09-18|Plate4,IPPD|RTG|Plate4|2024-09-18 12:46:11|t0,t0,5.0,0.7075701760979364,24.066666666666666,True,0.9843913444774894,4,24377.5,4,1.0087648888479293,1.0113883608094538,1.0113883608094538,0.9776901457031006,0.0,1.0,True
IPPD,RTG,Plate4,2024-09-18,2024-09-18|Plate4,IPPD|RTG|Plate4|2024-09-18 12:46:11|t0,t0,10.0,1.0043213737826426,24.066666666666666,True,0.9596246538816532,4,24377.5,4,1.003306730739429,1.0094281879179483,1.0094281879179483,0.9776901457031006,0.0,1.0,True
IPPD,RTG,Plate4,2024-09-18,2024-09-18|Plate4,IPPD|RTG|Plate4|2024-09-18 12:46:11|t0,t0,20.0,1.3031960574204888,24.066666666666666,True,0.9872833555532765,4,24377.5,4,0.9978095152584096,1.0058236527152233,1.0058236527152233,0.9776901457031006,0.0,1.0,True
IPPD,RTG,Plate4,2024-09-18,2024-09-18|Plate4,IPPD|RTG|Plate4|2024-09-18 12:46:11|t0,t0,50.0,1.6998377258672457,24.066666666666666,True,0.974802584350323,4,24377.5,4,0.9905140672342974,1.004054772085063,1.004054772085063,0.9776901457031006,0.0,1.0,True
IPPD,RTG,Plate4,2024-09-18,2024-09-18|Plate4,IPPD|RTG|Plate4|2024-09-18 12:46:11|t0,t0,100.0,2.000434077479319,24.066666666666666,True,0.8849451338324275,4,24377.5,4,0.984985185036894,0.9920648269207144,0.9920648269207144,0.9776901457031006,0.0,1.0,True
IPPD,RTG,Plate4,2024-09-18,2024-09-18|Plate4,IPPD|RTG|Plate4|2024-09-18 12:46:11|t0,t0,200.0,2.3012470886362113,24.066666666666666,True,0.904276484463132,4,24377.5,4,0.9794523178107509,0.9771161896056733,0.9771161896056733,0.9776901457031006,0.0,1.0,True
IPPD,RTG,Plate4,2024-09-18,2024-09-18|Plate4,IPPD|RTG|Plate4|2024-09-18 12:46:11|t0,t0,400.0,2.6021685513789974,24.066666666666666,True,0.8623218131473696,4,24377.5,4,0.973917455829717,0.931961692184104,0.931961692184104,0.9776901457031006,0.0,1.0,True
IPPD,RTG,Plate4,2024-09-19,2024-09-19|Plate4,IPPD|RTG|Plate4|2024-09-19 12:07:49|t25,t25,0.1,-0.6989700043360187,23.75,True,0.9831270000323238,4,23202.75,4,0.988303133456077,0.9990993973349055,0.9990993973349055,0.9780041619884945,2.0,1.0,True
IPPD,RTG,Plate4,2024-09-19,2024-09-19|Plate4,IPPD|RTG|Plate4|2024-09-19 12:07:49|t25,t25,1.0,0.04139268515822508,23.75,True,0.9843229789572356,4,23202.75,4,0.9761765119647435,1.0138477846610812,1.0138477846610812,0.9780041619884945,2.0,1.0,True
IPPD,RTG,Plate4,2024-09-19,2024-09-19|Plate4,IPPD|RTG|Plate4|2024-09-19 12:07:49|t25,t25,5.0,0.7075701760979364,23.75,True,0.9939123595263493,4,23202.75,4,0.9652649919850013,1.0057023540520251,1.0057023540520251,0.9780041619884945,2.0,1.0,True
IPPD,RTG,Plate4,2024-09-19,2024-09-19|Plate4,IPPD|RTG|Plate4|2024-09-19 12:07:49|t25,t25,10.0,1.0043213737826426,23.75,True,0.9821034144659577,4,23202.75,4,0.9604044155371516,0.9961234295483195,0.9961234295483195,0.9780041619884945,2.0,1.0,True
IPPD,RTG,Plate4,2024-09-19,2024-09-19|Plate4,IPPD|RTG|Plate4|2024-09-19 12:07:49|t25,t25,20.0,1.3031960574204888,23.75,True,0.948712975832606,4,23202.75,4,0.9555090578790096,0.9905034435678605,0.9905034435678605,0.9780041619884945,2.0,1.0,True
IPPD,RTG,Plate4,2024-09-19,2024-09-19|Plate4,IPPD|RTG|Plate4|2024-09-19 12:07:49|t25,t25,50.0,1.6998377258672457,23.75,True,0.9338440486580254,4,23202.75,4,0.949012345592994,0.9979034847972434,0.9979034847972434,0.9780041619884945,2.0,1.0,True
IPPD,RTG,Plate4,2024-09-19,2024-09-19|Plate4,IPPD|RTG|Plate4|2024-09-19 12:07:49|t25,t25,100.0,2.000434077479319,23.75,True,0.963883591384642,4,23202.75,4,0.9440887882211799,0.9754269299525349,0.9754269299525349,0.9780041619884945,2.0,1.0,True
IPPD,RTG,Plate4,2024-09-19,2024-09-19|Plate4,IPPD|RTG|Plate4|2024-09-19 12:07:49|t25,t25,200.0,2.3012470886362113,23.75,True,0.9427330812080466,4,23202.75,4,0.939161682118008,0.9774640649827758,0.9774640649827758,0.9780041619884945,2.0,1.0,True
IPPD,RTG,Plate4,2024-09-19,2024-09-19|Plate4,IPPD|RTG|Plate4|2024-09-19 12:07:49|t25,t25,400.0,2.6021685513789974,23.75,True,0.8704032927131482,4,23202.75,4,0.9342327996539376,0.9686167414127175,0.9686167414127175,0.9780041619884945,2.0,1.0,True
IPPD,RTG,Plate5,2024-09-18,2024-09-18|Plate5,IPPD|RTG|Plate5|2024-09-18 12:48:36|t0,t0,0.1,-0.6989700043360187,24.033333333333335,True,1.0126766458711207,4,25085.5,4,1.034152464080948,0.9973577651309601,0.9973577651309601,0.9779225257819442,4.0,1.0,True
IPPD,RTG,Plate5,2024-09-18,2024-09-18|Plate5,IPPD|RTG|Plate5|2024-09-18 12:48:36|t0,t0,1.0,0.04139268515822508,24.033333333333335,True,1.051224811145881,4,25085.5,4,1.0201379131412773,1.0004241226656914,1.0004241226656914,0.9779225257819442,4.0,1.0,True
IPPD,RTG,Plate5,2024-09-18,2024-09-18|Plate5,IPPD|RTG|Plate5|2024-09-18 12:48:36|t0,t0,5.0,0.7075701760979364,24.033333333333335,True,1.0234697335113911,4,25085.5,4,1.0075276364294479,0.9966140530263013,0.9966140530263013,0.9779225257819442,4.0,1.0,True
IPPD,RTG,Plate5,2024-09-18,2024-09-18|Plate5,IPPD|RTG|Plate5|2024-09-18 12:48:36|t0,t0,10.0,1.0043213737826426,24.033333333333335,True,1.0204301289589603,4,25085.5,4,1.0019103425876936,0.994528821162643,0.994528821162643,0.9779225257819442,4.0,1.0,True
IPPD,RTG,Plate5,2024-09-18,2024-09-18|Plate5,IPPD|RTG|Plate5|2024-09-18 12:48:36|t0,t0,20.0,1.3031960574204888,24.033333333333335,True,0.9794004504594287,4,25085.5,4,0.9962528526333012,0.9964483342100222,0.9964483342100222,0.9779225257819442,4.0,1.0,True
IPPD,RTG,Plate5,2024-09-18,2024-09-18|Plate5,IPPD|RTG|Plate5|2024-09-18 12:48:36|t0,t0,50.0,1.6998377258672457,24.033333333333335,True,1.0284327599609338,4,25085.5,4,0.9887447016336331,0.9847926907113367,0.9847926907113367,0.9779225257819442,4.0,1.0,True
IPPD,RTG,Plate5,2024-09-18,2024-09-18|Plate5,IPPD|RTG|Plate5|2024-09-18 12:48:36|t0,t0,100.0,2.000434077479319,24.033333333333335,True,0.9984054533495446,4,25085.5,4,0.9830546217015604,0.94329327225956,0.94329327225956,0.9779225257819442,4.0,1.0,True
IPPD,RTG,Plate5,2024-09-18,2024-09-18|Plate5,IPPD|RTG|Plate5|2024-09-18 12:48:36|t0,t0,200.0,2.3012470886362113,24.033333333333335,True,0.9845627952402782,4,25085.5,4,0.9773604405549472,0.9264130793028668,0.9264130793028668,0.9779225257819442,4.0,1.0,True
IPPD,RTG,Plate5,2024-09-18,2024-09-18|Plate5,IPPD|RTG|Plate5|2024-09-18 12:48:36|t0,t0,400.0,2.6021685513789974,24.033333333333335,True,0.9416694903430268,4,25085.5,4,0.971664206495219,0.9147198345469675,0.9147198345469675,0.9779225257819442,4.0,1.0,True
IPPD,RTG,Plate5,2024-09-19,2024-09-19|Plate5,IPPD|RTG|Plate5|2024-09-19 12:10:28|t25,t25,0.1,-0.6989700043360187,23.733333333333334,True,0.9996697853604843,4,24983.75,4,1.0033967787559785,0.9949027196220467,0.9949027196220467,0.9820471015172056,1.0,1.0,True
IPPD,RTG,Plate5,2024-09-19,2024-09-19|Plate5,IPPD|RTG|Plate5|2024-09-19 12:10:28|t25,t25,1.0,0.04139268515822508,23.733333333333334,True,1.0124180717466353,4,24983.75,4,0.991004740526862,1.0074890562103618,1.0074890562103618,0.9820471015172056,1.0,1.0,True
IPPD,RTG,Plate5,2024-09-19,2024-09-19|Plate5,IPPD|RTG|Plate5|2024-09-19 12:10:28|t25,t25,5.0,0.7075701760979364,23.733333333333334,True,1.0088657627457849,4,24983.75,4,0.9798543988737175,1.0016239205461015,1.0016239205461015,0.9820471015172056,1.0,1.0,True
IPPD,RTG,Plate5,2024-09-19,2024-09-19|Plate5,IPPD|RTG|Plate5|2024-09-19 12:10:28|t25,t25,10.0,1.0043213737826426,23.733333333333334,True,0.989633261620053,4,24983.75,4,0.9748874384387487,0.9915217759362802,0.9915217759362802,0.9820471015172056,1.0,1.0,True
IPPD,RTG,Plate5,2024-09-19,2024-09-19|Plate5,IPPD|RTG|Plate5|2024-09-19 12:10:28|t25,t25,20.0,1.3031960574204888,23.733333333333334,True,0.9848501525991894,4,24983.75,4,0.9698849355331993,0.979138566722576,0.979138566722576,0.9820471015172056,1.0,1.0,True
IPPD,RTG,Plate5,2024-09-19,2024-09-19|Plate5,IPPD|RTG|Plate5|2024-09-19 12:10:28|t25,t25,50.0,1.6998377258672457,23.733333333333334,True,1.0204432881372894,4,24983.75,4,0.9632460289697009,0.9730644574039108,0.9730644574039108,0.9820471015172056,1.0,1.0,True
IPPD,RTG,Plate5,2024-09-19,2024-09-19|Plate5,IPPD|RTG|Plate5|2024-09-19 12:10:28|t25,t25,100.0,2.000434077479319,23.733333333333334,True,0.9694501425926851,4,24983.75,4,0.958214709140153,0.964352661357637,0.964352661357637,0.9820471015172056,1.0,1.0,True
IPPD,RTG,Plate5,2024-09-19,2024-09-19|Plate5,IPPD|RTG|Plate5|2024-09-19 12:10:28|t25,t25,200.0,2.3012470886362113,23.733333333333334,True,1.0092360034022114,4,24983.75,4,0.9531797629077621,0.9475259879796692,0.9475259879796692,0.9820471015172056,1.0,1.0,True
IPPD,RTG,Plate5,2024-09-19,2024-09-19|Plate5,IPPD|RTG|Plate5|2024-09-19 12:10:28|t25,t25,400.0,2.6021685513789974,23.733333333333334,True,0.9949867413818982,4,24983.75,4,0.9481430014350607,0.9206784622248062,0.9206784622248062,0.9820471015172056,1.0,1.0,True
IPPD,RTG,Plate6,2024-09-18,2024-09-18|Plate6,IPPD|RTG|Plate6|2024-09-18 12:50:52|t0,t0,0.1,-0.6989700043360187,24.0,True,1.0270144733664046,4,26911.5,4,1.0418756927176993,1.0085357133341164,1.0085357133341164,0.9788687404954326,3.0,1.0,True
IPPD,RTG,Plate6,2024-09-18,2024-09-18|Plate6,IPPD|RTG|Plate6|2024-09-18 12:50:52|t0,t0,1.0,0.04139268515822508,24.0,True,1.0242275607082474,4,26911.5,4,1.02882442396964,1.012327750610257,1.012327750610257,0.9788687404954326,3.0,1.0,True
IPPD,RTG,Plate6,2024-09-18,2024-09-18|Plate6,IPPD|RTG|Plate6|2024-09-18 12:50:52|t0,t0,5.0,0.7075701760979364,24.0,True,1.0197313416197535,4,26911.5,4,1.017080907458697,1.0123540206969062,1.0123540206969062,0.9788687404954326,3.0,1.0,True
IPPD,RTG,Plate6,2024-09-18,2024-09-18|Plate6,IPPD|RTG|Plate6|2024-09-18 12:50:52|t0,t0,10.0,1.0043213737826426,24.0,True,1.0237259164297792,4,26911.5,4,1.0118497151157424,1.0095724925212664,1.0095724925212664,0.9788687404954326,3.0,1.0,True
IPPD,RTG,Plate6,2024-09-18,2024-09-18|Plate6,IPPD|RTG|Plate6|2024-09-18 12:50:52|t0,t0,20.0,1.3031960574204888,24.0,True,1.032458242758672,4,26911.5,4,1.0065810895171006,0.998265615143699,0.998265615143699,0.9788687404954326,3.0,1.0,True
IPPD,RTG,Plate6,2024-09-18,2024-09-18|Plate6,IPPD|RTG|Plate6|2024-09-18 12:50:52|t0,t0,50.0,1.6998377258672457,24.0,True,1.0239302900247105,4,26911.5,4,0.9995890070080353,0.9923195307673469,0.9923195307673469,0.9788687404954326,3.0,1.0,True
IPPD,RTG,Plate6,2024-09-18,2024-09-18|Plate6,IPPD|RTG|Plate6|2024-09-18 12:50:52|t0,t0,100.0,2.000434077479319,24.0,True,0.9823309737472827,4,26911.5,4,0.9942900314853016,0.9737322009662754,0.9737322009662754,0.9788687404954326,3.0,1.0,True
IPPD,RTG,Plate6,2024-09-18,2024-09-18|Plate6,IPPD|RTG|Plate6|2024-09-18 12:50:52|t0,t0,200.0,2.3012470886362113,24.0,True,0.9627947160136001,4,26911.5,4,0.9889872366426773,0.9642592582336568,0.9642592582336568,0.9788687404954326,3.0,1.0,True
IPPD,RTG,Plate6,2024-09-18,2024-09-18|Plate6,IPPD|RTG|Plate6|2024-09-18 12:50:52|t0,t0,400.0,2.6021685513789974,24.0,True,0.914190959255337,4,26911.5,4,0.9836825299927541,0.9447607158611099,0.9447607158611099,0.9788687404954326,3.0,1.0,True
IPPD,RTG,Plate6,2024-09-19,2024-09-19|Plate6,IPPD|RTG|Plate6|2024-09-19 12:13:18|t25,t25,0.1,-0.6989700043360187,23.733333333333334,True,0.9896018284160024,4,26471.0,4,1.0016438259218705,0.9904249377079816,0.9904249377079816,0.9776901457031006,0.0,1.0,True
IPPD,RTG,Plate6,2024-09-19,2024-09-19|Plate6,IPPD|RTG|Plate6|2024-09-19 12:13:18|t25,t25,1.0,0.04139268515822508,23.733333333333334,True,1.0377583015375316,4,26471.0,4,0.9880263017183534,0.9969523808831823,0.9969523808831823,0.9776901457031006,0.0,1.0,True
IPPD,RTG,Plate6,2024-09-19,2024-09-19|Plate6,IPPD|RTG|Plate6|2024-09-19 12:13:18|t25,t25,5.0,0.7075701760979364,23.733333333333334,True,0.9878829662649693,4,26471.0,4,0.9757732692041043,1.0033388107383359,1.0033388107383359,0.9776901457031006,0.0,1.0,True
IPPD,RTG,Plate6,2024-09-19,2024-09-19|Plate6,IPPD|RTG|Plate6|2024-09-19 12:13:18|t25,t25,10.0,1.0043213737826426,23.733333333333334,True,0.9961089494163424,4,26471.0,4,0.9703151110956039,0.9971230812432069,0.9971230812432069,0.9776901457031006,0.0,1.0,True
IPPD,RTG,Plate6,2024-09-19,2024-09-19|Plate6,IPPD|RTG|Plate6|2024-09-19 12:13:18|t25,t25,20.0,1.3031960574204888,23.733333333333334,True,0.9767859166635187,4,26471.0,4,0.9648178956145845,0.9902349131954798,0.9902349131954798,0.9776901457031006,0.0,1.0,True
IPPD,RTG,Plate6,2024-09-19,2024-09-19|Plate6,IPPD|RTG|Plate6|2024-09-19 12:13:18|t25,t25,50.0,1.6998377258672457,23.733333333333334,True,0.9819708360092176,4,26471.0,4,0.9575224475904723,0.9904583804614749,0.9904583804614749,0.9776901457031006,0.0,1.0,True
IPPD,RTG,Plate6,2024-09-19,2024-09-19|Plate6,IPPD|RTG|Plate6|2024-09-19 12:13:18|t25,t25,100.0,2.000434077479319,23.733333333333334,True,0.9714498885572891,4,26471.0,4,0.951993565393069,0.9860919771869112,0.9860919771869112,0.9776901457031006,0.0,1.0,True
IPPD,RTG,Plate6,2024-09-19,2024-09-19|Plate6,IPPD|RTG|Plate6|2024-09-19 12:13:18|t25,t25,200.0,2.3012470886362113,23.733333333333334,True,0.9546390389482831,4,26471.0,4,0.9464606981669259,0.9808679809443904,0.9808679809443904,0.9776901457031006,0.0,1.0,True
IPPD,RTG,Plate6,2024-09-19,2024-09-19|Plate6,IPPD|RTG|Plate6|2024-09-19 12:13:18|t25,t25,400.0,2.6021685513789974,23.733333333333334,True,0.9630916852404519,4,26471.0,4,0.9409258361858921,0.9346199776095188,0.9346199776095188,0.9776901457031006,0.0,1.0,True
IPPDQ,CHSE,Plate1,2024-09-11,2024-09-11|Plate1,IPPDQ|CHSE|Plate1|2024-09-11 10:48:52|unozonated,unozonated,0.1,-0.6989700043360187,23.966666666666665,True,0.9415128032897001,4,15259.75,4,1.0405815066745148,1.023394316863051,1.023394316863051,0.9820471015172056,1.0,1.0,True
IPPDQ,CHSE,Plate1,2024-09-11,2024-09-11|Plate1,IPPDQ|CHSE|Plate1|2024-09-11 10:48:52|unozonated,unozonated,1.0,0.04139268515822508,23.966666666666665,True,0.9748849096479301,4,15259.75,4,1.0281894684453983,1.0233765948953915,1.0233765948953915,0.9820471015172056,1.0,1.0,True
IPPDQ,CHSE,Plate1,2024-09-11,2024-09-11|Plate1,IPPDQ|CHSE|Plate1|2024-09-11 10:48:52|unozonated,unozonated,5.0,0.7075701760979364,23.966666666666665,True,0.9276691951047691,4,15259.75,4,1.0170391267922538,1.0243212306381562,1.0243212306381562,0.9820471015172056,1.0,1.0,True
IPPDQ,CHSE,Plate1,2024-09-11,2024-09-11|Plate1,IPPDQ|CHSE|Plate1|2024-09-11 10:48:52|unozonated,unozonated,10.0,1.0043213737826426,23.966666666666665,True,0.9760644833630957,4,15259.75,4,1.0120721663572851,1.024199905511639,1.024199905511639,0.9820471015172056,1.0,1.0,True
IPPDQ,CHSE,Plate1,2024-09-11,2024-09-11|Plate1,IPPDQ|CHSE|Plate1|2024-09-11 10:48:52|unozonated,unozonated,20.0,1.3031960574204888,23.966666666666665,True,0.9207228165599043,4,15259.75,4,1.0070696634517358,1.0221824906780248,1.0221824906780248,0.9820471015172056,1.0,1.0,True
IPPDQ,CHSE,Plate1,2024-09-11,2024-09-11|Plate1,IPPDQ|CHSE|Plate1|2024-09-11 10:48:52|unozonated,unozonated,50.0,1.6998377258672457,23.966666666666665,True,0.9642851291797048,4,15259.75,4,1.0004307568882371,1.0178087751164413,1.0178087751164413,0.9820471015172056,1.0,1.0,True
IPPDQ,CHSE,Plate1,2024-09-11,2024-09-11|Plate1,IPPDQ|CHSE|Plate1|2024-09-11 10:48:52|unozonated,unozonated,100.0,2.000434077479319,23.966666666666665,True,0.96731597830895,4,15259.75,4,0.9953994370586894,1.0152363376631672,1.0152363376631672,0.9820471015172056,1.0,1.0,True
IPPDQ,CHSE,Plate1,2024-09-11,2024-09-11|Plate1,IPPDQ|CHSE|Plate1|2024-09-11 10:48:52|unozonated,unozonated,200.0,2.3012470886362113,23.966666666666665,True,0.9496715214862629,4,15259.75,4,0.9903644908262984,1.0062699295908408,1.0062699295908408,0.9820471015172056,1.0,1.0,True
IPPDQ,CHSE,Plate1,2024-09-11,2024-09-11|Plate1,IPPDQ|CHSE|Plate1|2024-09-11 10:48:52|unozonated,unozonated,400.0,2.6021685513789974,23.966666666666665,True,0.9196415406543358,4,15259.75,4,0.985327729353597,1.0152982703440006,1.0152982703440006,0.9820471015172056,1.0,1.0,True
IPPDQ,CHSE,Plate2,2024-09-11,2024-09-11|Plate2,IPPDQ|CHSE|Plate2|2024-09-11 10:50:50|unozonated,unozonated,0.1,-0.6989700043360187,23.933333333333334,True,1.0377558051954296,4,15600.25,4,1.0465934030174604,0.9792631015770629,0.9792631015770629,0.9776901457031006,0.0,1.0,True
IPPDQ,CHSE,Plate2,2024-09-11,2024-09-11|Plate2,IPPDQ|CHSE|Plate2|2024-09-11 10:50:50|unozonated,unozonated,1.0,0.04139268515822508,23.933333333333334,True,1.031890514575087,4,15600.25,4,1.0329758788139431,0.9793396186701901,0.9793396186701901,0.9776901457031006,0.0,1.0,True
IPPDQ,CHSE,Plate2,2024-09-11,2024-09-11|Plate2,IPPDQ|CHSE|Plate2|2024-09-11 10:50:50|unozonated,unozonated,5.0,0.7075701760979364,23.933333333333334,True,1.0062979759939745,4,15600.25,4,1.0207228462996942,0.9782488415749588,0.9782488415749588,0.9776901457031006,0.0,1.0,True
IPPDQ,CHSE,Plate2,2024-09-11,2024-09-11|Plate2,IPPDQ|CHSE|Plate2|2024-09-11 10:50:50|unozonated,unozonated,10.0,1.0043213737826426,23.933333333333334,True,1.0385570744058588,4,15600.25,4,1.0152646881911938,0.978518658857631,0.978518658857631,0.9776901457031006,0.0,1.0,True
IPPDQ,CHSE,Plate2,2024-09-11,2024-09-11|Plate2,IPPDQ|CHSE|Plate2|2024-09-11 10:50:50|unozonated,unozonated,20.0,1.3031960574204888,23.933333333333334,True,1.0336052306854058,4,15600.25,4,1.0097674727101742,0.9777971189911161,0.9777971189911161,0.9776901457031006,0.0,1.0,True
IPPDQ,CHSE,Plate2,2024-09-11,2024-09-11|Plate2,IPPDQ|CHSE|Plate2|2024-09-11 10:50:50|unozonated,unozonated,50.0,1.6998377258672457,23.933333333333334,True,1.0209932533132482,4,15600.25,4,1.0024720246860621,0.9769543257308764,0.9769543257308764,0.9776901457031006,0.0,1.0,True
IPPDQ,CHSE,Plate2,2024-09-11,2024-09-11|Plate2,IPPDQ|CHSE|Plate2|2024-09-11 10:50:50|unozonated,unozonated,100.0,2.000434077479319,23.933333333333334,True,1.0257848431916154,4,15600.25,4,0.9969431424886588,0.9762528474283751,0.9762528474283751,0.9776901457031006,0.0,1.0,True
IPPDQ,CHSE,Plate2,2024-09-11,2024-09-11|Plate2,IPPDQ|CHSE|Plate2|2024-09-11 10:50:50|unozonated,unozonated,200.0,2.3012470886362113,23.933333333333334,True,0.9586224579734299,4,15600.25,4,0.9914102752625157,0.9756144388466879,0.9756144388466879,0.9776901457031006,0.0,1.0,True
IPPDQ,CHSE,Plate2,2024-09-11,2024-09-11|Plate2,IPPDQ|CHSE|Plate2|2024-09-11 10:50:50|unozonated,unozonated,400.0,2.6021685513789974,23.933333333333334,True,1.0491338279835258,4,15600.25,4,0.9858754132814819,0.9732113109481111,0.9732113109481111,0.9776901457031006,0.0,1.0,True
IPPDQ,CHSE,Plate3,2024-09-11,2024-09-11|Plate3,IPPDQ|CHSE|Plate3|2024-09-11 10:53:02|unozonated,unozonated,0.1,-0.6989700043360187,23.916666666666668,True,0.9875516730364247,4,16026.25,4,1.055448232944317,1.0151616503588685,1.0151616503588685,0.9779225257819442,4.0,1.0,True
IPPDQ,CHSE,Plate3,2024-09-11,2024-09-11|Plate3,IPPDQ|CHSE|Plate3|2024-09-11 10:53:02|unozonated,unozonated,1.0,0.04139268515822508,23.916666666666668,True,1.0079400982762654,4,16026.25,4,1.0414336820046461,1.016789512047634,1.016789512047634,0.9779225257819442,4.0,1.0,True
IPPDQ,CHSE,Plate3,2024-09-11,2024-09-11|Plate3,IPPDQ|CHSE|Plate3|2024-09-11 10:53:02|unozonated,unozonated,5.0,0.7075701760979364,23.916666666666668,True,0.9973948989938383,4,16026.25,4,1.0288234052928167,1.0154467169455919,1.0154467169455919,0.9779225257819442,4.0,1.0,True
IPPDQ,CHSE,Plate3,2024-09-11,2024-09-11|Plate3,IPPDQ|CHSE|Plate3|2024-09-11 10:53:02|unozonated,unozonated,10.0,1.0043213737826426,23.916666666666668,True,0.9835114265657905,4,16026.25,4,1.0232061114510624,1.0196697353511057,1.0196697353511057,0.9779225257819442,4.0,1.0,True
IPPDQ,CHSE,Plate3,2024-09-11,2024-09-11|Plate3,IPPDQ|CHSE|Plate3|2024-09-11 10:53:02|unozonated,unozonated,20.0,1.3031960574204888,23.916666666666668,True,0.9862413228297324,4,16026.25,4,1.01754862149667,1.0151522028362017,1.0151522028362017,0.9779225257819442,4.0,1.0,True
IPPDQ,CHSE,Plate3,2024-09-11,2024-09-11|Plate3,IPPDQ|CHSE|Plate3|2024-09-11 10:53:02|unozonated,unozonated,50.0,1.6998377258672457,23.916666666666668,True,1.0084548787146088,4,16026.25,4,1.010040470497002,1.0110686662519628,1.0110686662519628,0.9779225257819442,4.0,1.0,True
IPPDQ,CHSE,Plate3,2024-09-11,2024-09-11|Plate3,IPPDQ|CHSE|Plate3|2024-09-11 10:53:02|unozonated,unozonated,100.0,2.000434077479319,23.916666666666668,True,0.9955073707199126,4,16026.25,4,1.0043503905649294,1.0107563266152682,1.0107563266152682,0.9779225257819442,4.0,1.0,True
IPPDQ,CHSE,Plate3,2024-09-11,2024-09-11|Plate3,IPPDQ|CHSE|Plate3|2024-09-11 10:53:02|unozonated,unozonated,200.0,2.3012470886362113,23.916666666666668,True,0.9504250838468138,4,16026.25,4,0.998656209418316,1.0015005825365808,1.0015005825365808,0.9779225257819442,4.0,1.0,True
IPPDQ,CHSE,Plate3,2024-09-11,2024-09-11|Plate3,IPPDQ|CHSE|Plate3|2024-09-11 10:53:02|unozonated,unozonated,400.0,2.6021685513789974,23.916666666666668,True,0.9919039076515093,4,16026.25,4,0.9929599753585879,1.0032544169544568,1.0032544169544568,0.9779225257819442,4.0,1.0,True
IPPDQ,CSE,Plate1,2024-09-11,2024-09-11|Plate1,IPPDQ|CSE|Plate1|2024-09-11 10:48:52|unozonated,unozonated,0.1,-0.6989700043360187,23.966666666666665,True,1.0510167248225244,4,12466.5,4,0.9923549635508879,1.0276343270265818,1.0276343270265818,0.9820471015172056,1.0,1.0,True
IPPDQ,CSE,Plate1,2024-09-11,2024-09-11|Plate1,IPPDQ|CSE|Plate1|2024-09-11 10:48:52|unozonated,unozonated,1.0,0.04139268515822508,23.966666666666665,True,1.0836842738539285,4,12466.5,4,0.9799629253217715,1.0286031819432875,1.0286031819432875,0.9820471015172056,1.0,1.0,True
IPPDQ,CSE,Plate1,2024-09-11,2024-09-11|Plate1,IPPDQ|CSE|Plate1|2024-09-11 10:48:52|unozonated,unozonated,5.0,0.7075701760979364,23.966666666666665,True,1.0925079212288935,4,12466.5,4,0.968812583668627,1.0327459245667887,1.0327459245667887,0.9820471015172056,1.0,1.0,True
IPPDQ,CSE,Plate1,2024-09-11,2024-09-11|Plate1,IPPDQ|CSE|Plate1|2024-09-11 10:48:52|unozonated,unozonated,10.0,1.0043213737826426,23.966666666666665,True,1.052260056952633,4,12466.5,4,0.9638456232336582,1.034449073021488,1.034449073021488,0.9820471015172056,1.0,1.0,True
IPPDQ,CSE,Plate1,2024-09-11,2024-09-11|Plate1,IPPDQ|CSE|Plate1|2024-09-11 10:48:52|unozonated,unozonated,20.0,1.3031960574204888,23.966666666666665,True,1.0591384911562989,4,12466.5,4,0.9588431203281088,1.0294816191693348,1.0294816191693348,0.9820471015172056,1.0,1.0,True
IPPDQ,CSE,Plate1,2024-09-11,2024-09-11|Plate1,IPPDQ|CSE|Plate1|2024-09-11 10:48:52|unozonated,unozonated,50.0,1.6998377258672457,23.966666666666665,True,1.0311234107407854,4,12466.5,4,0.9522042137646103,1.009607611891974,1.009607611891974,0.9820471015172056,1.0,1.0,True
IPPDQ,CSE,Plate1,2024-09-11,2024-09-11|Plate1,IPPDQ|CSE|Plate1|2024-09-11 10:48:52|unozonated,unozonated,100.0,2.000434077479319,23.966666666666665,True,1.0230417518950787,4,12466.5,4,0.9471728939350625,0.9942222304633708,0.9942222304633708,0.9820471015172056,1.0,1.0,True
IPPDQ,CSE,Plate1,2024-09-11,2024-09-11|Plate1,IPPDQ|CSE|Plate1|2024-09-11 10:48:52|unozonated,unozonated,200.0,2.3012470886362113,23.966666666666665,True,0.9561625155416515,4,12466.5,4,0.9421379477026716,0.9580593988834301,0.9580593988834301,0.9820471015172056,1.0,1.0,True
IPPDQ,CSE,Plate1,2024-09-11,2024-09-11|Plate1,IPPDQ|CSE|Plate1|2024-09-11 10:48:52|unozonated,unozonated,400.0,2.6021685513789974,23.966666666666665,True,0.8798379657482052,4,12466.5,4,0.9371011862299701,0.9370702317797097,0.9370702317797097,0.9820471015172056,1.0,1.0,True
IPPDQ,CSE,Plate2,2024-09-11,2024-09-11|Plate2,IPPDQ|CSE|Plate2|2024-09-11 10:50:50|unozonated,unozonated,0.1,-0.6989700043360187,23.933333333333334,True,1.0073571486961497,4,12233.0,4,0.9908145244374917,1.042203583505949,1.042203583505949,0.9776901457031006,0.0,1.0,True
IPPDQ,CSE,Plate2,2024-09-11,2024-09-11|Plate2,IPPDQ|CSE|Plate2|2024-09-11 10:50:50|unozonated,unozonated,1.0,0.04139268515822508,23.933333333333334,True,1.026690100547699,4,12233.0,4,0.9771970002339745,1.044525168443322,1.044525168443322,0.9776901457031006,0.0,1.0,True
IPPDQ,CSE,Plate2,2024-09-11,2024-09-11|Plate2,IPPDQ|CSE|Plate2|2024-09-11 10:50:50|unozonated,unozonated,5.0,0.7075701760979364,23.933333333333334,True,1.0644976702362463,4,12233.0,4,0.9649439677197255,1.0445827969245143,1.0445827969245143,0.9776901457031006,0.0,1.0,True
IPPDQ,CSE,Plate2,2024-09-11,2024-09-11|Plate2,IPPDQ|CSE|Plate2|2024-09-11 10:50:50|unozonated,unozonated,10.0,1.0043213737826426,23.933333333333334,True,1.0254639090983406,4,12233.0,4,0.959485809611225,1.0450607324647707,1.0450607324647707,0.9776901457031006,0.0,1.0,True
IPPDQ,CSE,Plate2,2024-09-11,2024-09-11|Plate2,IPPDQ|CSE|Plate2|2024-09-11 10:50:50|unozonated,unozonated,20.0,1.3031960574204888,23.933333333333334,True,1.0426305893893566,4,12233.0,4,0.9539885941302056,1.0425564855005518,1.0425564855005518,0.9776901457031006,0.0,1.0,True
IPPDQ,CSE,Plate2,2024-09-11,2024-09-11|Plate2,IPPDQ|CSE|Plate2|2024-09-11 10:50:50|unozonated,unozonated,50.0,1.6998377258672457,23.933333333333334,True,1.0508869451483691,4,12233.0,4,0.9466931461060935,1.0238518617806918,1.0238518617806918,0.9776901457031006,0.0,1.0,True
IPPDQ,CSE,Plate2,2024-09-11,2024-09-11|Plate2,IPPDQ|CSE|Plate2|2024-09-11 10:50:50|unozonated,unozonated,100.0,2.000434077479319,23.933333333333334,True,0.9817910569770294,4,12233.0,4,0.9411642639086901,1.0043954365231378,1.0043954365231378,0.9776901457031006,0.0,1.0,True
IPPDQ,CSE,Plate2,2024-09-11,2024-09-11|Plate2,IPPDQ|CSE|Plate2|2024-09-11 10:50:50|unozonated,unozonated,200.0,2.3012470886362113,23.933333333333334,True,0.9150453690836262,4,12233.0,4,0.935631396682547,0.9795697326619199,0.9795697326619199,0.9776901457031006,0.0,1.0,True
IPPDQ,CSE,Plate2,2024-09-11,2024-09-11|Plate2,IPPDQ|CSE|Plate2|2024-09-11 10:50:50|unozonated,unozonated,400.0,2.6021685513789974,23.933333333333334,True,0.8925856290362135,4,12233.0,4,0.9300965347015132,0.9742489067539646,0.9742489067539646,0.9776901457031006,0.0,1.0,True
IPPDQ,CSE,Plate3,2024-09-11,2024-09-11|Plate3,IPPDQ|CSE|Plate3|2024-09-11 10:53:02|unozonated,unozonated,0.1,-0.6989700043360187,23.916666666666668,True,1.0595385053651125,4,10531.0,4,0.999844491127858,1.028941805653451,1.028941805653451,0.9779225257819442,4.0,1.0,True
IPPDQ,CSE,Plate3,2024-09-11,2024-09-11|Plate3,IPPDQ|CSE|Plate3|2024-09-11 10:53:02|unozonated,unozonated,1.0,0.04139268515822508,23.916666666666668,True,1.000189915487608,4,10531.0,4,0.9858299401881871,1.0317032186970563,1.0317032186970563,0.9779225257819442,4.0,1.0,True
IPPDQ,CSE,Plate3,2024-09-11,2024-09-11|Plate3,IPPDQ|CSE|Plate3|2024-09-11 10:53:02|unozonated,unozonated,5.0,0.7075701760979364,23.916666666666668,True,1.012937992593296,4,10531.0,4,0.9732196634763577,1.0333742547039315,1.0333742547039315,0.9779225257819442,4.0,1.0,True
IPPDQ,CSE,Plate3,2024-09-11,2024-09-11|Plate3,IPPDQ|CSE|Plate3|2024-09-11 10:53:02|unozonated,unozonated,10.0,1.0043213737826426,23.916666666666668,True,1.0739720824233217,4,10531.0,4,0.9676023696346034,1.033109550402418,1.033109550402418,0.9779225257819442,4.0,1.0,True
IPPDQ,CSE,Plate3,2024-09-11,2024-09-11|Plate3,IPPDQ|CSE|Plate3|2024-09-11 10:53:02|unozonated,unozonated,20.0,1.3031960574204888,23.916666666666668,True,1.0587313645427785,4,10531.0,4,0.9619448796802111,1.0309902218301588,1.0309902218301588,0.9779225257819442,4.0,1.0,True
IPPDQ,CSE,Plate3,2024-09-11,2024-09-11|Plate3,IPPDQ|CSE|Plate3|2024-09-11 10:53:02|unozonated,unozonated,50.0,1.6998377258672457,23.916666666666668,True,1.0434906466622353,4,10531.0,4,0.9544367286805431,1.0204222012074315,1.0204222012074315,0.9779225257819442,4.0,1.0,True
IPPDQ,CSE,Plate3,2024-09-11,2024-09-11|Plate3,IPPDQ|CSE|Plate3|2024-09-11 10:53:02|unozonated,unozonated,100.0,2.000434077479319,23.916666666666668,True,1.013294084132561,4,10531.0,4,0.9487466487484704,0.9962521726059766,0.9962521726059766,0.9779225257819442,4.0,1.0,True
IPPDQ,CSE,Plate3,2024-09-11,2024-09-11|Plate3,IPPDQ|CSE|Plate3|2024-09-11 10:53:02|unozonated,unozonated,200.0,2.3012470886362113,23.916666666666668,True,0.9878928876649891,4,10531.0,4,0.943052467601857,0.9498096241651807,0.9498096241651807,0.9779225257819442,4.0,1.0,True
IPPDQ,CSE,Plate3,2024-09-11,2024-09-11|Plate3,IPPDQ|CSE|Plate3|2024-09-11 10:53:02|unozonated,unozonated,400.0,2.6021685513789974,23.916666666666668,True,0.9264077485518944,4,10531.0,4,0.9373562335421289,0.9197883496645041,0.9197883496645041,0.9779225257819442,4.0,1.0,True
IPPDQ,RTG,Plate4,2024-09-11,2024-09-11|Plate4,IPPDQ|RTG|Plate4|2024-09-11 10:55:18|unozonated,unozonated,0.1,-0.6989700043360187,23.9,True,0.9901119472142936,4,26977.0,4,1.0335479834664494,0.9825725413562137,0.9825725413562137,0.9820471015172056,1.0,1.0,True
IPPDQ,RTG,Plate4,2024-09-11,2024-09-11|Plate4,IPPDQ|RTG|Plate4|2024-09-11 10:55:18|unozonated,unozonated,1.0,0.04139268515822508,23.9,True,0.989991474218779,4,26977.0,4,1.0211559452373329,0.9808194699426425,0.9808194699426425,0.9820471015172056,1.0,1.0,True
IPPDQ,RTG,Plate4,2024-09-11,2024-09-11|Plate4,IPPDQ|RTG|Plate4|2024-09-11 10:55:18|unozonated,unozonated,5.0,0.7075701760979364,23.9,True,0.9708084664714386,4,26977.0,4,1.0100056035841884,0.9723835802331712,0.9723835802331712,0.9820471015172056,1.0,1.0,True
IPPDQ,RTG,Plate4,2024-09-11,2024-09-11|Plate4,IPPDQ|RTG|Plate4|2024-09-11 10:55:18|unozonated,unozonated,10.0,1.0043213737826426,23.9,True,1.0263650517107166,4,26977.0,4,1.0050386431492198,0.970954690168364,0.970954690168364,0.9820471015172056,1.0,1.0,True
IPPDQ,RTG,Plate4,2024-09-11,2024-09-11|Plate4,IPPDQ|RTG|Plate4|2024-09-11 10:55:18|unozonated,unozonated,20.0,1.3031960574204888,23.9,True,1.0318234051228825,4,26977.0,4,1.0000361402436704,0.9645444097927659,0.9645444097927659,0.9820471015172056,1.0,1.0,True
IPPDQ,RTG,Plate4,2024-09-11,2024-09-11|Plate4,IPPDQ|RTG|Plate4|2024-09-11 10:55:18|unozonated,unozonated,50.0,1.6998377258672457,23.9,True,1.018450902620751,4,26977.0,4,0.9933972336801719,0.9530380393837419,0.9530380393837419,0.9820471015172056,1.0,1.0,True
IPPDQ,RTG,Plate4,2024-09-11,2024-09-11|Plate4,IPPDQ|RTG|Plate4|2024-09-11 10:55:18|unozonated,unozonated,100.0,2.000434077479319,23.9,True,0.9995273751714424,4,26977.0,4,0.988365913850624,0.9470237367770213,0.9470237367770213,0.9820471015172056,1.0,1.0,True
IPPDQ,RTG,Plate4,2024-09-11,2024-09-11|Plate4,IPPDQ|RTG|Plate4|2024-09-11 10:55:18|unozonated,unozonated,200.0,2.3012470886362113,23.9,True,1.0256607480446307,4,26977.0,4,0.9833309676182331,0.9453403551879842,0.9453403551879842,0.9820471015172056,1.0,1.0,True
IPPDQ,RTG,Plate4,2024-09-11,2024-09-11|Plate4,IPPDQ|RTG|Plate4|2024-09-11 10:55:18|unozonated,unozonated,400.0,2.6021685513789974,23.9,True,1.0126496645290433,4,26977.0,4,0.9782942061455316,0.9453403551879842,0.9453403551879842,0.9820471015172056,1.0,1.0,True
IPPDQ,RTG,Plate5,2024-09-11,2024-09-11|Plate5,IPPDQ|RTG|Plate5|2024-09-11 10:56:54|unozonated,unozonated,0.1,-0.6989700043360187,23.866666666666667,True,0.9761192580363213,4,25742.5,4,1.0352009312464454,0.9602327513650418,0.9602327513650418,0.9776901457031006,0.0,1.0,True
IPPDQ,RTG,Plate5,2024-09-11,2024-09-11|Plate5,IPPDQ|RTG|Plate5|2024-09-11 10:56:54|unozonated,unozonated,1.0,0.04139268515822508,23.866666666666667,True,1.007176847625522,4,25742.5,4,1.0215834070429282,0.9586095140143314,0.9586095140143314,0.9776901457031006,0.0,1.0,True
IPPDQ,RTG,Plate5,2024-09-11,2024-09-11|Plate5,IPPDQ|RTG|Plate5|2024-09-11 10:56:54|unozonated,unozonated,5.0,0.7075701760979364,23.866666666666667,True,0.9709624162377392,4,25742.5,4,1.0093303745286792,0.9504039878591963,0.9504039878591963,0.9776901457031006,0.0,1.0,True
IPPDQ,RTG,Plate5,2024-09-11,2024-09-11|Plate5,IPPDQ|RTG|Plate5|2024-09-11 10:56:54|unozonated,unozonated,10.0,1.0043213737826426,23.866666666666667,True,1.0140720598232495,4,25742.5,4,1.0038722164201788,0.9437140929599498,0.9437140929599498,0.9776901457031006,0.0,1.0,True
IPPDQ,RTG,Plate5,2024-09-11,2024-09-11|Plate5,IPPDQ|RTG|Plate5|2024-09-11 10:56:54|unozonated,unozonated,20.0,1.3031960574204888,23.866666666666667,True,1.0090608915218024,4,25742.5,4,0.9983750009391593,0.9313230257710582,0.9313230257710582,0.9776901457031006,0.0,1.0,True
IPPDQ,RTG,Plate5,2024-09-11,2024-09-11|Plate5,IPPDQ|RTG|Plate5|2024-09-11 10:56:54|unozonated,unozonated,50.0,1.6998377258672457,23.866666666666667,True,0.9928328639409537,4,25742.5,4,0.9910795529150471,0.9195233461802623,0.9195233461802623,0.9776901457031006,0.0,1.0,True
IPPDQ,RTG,Plate5,2024-09-11,2024-09-11|Plate5,IPPDQ|RTG|Plate5|2024-09-11 10:56:54|unozonated,unozonated,100.0,2.000434077479319,23.866666666666667,True,0.9693988540351559,4,25742.5,4,0.9855506707176438,0.9135189423497204,0.9135189423497204,0.9776901457031006,0.0,1.0,True
IPPDQ,RTG,Plate5,2024-09-11,2024-09-11|Plate5,IPPDQ|RTG|Plate5|2024-09-11 10:56:54|unozonated,unozonated,200.0,2.3012470886362113,23.866666666666667,True,0.9471982130717684,4,25742.5,4,0.9800178034915007,0.9156905306020239,0.9156905306020239,0.9776901457031006,0.0,1.0,True
IPPDQ,RTG,Plate5,2024-09-11,2024-09-11|Plate5,IPPDQ|RTG|Plate5|2024-09-11 10:56:54|unozonated,unozonated,400.0,2.6021685513789974,23.866666666666667,True,0.987841118772458,4,25742.5,4,0.9744829415104669,0.9153237664607976,0.9153237664607976,0.9776901457031006,0.0,1.0,True
IPPDQ,RTG,Plate6,2024-09-11,2024-09-11|Plate6,IPPDQ|RTG|Plate6|2024-09-11 10:58:30|unozonated,unozonated,0.1,-0.6989700043360187,23.866666666666667,True,1.0078342205650985,4,23199.5,4,1.054769569044235,0.9885484659443416,0.9885484659443416,0.9779225257819442,4.0,1.0,True
IPPDQ,RTG,Plate6,2024-09-11,2024-09-11|Plate6,IPPDQ|RTG|Plate6|2024-09-11 10:58:30|unozonated,unozonated,1.0,0.04139268515822508,23.866666666666667,True,0.990064441043988,4,23199.5,4,1.0407550181045642,0.989643632039772,0.989643632039772,0.9779225257819442,4.0,1.0,True
IPPDQ,RTG,Plate6,2024-09-11,2024-09-11|Plate6,IPPDQ|RTG|Plate6|2024-09-11 10:58:30|unozonated,unozonated,5.0,0.7075701760979364,23.866666666666667,True,0.9401064678118063,4,23199.5,4,1.0281447413927347,0.988777302810459,0.988777302810459,0.9779225257819442,4.0,1.0,True
IPPDQ,RTG,Plate6,2024-09-11,2024-09-11|Plate6,IPPDQ|RTG|Plate6|2024-09-11 10:58:30|unozonated,unozonated,10.0,1.0043213737826426,23.866666666666667,True,0.9668742860837518,4,23199.5,4,1.0225274475509805,0.9918633540212903,0.9918633540212903,0.9779225257819442,4.0,1.0,True
IPPDQ,RTG,Plate6,2024-09-11,2024-09-11|Plate6,IPPDQ|RTG|Plate6|2024-09-11 10:58:30|unozonated,unozonated,20.0,1.3031960574204888,23.866666666666667,True,0.933759348261816,4,23199.5,4,1.016869957596588,0.9903941079600987,0.9903941079600987,0.9779225257819442,4.0,1.0,True
IPPDQ,RTG,Plate6,2024-09-11,2024-09-11|Plate6,IPPDQ|RTG|Plate6|2024-09-11 10:58:30|unozonated,unozonated,50.0,1.6998377258672457,23.866666666666667,True,0.8698355568007932,4,23199.5,4,1.00936180659692,0.9872353986874879,0.9872353986874879,0.9779225257819442,4.0,1.0,True
IPPDQ,RTG,Plate6,2024-09-11,2024-09-11|Plate6,IPPDQ|RTG|Plate6|2024-09-11 10:58:30|unozonated,unozonated,100.0,2.000434077479319,23.866666666666667,True,0.8754930063147912,4,23199.5,4,1.0036717266648474,0.9818394351447862,0.9818394351447862,0.9779225257819442,4.0,1.0,True
IPPDQ,RTG,Plate6,2024-09-11,2024-09-11|Plate6,IPPDQ|RTG|Plate6|2024-09-11 10:58:30|unozonated,unozonated,200.0,2.3012470886362113,23.866666666666667,True,0.9493954611090757,4,23199.5,4,0.997977545518234,0.9814908152937089,0.9814908152937089,0.9779225257819442,4.0,1.0,True
IPPDQ,RTG,Plate6,2024-09-11,2024-09-11|Plate6,IPPDQ|RTG|Plate6|2024-09-11 10:58:30|unozonated,unozonated,400.0,2.6021685513789974,23.866666666666667,True,0.8652772689066575,4,23199.5,4,0.9922813114585058,0.9814518769622546,0.9814518769622546,0.9779225257819442,4.0,1.0,True
